{
	"parent": "item/generated",
	"textures": {
		"0": "stoupgun:item/metal_bright",
		"1": "stoupgun:item/brass"
	},
	"credit": "thebradqq's guns",
	"elements": [
		{
			"from": [
				9.8314,
				-0.71899,
				7.70219
			],
			"to": [
				10.15666,
				0.71899,
				8.29781
			],
			"rotation": {
				"angle": 0,
				"axis": "y",
				"origin": [7.03142,0,8]
			},
			"faces": {
				"east": {"uv": [9.5,7.25,10.25,8.25],"texture": "#1"},
				"up": {"uv": [1.25,3.75,1.75,4.5],"rotation": 180,"texture": "#1"},
				"down": {"uv": [6.25,7.75,6.75,8.5],"texture": "#1"}
			}
		},
		{
			"from": [
				4.43681,
				-0.08512,
				7.57204
			],
			"to": [
				4.50528,
				0.08512,
				8.42797
			],
			"rotation": {
				"angle": 0,
				"axis": "y",
				"origin": [7.03142,0,8]
			},
			"faces": {
				"north": {"uv": [6.25,4.5,6.5,5],"texture": "#0"},
				"south": {"uv": [6.25,4.5,6.5,5],"texture": "#0"},
				"west": {"uv": [6.25,4.5,6.75,5],"texture": "#0"}
			}
		},
		{
			"from": [
				4.43674,
				-0.08513,
				7.57203
			],
			"to": [
				4.50521,
				0.08513,
				8.42796
			],
			"rotation": {
				"angle": 22.5,
				"axis": "x",
				"origin": [7.03142,0,8]
			},
			"faces": {
				"north": {"uv": [7.25,4.25,7.5,4.75],"texture": "#0"},
				"south": {"uv": [6.25,5,6.5,5.5],"texture": "#0"},
				"west": {"uv": [9.25,4.5,9.75,5.25],"rotation": 270,"texture": "#0"}
			}
		},
		{
			"from": [
				4.43674,
				-0.08513,
				7.57204
			],
			"to": [
				4.50521,
				0.08513,
				8.42797
			],
			"rotation": {
				"angle": -22.5,
				"axis": "x",
				"origin": [7.03142,0,8]
			},
			"faces": {
				"north": {"uv": [6.25,5,6.5,5.5],"texture": "#0"},
				"south": {"uv": [7.25,4.25,7.5,4.75],"texture": "#0"},
				"west": {"uv": [9,4.5,9.5,5.25],"rotation": 90,"texture": "#0"}
			}
		},
		{
			"from": [
				4.43681,
				-0.08513,
				7.57204
			],
			"to": [
				4.50528,
				0.08513,
				8.42797
			],
			"rotation": {
				"angle": 45,
				"axis": "x",
				"origin": [7.03142,0,8]
			},
			"faces": {
				"north": {"uv": [8.25,4.5,8.5,5],"texture": "#0"},
				"south": {"uv": [6,5.5,6.25,6],"texture": "#0"},
				"west": {"uv": [6.25,4.5,6.75,5.25],"rotation": 270,"texture": "#0"}
			}
		},
		{
			"from": [
				4.43681,
				-0.08513,
				7.57203
			],
			"to": [
				4.50528,
				0.08513,
				8.42796
			],
			"rotation": {
				"angle": -45,
				"axis": "x",
				"origin": [7.03142,0,8]
			},
			"faces": {
				"north": {"uv": [6,5.5,6.25,6],"texture": "#0"},
				"south": {"uv": [3.75,4,4,4.5],"texture": "#0"},
				"west": {"uv": [6.25,4.5,6.75,5.25],"rotation": 90,"texture": "#0"}
			}
		},
		{
			"from": [
				4.43674,
				-0.42797,
				7.91488
			],
			"to": [
				4.50521,
				0.42797,
				8.08513
			],
			"rotation": {
				"angle": -22.5,
				"axis": "x",
				"origin": [7.03142,0,8]
			},
			"faces": {
				"west": {"uv": [5.25,4.5,5.75,5.25],"texture": "#0"},
				"up": {"uv": [7.25,4.25,7.5,4.75],"rotation": 180,"texture": "#0"},
				"down": {"uv": [9,8,9.25,8.5],"rotation": 180,"texture": "#0"}
			}
		},
		{
			"from": [
				4.43674,
				-0.42797,
				7.91487
			],
			"to": [
				4.50521,
				0.42797,
				8.08512
			],
			"rotation": {
				"angle": 22.5,
				"axis": "x",
				"origin": [7.03142,0,8]
			},
			"faces": {
				"west": {"uv": [5.25,4.5,5.75,5.25],"texture": "#0"},
				"up": {"uv": [3.25,4,3.5,4.5],"texture": "#0"},
				"down": {"uv": [9,8,9.25,8.5],"texture": "#0"}
			}
		},
		{
			"from": [
				4.43681,
				-0.42796,
				7.91488
			],
			"to": [
				4.50528,
				0.42797,
				8.08512
			],
			"rotation": {
				"angle": 0,
				"axis": "y",
				"origin": [7.03142,0,8]
			},
			"faces": {
				"west": {"uv": [6.25,4.5,6.75,5.25],"texture": "#0"},
				"up": {"uv": [3.25,4,3.5,4.5],"texture": "#0"},
				"down": {"uv": [9.5,8,9.75,8.25],"texture": "#0"}
			}
		},
		{
			"from": [
				5.01606,
				-0.85594,
				7.82974
			],
			"to": [
				9.8314,
				0.85593,
				8.17026
			],
			"rotation": {
				"angle": 22.5,
				"axis": "x",
				"origin": [7.03142,0,8]
			},
			"faces": {
				"east": {"uv": [9.5,7.25,10.25,8.25],"texture": "#1"},
				"west": {"uv": [12.5,7.5,13,8],"texture": "#1"},
				"up": {"uv": [2,3.75,6,4.25],"texture": "#1"},
				"down": {"uv": [3,9,7,9.5],"rotation": 180,"texture": "#1"}
			}
		},
		{
			"from": [
				5.01606,
				-0.85594,
				7.82974
			],
			"to": [
				9.8314,
				0.85593,
				8.17026
			],
			"rotation": {
				"angle": -22.5,
				"axis": "x",
				"origin": [7.03142,0,8]
			},
			"faces": {
				"east": {"uv": [9.5,7.25,10.25,8.25],"texture": "#1"},
				"west": {"uv": [12.5,7.5,13,8],"texture": "#1"},
				"up": {"uv": [0,3.25,4,3.75],"texture": "#1"},
				"down": {"uv": [3.5,8,7.5,8.5],"rotation": 180,"texture": "#1"}
			}
		},
		{
			"from": [
				5.01606,
				-0.85594,
				7.82974
			],
			"to": [
				9.8314,
				0.85594,
				8.17026
			],
			"rotation": {
				"angle": 45,
				"axis": "x",
				"origin": [7.03142,0,8]
			},
			"faces": {
				"east": {"uv": [9.5,7.25,10.25,8.25],"texture": "#1"},
				"west": {"uv": [12.5,7.5,13,8],"texture": "#1"},
				"up": {"uv": [5.25,4.25,9.25,4.75],"texture": "#1"},
				"down": {"uv": [5.75,5.5,9.75,6],"rotation": 180,"texture": "#1"}
			}
		},
		{
			"from": [
				5.01606,
				-0.85594,
				7.82974
			],
			"to": [
				9.8314,
				0.85594,
				8.17026
			],
			"rotation": {
				"angle": -45,
				"axis": "x",
				"origin": [7.03142,0,8]
			},
			"faces": {
				"east": {"uv": [9.5,7.25,10.25,8.25],"texture": "#1"},
				"west": {"uv": [12.5,7.5,13,8],"texture": "#1"},
				"up": {"uv": [1.25,4.25,5.25,4.75],"rotation": 180,"texture": "#1"},
				"down": {"uv": [4.5,5.5,8.5,6],"texture": "#1"}
			}
		},
		{
			"from": [
				5.01606,
				-0.17026,
				7.14406
			],
			"to": [
				9.8314,
				0.17025,
				8.85594
			],
			"rotation": {
				"angle": -22.5,
				"axis": "x",
				"origin": [7.03142,0,8]
			},
			"faces": {
				"north": {"uv": [6.25,5,10.25,5.5],"texture": "#1"},
				"east": {"uv": [9.5,7.25,10.25,7.75],"texture": "#1"},
				"south": {"uv": [5.25,4.75,9.25,5.25],"texture": "#1"},
				"west": {"uv": [12.5,7.5,13,8],"rotation": 90,"texture": "#1"}
			}
		},
		{
			"from": [
				5.01606,
				-0.17026,
				7.14406
			],
			"to": [
				9.8314,
				0.17025,
				8.85594
			],
			"rotation": {
				"angle": 22.5,
				"axis": "x",
				"origin": [7.03142,0,8]
			},
			"faces": {
				"north": {"uv": [5.25,4.75,9.25,5.25],"texture": "#1"},
				"east": {"uv": [9.5,7.25,10.25,7.75],"texture": "#1"},
				"south": {"uv": [6.25,5,10.25,5.5],"texture": "#1"},
				"west": {"uv": [12.5,7.5,13,8],"rotation": 270,"texture": "#1"}
			}
		},
		{
			"from": [
				5.01606,
				-0.17026,
				7.14406
			],
			"to": [
				9.8314,
				0.17026,
				8.85594
			],
			"rotation": {
				"angle": 0,
				"axis": "y",
				"origin": [7.03142,0,8]
			},
			"faces": {
				"north": {"uv": [3,12.25,7,12.75],"texture": "#1"},
				"south": {"uv": [0,12,4,12.5],"texture": "#1"},
				"west": {"uv": [12.5,7.5,13,8],"texture": "#1"}
			}
		},
		{
			"from": [
				9.29071,
				1.17754,
				7.82974
			],
			"to": [
				10.14665,
				1.86229,
				8.17026
			],
			"rotation": {
				"angle": -22.5,
				"axis": "z",
				"origin": [7.03142,0,8]
			},
			"faces": {
				"north": {"uv": [10.5,2.75,11,3.25],"rotation": 180,"texture": "#1"},
				"south": {"uv": [10.5,2.75,11,3.25],"rotation": 180,"texture": "#1"},
				"up": {"uv": [2,3.25,2.75,3.75],"texture": "#1"}
			}
		},
		{
			"from": [
				9.29071,
				-1.86229,
				7.82974
			],
			"to": [
				10.14664,
				-1.17754,
				8.17026
			],
			"rotation": {
				"angle": 22.5,
				"axis": "z",
				"origin": [7.03142,0,8]
			},
			"faces": {
				"north": {"uv": [7.5,8,7.75,8.25],"rotation": 180,"texture": "#1"},
				"south": {"uv": [7.5,8,7.75,8.25],"rotation": 180,"texture": "#1"},
				"down": {"uv": [5.5,7.75,6.25,8.25],"rotation": 180,"texture": "#1"}
			}
		},
		{
			"from": [
				9.2907,
				-0.17026,
				9.17754
			],
			"to": [
				10.14664,
				0.17026,
				9.86229
			],
			"rotation": {
				"angle": 22.5,
				"axis": "y",
				"origin": [7.03142,0,8]
			},
			"faces": {
				"south": {"uv": [0,12,0.75,12.5],"texture": "#1"},
				"up": {"uv": [4.5,12,5,12.5],"rotation": 180,"texture": "#1"},
				"down": {"uv": [4.5,12,5,12.5],"rotation": 180,"texture": "#1"}
			}
		},
		{
			"from": [
				9.2907,
				-0.17026,
				6.13771
			],
			"to": [
				10.14664,
				0.17026,
				6.82246
			],
			"rotation": {
				"angle": -22.5,
				"axis": "y",
				"origin": [7.03142,0,8]
			},
			"faces": {
				"north": {"uv": [0,12,0.75,12.5],"texture": "#1"},
				"up": {"uv": [4.5,12,5,12.5],"rotation": 180,"texture": "#1"},
				"down": {"uv": [4.5,12,5,12.5],"rotation": 180,"texture": "#1"}
			}
		},
		{
			"from": [
				5.01606,
				-0.85594,
				7.82974
			],
			"to": [
				9.8314,
				0.85594,
				8.17027
			],
			"rotation": {
				"angle": 0,
				"axis": "y",
				"origin": [7.03142,0,8]
			},
			"faces": {
				"west": {"uv": [12.5,7.5,13,8],"texture": "#1"},
				"up": {"uv": [2,3.25,6,3.75],"texture": "#1"},
				"down": {"uv": [5.5,7.75,9.5,8.25],"rotation": 180,"texture": "#1"}
			}
		},
		{
			"from": [
				9.8314,
				-0.71899,
				7.70219
			],
			"to": [
				10.15666,
				0.71899,
				8.29781
			],
			"rotation": {
				"angle": -45,
				"axis": "x",
				"origin": [7.03142,0,8]
			},
			"faces": {
				"east": {"uv": [9.5,7.25,10.25,8.25],"texture": "#1"},
				"up": {"uv": [1.25,4.25,1.75,5],"rotation": 180,"texture": "#1"},
				"down": {"uv": [2,5.75,2.5,6.5],"rotation": 180,"texture": "#1"}
			}
		},
		{
			"from": [
				9.8314,
				-0.71899,
				7.70219
			],
			"to": [
				10.15666,
				0.71899,
				8.29781
			],
			"rotation": {
				"angle": 45,
				"axis": "x",
				"origin": [7.03142,0,8]
			},
			"faces": {
				"east": {"uv": [9.5,7.25,10.25,8.25],"texture": "#1"},
				"up": {"uv": [1.25,4.25,1.75,5],"texture": "#1"},
				"down": {"uv": [2,5.75,2.5,6.5],"texture": "#1"}
			}
		},
		{
			"from": [
				9.8314,
				-0.29781,
				7.28101
			],
			"to": [
				10.15666,
				0.29781,
				8.71899
			],
			"rotation": {
				"angle": 0,
				"axis": "y",
				"origin": [7.03142,0,8]
			},
			"faces": {
				"north": {"uv": [3,4.75,3.5,5.5],"texture": "#1"},
				"east": {"uv": [9.5,7.25,10.25,8.25],"texture": "#1"},
				"south": {"uv": [3,4.75,3.5,5.5],"texture": "#1"}
			}
		},
		{
			"from": [
				10.1223,
				-0.54469,
				7.89165
			],
			"to": [
				11.4673,
				0.54469,
				8.10835
			],
			"rotation": {
				"angle": 0,
				"axis": "y",
				"origin": [7.03142,0,8]
			},
			"faces": {
				"east": {"uv": [0.25,9,0.5,10.75],"texture": "#1"},
				"up": {"uv": [3.5,4,4.5,4.25],"rotation": 180,"texture": "#1"},
				"down": {"uv": [7.25,8,8.25,8.25],"rotation": 180,"texture": "#1"}
			}
		},
		{
			"from": [
				10.1223,
				-0.54469,
				7.89165
			],
			"to": [
				11.4673,
				0.54469,
				8.10835
			],
			"rotation": {
				"angle": 22.5,
				"axis": "x",
				"origin": [7.03142,0,8]
			},
			"faces": {
				"east": {"uv": [0.25,9,0.5,10.75],"texture": "#1"},
				"up": {"uv": [5.25,4.25,6.25,4.5],"rotation": 180,"texture": "#1"},
				"down": {"uv": [5.25,7.75,6.25,8],"rotation": 180,"texture": "#1"}
			}
		},
		{
			"from": [
				10.1223,
				-0.54469,
				7.89165
			],
			"to": [
				11.4673,
				0.54469,
				8.10835
			],
			"rotation": {
				"angle": -22.5,
				"axis": "x",
				"origin": [7.03142,0,8]
			},
			"faces": {
				"east": {"uv": [0.25,9,0.5,10.75],"texture": "#1"},
				"up": {"uv": [4.75,4.25,5.75,4.5],"rotation": 180,"texture": "#1"},
				"down": {"uv": [2.5,8.25,3.5,8.5],"rotation": 180,"texture": "#1"}
			}
		},
		{
			"from": [
				10.1223,
				-0.54469,
				7.89166
			],
			"to": [
				11.4673,
				0.54469,
				8.10835
			],
			"rotation": {
				"angle": 45,
				"axis": "x",
				"origin": [7.03142,0,8]
			},
			"faces": {
				"east": {"uv": [0.25,9,0.5,10.75],"texture": "#1"},
				"up": {"uv": [6.75,4.5,7.75,4.75],"rotation": 180,"texture": "#1"},
				"down": {"uv": [4.75,5.5,5.75,5.75],"rotation": 180,"texture": "#1"}
			}
		},
		{
			"from": [
				10.1223,
				-0.54469,
				7.89165
			],
			"to": [
				11.4673,
				0.54469,
				8.10834
			],
			"rotation": {
				"angle": -45,
				"axis": "x",
				"origin": [7.03142,0,8]
			},
			"faces": {
				"east": {"uv": [0.25,9,0.5,10.75],"texture": "#1"},
				"up": {"uv": [1.25,4.25,2.25,4.5],"rotation": 180,"texture": "#1"},
				"down": {"uv": [4.25,5.75,5.25,6],"rotation": 180,"texture": "#1"}
			}
		},
		{
			"from": [
				10.1223,
				-0.10835,
				7.45531
			],
			"to": [
				11.4673,
				0.10835,
				8.54469
			],
			"rotation": {
				"angle": -22.5,
				"axis": "x",
				"origin": [7.03142,0,8]
			},
			"faces": {
				"north": {"uv": [3,5.25,4,5.5],"rotation": 180,"texture": "#1"},
				"east": {"uv": [0.25,9,0.5,10.75],"rotation": 90,"texture": "#1"},
				"south": {"uv": [6.75,4.75,7.75,5],"rotation": 180,"texture": "#1"}
			}
		},
		{
			"from": [
				10.1223,
				-0.10835,
				7.45531
			],
			"to": [
				11.4673,
				0.10835,
				8.54469
			],
			"rotation": {
				"angle": 22.5,
				"axis": "x",
				"origin": [7.03142,0,8]
			},
			"faces": {
				"north": {"uv": [1.5,4.75,2.5,5],"rotation": 180,"texture": "#1"},
				"east": {"uv": [0.25,9,0.5,10.75],"rotation": 90,"texture": "#1"},
				"south": {"uv": [8,5.25,9,5.5],"rotation": 180,"texture": "#1"}
			}
		},
		{
			"from": [
				10.1223,
				-0.10835,
				7.45531
			],
			"to": [
				11.4673,
				0.10835,
				8.54469
			],
			"rotation": {
				"angle": 0,
				"axis": "y",
				"origin": [7.03142,0,8]
			},
			"faces": {
				"north": {"uv": [2,5,3,5.25],"rotation": 180,"texture": "#1"},
				"east": {"uv": [0.25,9,0.5,10.75],"rotation": 90,"texture": "#1"},
				"south": {"uv": [5,5,6,5.25],"rotation": 180,"texture": "#1"}
			}
		},
		{
			"from": [
				4.50515,
				-0.85594,
				7.82973
			],
			"to": [
				4.6764,
				0.85594,
				8.17027
			],
			"rotation": {
				"angle": 0,
				"axis": "y",
				"origin": [7.03142,0,8]
			},
			"faces": {
				"east": {"uv": [12.5,7.5,13,8],"texture": "#1"},
				"west": {"uv": [8.25,4,8.75,6],"texture": "#1"},
				"up": {"uv": [3.5,3.75,4,4.25],"rotation": 180,"texture": "#1"},
				"down": {"uv": [6.25,8,6.75,8.25],"rotation": 180,"texture": "#1"}
			}
		},
		{
			"from": [
				4.50521,
				-0.85594,
				7.82973
			],
			"to": [
				4.67647,
				0.85593,
				8.17026
			],
			"rotation": {
				"angle": 22.5,
				"axis": "x",
				"origin": [7.03142,0,8]
			},
			"faces": {
				"east": {"uv": [12.5,7.5,13,8],"texture": "#1"},
				"west": {"uv": [7.25,4,7.75,6],"texture": "#1"},
				"up": {"uv": [3.5,4.25,4,4.75],"texture": "#1"},
				"down": {"uv": [6.25,8,6.75,8.25],"rotation": 180,"texture": "#1"}
			}
		},
		{
			"from": [
				4.50521,
				-0.85594,
				7.82974
			],
			"to": [
				4.67647,
				0.85593,
				8.17027
			],
			"rotation": {
				"angle": -22.5,
				"axis": "x",
				"origin": [7.03142,0,8]
			},
			"faces": {
				"east": {"uv": [12.5,7.5,13,8],"texture": "#1"},
				"west": {"uv": [7.25,4,7.75,6],"texture": "#1"},
				"up": {"uv": [3.5,4.25,4,4.75],"rotation": 180,"texture": "#1"},
				"down": {"uv": [6.25,8,6.75,8.25],"rotation": 180,"texture": "#1"}
			}
		},
		{
			"from": [
				4.50515,
				-0.85594,
				7.82973
			],
			"to": [
				4.6764,
				0.85594,
				8.17027
			],
			"rotation": {
				"angle": 45,
				"axis": "x",
				"origin": [7.03142,0,8]
			},
			"faces": {
				"east": {"uv": [12.5,7.5,13,8],"texture": "#1"},
				"west": {"uv": [10.75,4.5,11.25,6.5],"texture": "#1"},
				"up": {"uv": [3.75,4.75,4.25,5.25],"texture": "#1"},
				"down": {"uv": [6.25,8,6.75,8.25],"rotation": 180,"texture": "#1"}
			}
		},
		{
			"from": [
				4.50515,
				-0.85594,
				7.82973
			],
			"to": [
				4.6764,
				0.85594,
				8.17027
			],
			"rotation": {
				"angle": -45,
				"axis": "x",
				"origin": [7.03142,0,8]
			},
			"faces": {
				"east": {"uv": [12.5,7.5,13,8],"texture": "#1"},
				"west": {"uv": [6.75,4.5,7.25,6.5],"texture": "#1"},
				"up": {"uv": [7.75,4.75,8.25,5.25],"rotation": 180,"texture": "#1"},
				"down": {"uv": [6.25,8,6.75,8.25],"rotation": 180,"texture": "#1"}
			}
		},
		{
			"from": [
				4.50521,
				-0.17026,
				7.14406
			],
			"to": [
				4.67647,
				0.17026,
				8.85594
			],
			"rotation": {
				"angle": -22.5,
				"axis": "x",
				"origin": [7.03142,0,8]
			},
			"faces": {
				"north": {"uv": [6.75,8,7.25,8.5],"rotation": 180,"texture": "#1"},
				"east": {"uv": [12.5,7.5,13,8],"rotation": 270,"texture": "#1"},
				"south": {"uv": [5.25,5.5,5.75,6],"texture": "#1"},
				"west": {"uv": [0.5,4.75,1,6.75],"rotation": 90,"texture": "#1"}
			}
		},
		{
			"from": [
				4.50521,
				-0.17026,
				7.14406
			],
			"to": [
				4.67647,
				0.17026,
				8.85594
			],
			"rotation": {
				"angle": 22.5,
				"axis": "x",
				"origin": [7.03142,0,8]
			},
			"faces": {
				"north": {"uv": [6.75,5.5,7.25,6],"texture": "#1"},
				"east": {"uv": [12.5,7.5,13,8],"rotation": 90,"texture": "#1"},
				"south": {"uv": [6,8,6.5,8.5],"rotation": 180,"texture": "#1"},
				"west": {"uv": [0.75,4.75,1.25,6.75],"rotation": 270,"texture": "#1"}
			}
		},
		{
			"from": [
				4.50515,
				-0.17027,
				7.14406
			],
			"to": [
				4.6764,
				0.17027,
				8.85594
			],
			"rotation": {
				"angle": 0,
				"axis": "y",
				"origin": [7.03142,0,8]
			},
			"faces": {
				"north": {"uv": [4.25,8.25,4.75,8.75],"rotation": 180,"texture": "#1"},
				"east": {"uv": [12.5,7.5,13,8],"texture": "#1"},
				"south": {"uv": [6.25,8.25,6.75,8.75],"rotation": 180,"texture": "#1"},
				"west": {"uv": [7.25,9.5,7.75,11.5],"rotation": 90,"texture": "#1"}
			}
		},
		{
			"from": [
				4.67634,
				-0.68475,
				7.8638
			],
			"to": [
				5.0503,
				0.68475,
				8.1362
			],
			"rotation": {
				"angle": 0,
				"axis": "y",
				"origin": [7.03142,0,8]
			},
			"faces": {
				"up": {"uv": [10,2.75,10.5,3.25],"rotation": 180,"texture": "#1"},
				"down": {"uv": [5.75,8,6.25,8.25],"texture": "#1"}
			}
		},
		{
			"from": [
				4.67634,
				-0.68475,
				7.8638
			],
			"to": [
				5.0503,
				0.68475,
				8.1362
			],
			"rotation": {
				"angle": 22.5,
				"axis": "x",
				"origin": [7.03142,0,8]
			},
			"faces": {
				"up": {"uv": [11,2.5,11.5,3],"rotation": 180,"texture": "#1"},
				"down": {"uv": [5.75,8,6.25,8.25],"texture": "#1"}
			}
		},
		{
			"from": [
				4.67634,
				-0.68475,
				7.8638
			],
			"to": [
				5.0503,
				0.68475,
				8.1362
			],
			"rotation": {
				"angle": -22.5,
				"axis": "x",
				"origin": [7.03142,0,8]
			},
			"faces": {
				"up": {"uv": [8.5,4,9,4.5],"rotation": 180,"texture": "#1"},
				"down": {"uv": [5.75,8,6.25,8.25],"texture": "#1"}
			}
		},
		{
			"from": [
				4.67634,
				-0.68475,
				7.8638
			],
			"to": [
				5.0503,
				0.68475,
				8.1362
			],
			"rotation": {
				"angle": 45,
				"axis": "x",
				"origin": [7.03142,0,8]
			},
			"faces": {
				"up": {"uv": [3.25,4.25,3.75,4.75],"texture": "#1"},
				"down": {"uv": [5.75,8,6.25,8.25],"texture": "#1"}
			}
		},
		{
			"from": [
				4.67634,
				-0.13621,
				7.31525
			],
			"to": [
				5.0503,
				0.1362,
				8.68475
			],
			"rotation": {
				"angle": -22.5,
				"axis": "x",
				"origin": [7.03142,0,8]
			},
			"faces": {
				"north": {"uv": [3,8,3.5,8.5],"rotation": 180,"texture": "#1"},
				"south": {"uv": [3.25,4.75,3.75,5.25],"texture": "#1"}
			}
		},
		{
			"from": [
				4.67634,
				-0.68475,
				7.8638
			],
			"to": [
				5.0503,
				0.68475,
				8.1362
			],
			"rotation": {
				"angle": -45,
				"axis": "x",
				"origin": [7.03142,0,8]
			},
			"faces": {
				"up": {"uv": [3.25,4.25,3.75,4.75],"rotation": 180,"texture": "#1"},
				"down": {"uv": [5.75,8,6.25,8.25],"texture": "#1"}
			}
		},
		{
			"from": [
				4.67634,
				-0.13621,
				7.31525
			],
			"to": [
				5.0503,
				0.1362,
				8.68475
			],
			"rotation": {
				"angle": 22.5,
				"axis": "x",
				"origin": [7.03142,0,8]
			},
			"faces": {
				"north": {"uv": [3.25,4.75,3.75,5.25],"texture": "#1"},
				"south": {"uv": [3,8,3.5,8.5],"rotation": 180,"texture": "#1"}
			}
		},
		{
			"from": [
				4.67634,
				-0.1362,
				7.31525
			],
			"to": [
				5.0503,
				0.1362,
				8.68475
			],
			"rotation": {
				"angle": 0,
				"axis": "y",
				"origin": [7.03142,0,8]
			},
			"faces": {
				"north": {"uv": [3.25,5.25,3.75,5.75],"texture": "#1"},
				"south": {"uv": [3.25,5.25,3.75,5.75],"texture": "#1"}
			}
		}
	],
	"gui_light": "front",
	"display": {
		"thirdperson_righthand": {
			"rotation": [
				25,
				111,
				-23
			],
			"translation": [
				-1,
				-2,
				0
			],
			"scale": [
				0.25,
				0.25,
				0.25
			]
		},
		"thirdperson_lefthand": {
			"rotation": [
				69,
				-71,
				65
			],
			"translation": [
				-1,
				-2,
				0
			],
			"scale": [
				0.25,
				0.25,
				0.25
			]
		},
		"firstperson_righthand": {
			"rotation": [
				-87,
				65,
				68
			],
			"translation": [
				1,
				-1.25,
				4.25
			],
			"scale": [
				0.44,
				0.44,
				0.44
			]
		},
		"firstperson_lefthand": {
			"rotation": [
				-40,
				-110,
				-33
			],
			"translation": [
				-0.25,
				-1.5,
				3
			],
			"scale": [
				0.44,
				0.44,
				0.44
			]
		},
		"ground": {
			"rotation": [
				0,
				0,
				8
			],
			"scale": [
				0.125,
				0.125,
				0.125
			]
		},
		"gui": {
			"rotation": [
				0,
				180,
				32
			],
			"translation": [
				-0.5,
				1.75,
				0
			],
			"scale": [
				0.6,
				0.6,
				0.6
			]
		},
		"head": {
			"scale": [
				0.5,
				0.5,
				0.5
			]
		},
		"fixed": {
			"rotation": [
				0,
				180,
				0
			],
			"translation": [
				0,
				0,
				-2
			],
			"scale": [
				0.5,
				0.5,
				0.5
			]
		}
	}
}
