{
	"parent": "item/generated",
	"textures": {
		"0": "stoupgun:item/metal_bright",
		"1": "stoupgun:item/brass"
	},
	"credit": "thebradqq's guns",
	"elements": [
		{
			"from": [
				11.50565,
				-0.86625,
				7.64119
			],
			"to": [
				11.89753,
				0.86625,
				8.35881
			],
			"rotation": {
				"angle": 0,
				"axis": "y",
				"origin": [6.74665,0,8]
			},
			"faces": {
				"east": {"uv": [9.5,7.25,10.25,8.25],"texture": "#1"},
				"up": {"uv": [1.25,3.75,1.75,4.5],"rotation": 180,"texture": "#1"},
				"down": {"uv": [6.25,7.75,6.75,8.5],"texture": "#1"}
			}
		},
		{
			"from": [
				2.71698,
				-0.10256,
				7.48438
			],
			"to": [
				2.79948,
				0.10256,
				8.51563
			],
			"rotation": {
				"angle": 0,
				"axis": "y",
				"origin": [6.74665,0,8]
			},
			"faces": {
				"north": {"uv": [6.25,4.5,6.5,5],"texture": "#0"},
				"south": {"uv": [6.25,4.5,6.5,5],"texture": "#0"},
				"west": {"uv": [6.25,4.5,6.75,5],"texture": "#0"}
			}
		},
		{
			"from": [
				2.7169,
				-0.10256,
				7.48437
			],
			"to": [
				2.7994,
				0.10257,
				8.51562
			],
			"rotation": {
				"angle": 22.5,
				"axis": "x",
				"origin": [6.74665,0,8]
			},
			"faces": {
				"north": {"uv": [7.25,4.25,7.5,4.75],"texture": "#0"},
				"south": {"uv": [6.25,5,6.5,5.5],"texture": "#0"},
				"west": {"uv": [9.25,4.5,9.75,5.25],"rotation": 270,"texture": "#0"}
			}
		},
		{
			"from": [
				2.7169,
				-0.10256,
				7.48438
			],
			"to": [
				2.7994,
				0.10257,
				8.51563
			],
			"rotation": {
				"angle": -22.5,
				"axis": "x",
				"origin": [6.74665,0,8]
			},
			"faces": {
				"north": {"uv": [6.25,5,6.5,5.5],"texture": "#0"},
				"south": {"uv": [7.25,4.25,7.5,4.75],"texture": "#0"},
				"west": {"uv": [9,4.5,9.5,5.25],"rotation": 90,"texture": "#0"}
			}
		},
		{
			"from": [
				2.71698,
				-0.10257,
				7.48438
			],
			"to": [
				2.79948,
				0.10256,
				8.51563
			],
			"rotation": {
				"angle": 45,
				"axis": "x",
				"origin": [6.74665,0,8]
			},
			"faces": {
				"north": {"uv": [8.25,4.5,8.5,5],"texture": "#0"},
				"south": {"uv": [6,5.5,6.25,6],"texture": "#0"},
				"west": {"uv": [6.25,4.5,6.75,5.25],"rotation": 270,"texture": "#0"}
			}
		},
		{
			"from": [
				2.71698,
				-0.10257,
				7.48437
			],
			"to": [
				2.79948,
				0.10256,
				8.51562
			],
			"rotation": {
				"angle": -45,
				"axis": "x",
				"origin": [6.74665,0,8]
			},
			"faces": {
				"north": {"uv": [6,5.5,6.25,6],"texture": "#0"},
				"south": {"uv": [3.75,4,4,4.5],"texture": "#0"},
				"west": {"uv": [6.25,4.5,6.75,5.25],"rotation": 90,"texture": "#0"}
			}
		},
		{
			"from": [
				2.7169,
				-0.51562,
				7.89744
			],
			"to": [
				2.7994,
				0.51563,
				8.10257
			],
			"rotation": {
				"angle": -22.5,
				"axis": "x",
				"origin": [6.74665,0,8]
			},
			"faces": {
				"west": {"uv": [5.25,4.5,5.75,5.25],"texture": "#0"},
				"up": {"uv": [7.25,4.25,7.5,4.75],"rotation": 180,"texture": "#0"},
				"down": {"uv": [9,8,9.25,8.5],"rotation": 180,"texture": "#0"}
			}
		},
		{
			"from": [
				2.7169,
				-0.51562,
				7.89743
			],
			"to": [
				2.7994,
				0.51563,
				8.10256
			],
			"rotation": {
				"angle": 22.5,
				"axis": "x",
				"origin": [6.74665,0,8]
			},
			"faces": {
				"west": {"uv": [5.25,4.5,5.75,5.25],"texture": "#0"},
				"up": {"uv": [3.25,4,3.5,4.5],"texture": "#0"},
				"down": {"uv": [9,8,9.25,8.5],"texture": "#0"}
			}
		},
		{
			"from": [
				2.71698,
				-0.51562,
				7.89744
			],
			"to": [
				2.79948,
				0.51563,
				8.10256
			],
			"rotation": {
				"angle": 0,
				"axis": "y",
				"origin": [6.74665,0,8]
			},
			"faces": {
				"west": {"uv": [6.25,4.5,6.75,5.25],"texture": "#0"},
				"up": {"uv": [3.25,4,3.5,4.5],"texture": "#0"},
				"down": {"uv": [9.5,8,9.75,8.25],"texture": "#0"}
			}
		},
		{
			"from": [
				3.2944,
				-1.03125,
				7.79487
			],
			"to": [
				11.50565,
				1.03125,
				8.20513
			],
			"rotation": {
				"angle": 22.5,
				"axis": "x",
				"origin": [6.74665,0,8]
			},
			"faces": {
				"east": {"uv": [9.5,7.25,10.25,8.25],"texture": "#1"},
				"west": {"uv": [12.5,7.5,13,8],"texture": "#1"},
				"up": {"uv": [2,3.75,6,4.25],"texture": "#1"},
				"down": {"uv": [3,9,7,9.5],"rotation": 180,"texture": "#1"}
			}
		},
		{
			"from": [
				3.2944,
				-1.03125,
				7.79487
			],
			"to": [
				11.50565,
				1.03125,
				8.20513
			],
			"rotation": {
				"angle": -22.5,
				"axis": "x",
				"origin": [6.74665,0,8]
			},
			"faces": {
				"east": {"uv": [9.5,7.25,10.25,8.25],"texture": "#1"},
				"west": {"uv": [12.5,7.5,13,8],"texture": "#1"},
				"up": {"uv": [0,3.25,4,3.75],"texture": "#1"},
				"down": {"uv": [3.5,8,7.5,8.5],"rotation": 180,"texture": "#1"}
			}
		},
		{
			"from": [
				3.2944,
				-1.03125,
				7.79487
			],
			"to": [
				11.50565,
				1.03125,
				8.20513
			],
			"rotation": {
				"angle": 45,
				"axis": "x",
				"origin": [6.74665,0,8]
			},
			"faces": {
				"east": {"uv": [9.5,7.25,10.25,8.25],"texture": "#1"},
				"west": {"uv": [12.5,7.5,13,8],"texture": "#1"},
				"up": {"uv": [5.25,4.25,9.25,4.75],"texture": "#1"},
				"down": {"uv": [5.75,5.5,9.75,6],"rotation": 180,"texture": "#1"}
			}
		},
		{
			"from": [
				3.2944,
				-1.03125,
				7.79487
			],
			"to": [
				11.50565,
				1.03125,
				8.20513
			],
			"rotation": {
				"angle": -45,
				"axis": "x",
				"origin": [6.74665,0,8]
			},
			"faces": {
				"east": {"uv": [9.5,7.25,10.25,8.25],"texture": "#1"},
				"west": {"uv": [12.5,7.5,13,8],"texture": "#1"},
				"up": {"uv": [1.25,4.25,5.25,4.75],"rotation": 180,"texture": "#1"},
				"down": {"uv": [4.5,5.5,8.5,6],"texture": "#1"}
			}
		},
		{
			"from": [
				3.2944,
				-0.20513,
				6.96875
			],
			"to": [
				11.50565,
				0.20513,
				9.03125
			],
			"rotation": {
				"angle": -22.5,
				"axis": "x",
				"origin": [6.74665,0,8]
			},
			"faces": {
				"north": {"uv": [6.25,5,10.25,5.5],"texture": "#1"},
				"east": {"uv": [9.5,7.25,10.25,7.75],"texture": "#1"},
				"south": {"uv": [5.25,4.75,9.25,5.25],"texture": "#1"},
				"west": {"uv": [12.5,7.5,13,8],"rotation": 90,"texture": "#1"}
			}
		},
		{
			"from": [
				3.2944,
				-0.20513,
				6.96875
			],
			"to": [
				11.50565,
				0.20513,
				9.03125
			],
			"rotation": {
				"angle": 22.5,
				"axis": "x",
				"origin": [6.74665,0,8]
			},
			"faces": {
				"north": {"uv": [5.25,4.75,9.25,5.25],"texture": "#1"},
				"east": {"uv": [9.5,7.25,10.25,7.75],"texture": "#1"},
				"south": {"uv": [6.25,5,10.25,5.5],"texture": "#1"},
				"west": {"uv": [12.5,7.5,13,8],"rotation": 270,"texture": "#1"}
			}
		},
		{
			"from": [
				3.2944,
				-0.20513,
				6.96875
			],
			"to": [
				11.50565,
				0.20513,
				9.03125
			],
			"rotation": {
				"angle": 0,
				"axis": "y",
				"origin": [6.74665,0,8]
			},
			"faces": {
				"north": {"uv": [3,12.25,7,12.75],"texture": "#1"},
				"south": {"uv": [0,12,4,12.5],"texture": "#1"},
				"west": {"uv": [12.5,7.5,13,8],"texture": "#1"}
			}
		},
		{
			"from": [
				10.74876,
				1.94895,
				7.79487
			],
			"to": [
				11.78001,
				2.77395,
				8.20513
			],
			"rotation": {
				"angle": -22.5,
				"axis": "z",
				"origin": [6.74665,0,8]
			},
			"faces": {
				"north": {"uv": [10.5,2.75,11,3.25],"rotation": 180,"texture": "#1"},
				"south": {"uv": [10.5,2.75,11,3.25],"rotation": 180,"texture": "#1"},
				"up": {"uv": [2,3.25,2.75,3.75],"texture": "#1"}
			}
		},
		{
			"from": [
				10.74875,
				-2.77394,
				7.79487
			],
			"to": [
				11.78,
				-1.94894,
				8.20513
			],
			"rotation": {
				"angle": 22.5,
				"axis": "z",
				"origin": [6.74665,0,8]
			},
			"faces": {
				"north": {"uv": [7.5,8,7.75,8.25],"rotation": 180,"texture": "#1"},
				"south": {"uv": [7.5,8,7.75,8.25],"rotation": 180,"texture": "#1"},
				"down": {"uv": [5.5,7.75,6.25,8.25],"rotation": 180,"texture": "#1"}
			}
		},
		{
			"from": [
				10.74875,
				-0.20513,
				9.94894
			],
			"to": [
				11.78,
				0.20513,
				10.77394
			],
			"rotation": {
				"angle": 22.5,
				"axis": "y",
				"origin": [6.74665,0,8]
			},
			"faces": {
				"south": {"uv": [0,12,0.75,12.5],"texture": "#1"},
				"up": {"uv": [4.5,12,5,12.5],"rotation": 180,"texture": "#1"},
				"down": {"uv": [4.5,12,5,12.5],"rotation": 180,"texture": "#1"}
			}
		},
		{
			"from": [
				10.74875,
				-0.20513,
				5.22606
			],
			"to": [
				11.78,
				0.20513,
				6.05106
			],
			"rotation": {
				"angle": -22.5,
				"axis": "y",
				"origin": [6.74665,0,8]
			},
			"faces": {
				"north": {"uv": [0,12,0.75,12.5],"texture": "#1"},
				"up": {"uv": [4.5,12,5,12.5],"rotation": 180,"texture": "#1"},
				"down": {"uv": [4.5,12,5,12.5],"rotation": 180,"texture": "#1"}
			}
		},
		{
			"from": [
				3.2944,
				-1.03125,
				7.79487
			],
			"to": [
				11.50565,
				1.03125,
				8.20514
			],
			"rotation": {
				"angle": 0,
				"axis": "y",
				"origin": [6.74665,0,8]
			},
			"faces": {
				"west": {"uv": [12.5,7.5,13,8],"texture": "#1"},
				"up": {"uv": [2,3.25,6,3.75],"texture": "#1"},
				"down": {"uv": [5.5,7.75,9.5,8.25],"rotation": 180,"texture": "#1"}
			}
		},
		{
			"from": [
				11.50565,
				-0.86625,
				7.64119
			],
			"to": [
				11.89753,
				0.86625,
				8.35881
			],
			"rotation": {
				"angle": -45,
				"axis": "x",
				"origin": [6.74665,0,8]
			},
			"faces": {
				"east": {"uv": [9.5,7.25,10.25,8.25],"texture": "#1"},
				"up": {"uv": [1.25,4.25,1.75,5],"rotation": 180,"texture": "#1"},
				"down": {"uv": [2,5.75,2.5,6.5],"rotation": 180,"texture": "#1"}
			}
		},
		{
			"from": [
				11.50565,
				-0.86625,
				7.64119
			],
			"to": [
				11.89753,
				0.86625,
				8.35881
			],
			"rotation": {
				"angle": 45,
				"axis": "x",
				"origin": [6.74665,0,8]
			},
			"faces": {
				"east": {"uv": [9.5,7.25,10.25,8.25],"texture": "#1"},
				"up": {"uv": [1.25,4.25,1.75,5],"texture": "#1"},
				"down": {"uv": [2,5.75,2.5,6.5],"texture": "#1"}
			}
		},
		{
			"from": [
				11.50565,
				-0.35881,
				7.13375
			],
			"to": [
				11.89753,
				0.35881,
				8.86625
			],
			"rotation": {
				"angle": 0,
				"axis": "y",
				"origin": [6.74665,0,8]
			},
			"faces": {
				"north": {"uv": [3,4.75,3.5,5.5],"texture": "#1"},
				"east": {"uv": [9.5,7.25,10.25,8.25],"texture": "#1"},
				"south": {"uv": [3,4.75,3.5,5.5],"texture": "#1"}
			}
		},
		{
			"from": [
				11.73565,
				-0.65625,
				7.86946
			],
			"to": [
				13.23565,
				0.65625,
				8.13054
			],
			"rotation": {
				"angle": 0,
				"axis": "y",
				"origin": [6.74665,0,8]
			},
			"faces": {
				"east": {"uv": [0.25,8.75,0.5,10.75],"texture": "#1"},
				"up": {"uv": [3.5,4,4.5,4.25],"rotation": 180,"texture": "#1"},
				"down": {"uv": [7.25,8,8.25,8.25],"rotation": 180,"texture": "#1"}
			}
		},
		{
			"from": [
				11.73565,
				-0.65625,
				7.86946
			],
			"to": [
				13.23565,
				0.65625,
				8.13054
			],
			"rotation": {
				"angle": 22.5,
				"axis": "x",
				"origin": [6.74665,0,8]
			},
			"faces": {
				"east": {"uv": [0.25,8.75,0.5,10.75],"texture": "#1"},
				"up": {"uv": [5.25,4.25,6.25,4.5],"rotation": 180,"texture": "#1"},
				"down": {"uv": [5.25,7.75,6.25,8],"rotation": 180,"texture": "#1"}
			}
		},
		{
			"from": [
				11.73565,
				-0.65625,
				7.86946
			],
			"to": [
				13.23565,
				0.65625,
				8.13054
			],
			"rotation": {
				"angle": -22.5,
				"axis": "x",
				"origin": [6.74665,0,8]
			},
			"faces": {
				"east": {"uv": [0.25,8.75,0.5,10.75],"texture": "#1"},
				"up": {"uv": [4.75,4.25,5.75,4.5],"rotation": 180,"texture": "#1"},
				"down": {"uv": [2.5,8.25,3.5,8.5],"rotation": 180,"texture": "#1"}
			}
		},
		{
			"from": [
				11.73565,
				-0.65625,
				7.86947
			],
			"to": [
				13.23565,
				0.65625,
				8.13054
			],
			"rotation": {
				"angle": 45,
				"axis": "x",
				"origin": [6.74665,0,8]
			},
			"faces": {
				"east": {"uv": [0.25,8.75,0.5,10.75],"texture": "#1"},
				"up": {"uv": [6.75,4.5,7.75,4.75],"rotation": 180,"texture": "#1"},
				"down": {"uv": [4.75,5.5,5.75,5.75],"rotation": 180,"texture": "#1"}
			}
		},
		{
			"from": [
				11.73565,
				-0.65625,
				7.86946
			],
			"to": [
				13.23565,
				0.65625,
				8.13053
			],
			"rotation": {
				"angle": -45,
				"axis": "x",
				"origin": [6.74665,0,8]
			},
			"faces": {
				"east": {"uv": [0.25,8.75,0.5,10.75],"texture": "#1"},
				"up": {"uv": [1.25,4.25,2.25,4.5],"rotation": 180,"texture": "#1"},
				"down": {"uv": [4.25,5.75,5.25,6],"rotation": 180,"texture": "#1"}
			}
		},
		{
			"from": [
				11.73565,
				-0.13054,
				7.34375
			],
			"to": [
				13.23565,
				0.13054,
				8.65625
			],
			"rotation": {
				"angle": -22.5,
				"axis": "x",
				"origin": [6.74665,0,8]
			},
			"faces": {
				"north": {"uv": [3,5.25,4,5.5],"rotation": 180,"texture": "#1"},
				"east": {"uv": [0.25,8.75,0.5,10.75],"rotation": 90,"texture": "#1"},
				"south": {"uv": [6.75,4.75,7.75,5],"rotation": 180,"texture": "#1"}
			}
		},
		{
			"from": [
				11.73565,
				-0.13054,
				7.34375
			],
			"to": [
				13.23565,
				0.13054,
				8.65625
			],
			"rotation": {
				"angle": 22.5,
				"axis": "x",
				"origin": [6.74665,0,8]
			},
			"faces": {
				"north": {"uv": [1.5,4.75,2.5,5],"rotation": 180,"texture": "#1"},
				"east": {"uv": [0.25,8.75,0.5,10.75],"rotation": 90,"texture": "#1"},
				"south": {"uv": [8,5.25,9,5.5],"rotation": 180,"texture": "#1"}
			}
		},
		{
			"from": [
				11.73565,
				-0.13054,
				7.34375
			],
			"to": [
				13.23565,
				0.13054,
				8.65625
			],
			"rotation": {
				"angle": 0,
				"axis": "y",
				"origin": [6.74665,0,8]
			},
			"faces": {
				"north": {"uv": [2,5,3,5.25],"rotation": 180,"texture": "#1"},
				"east": {"uv": [0.25,8.75,0.5,10.75],"rotation": 90,"texture": "#1"},
				"south": {"uv": [5,5,6,5.25],"rotation": 180,"texture": "#1"}
			}
		},
		{
			"from": [
				2.79932,
				-1.03125,
				7.79486
			],
			"to": [
				3.00565,
				1.03125,
				8.20514
			],
			"rotation": {
				"angle": 0,
				"axis": "y",
				"origin": [6.74665,0,8]
			},
			"faces": {
				"east": {"uv": [12.5,7.5,13,8],"texture": "#1"},
				"west": {"uv": [8.25,4,8.75,6],"texture": "#1"},
				"up": {"uv": [3.5,3.75,4,4.25],"rotation": 180,"texture": "#1"},
				"down": {"uv": [6.25,8,6.75,8.25],"rotation": 180,"texture": "#1"}
			}
		},
		{
			"from": [
				2.7994,
				-1.03125,
				7.79486
			],
			"to": [
				3.00573,
				1.03125,
				8.20513
			],
			"rotation": {
				"angle": 22.5,
				"axis": "x",
				"origin": [6.74665,0,8]
			},
			"faces": {
				"east": {"uv": [12.5,7.5,13,8],"texture": "#1"},
				"west": {"uv": [7.25,4,7.75,6],"texture": "#1"},
				"up": {"uv": [3.5,4.25,4,4.75],"texture": "#1"},
				"down": {"uv": [6.25,8,6.75,8.25],"rotation": 180,"texture": "#1"}
			}
		},
		{
			"from": [
				2.7994,
				-1.03125,
				7.79487
			],
			"to": [
				3.00573,
				1.03125,
				8.20514
			],
			"rotation": {
				"angle": -22.5,
				"axis": "x",
				"origin": [6.74665,0,8]
			},
			"faces": {
				"east": {"uv": [12.5,7.5,13,8],"texture": "#1"},
				"west": {"uv": [7.25,4,7.75,6],"texture": "#1"},
				"up": {"uv": [3.5,4.25,4,4.75],"rotation": 180,"texture": "#1"},
				"down": {"uv": [6.25,8,6.75,8.25],"rotation": 180,"texture": "#1"}
			}
		},
		{
			"from": [
				2.79932,
				-1.03125,
				7.79486
			],
			"to": [
				3.00565,
				1.03125,
				8.20514
			],
			"rotation": {
				"angle": 45,
				"axis": "x",
				"origin": [6.74665,0,8]
			},
			"faces": {
				"east": {"uv": [12.5,7.5,13,8],"texture": "#1"},
				"west": {"uv": [10.75,4.5,11.25,6.5],"texture": "#1"},
				"up": {"uv": [3.75,4.75,4.25,5.25],"texture": "#1"},
				"down": {"uv": [6.25,8,6.75,8.25],"rotation": 180,"texture": "#1"}
			}
		},
		{
			"from": [
				2.79932,
				-1.03125,
				7.79486
			],
			"to": [
				3.00565,
				1.03125,
				8.20514
			],
			"rotation": {
				"angle": -45,
				"axis": "x",
				"origin": [6.74665,0,8]
			},
			"faces": {
				"east": {"uv": [12.5,7.5,13,8],"texture": "#1"},
				"west": {"uv": [6.75,4.5,7.25,6.5],"texture": "#1"},
				"up": {"uv": [7.75,4.75,8.25,5.25],"rotation": 180,"texture": "#1"},
				"down": {"uv": [6.25,8,6.75,8.25],"rotation": 180,"texture": "#1"}
			}
		},
		{
			"from": [
				2.7994,
				-0.20513,
				6.96875
			],
			"to": [
				3.00573,
				0.20514,
				9.03125
			],
			"rotation": {
				"angle": -22.5,
				"axis": "x",
				"origin": [6.74665,0,8]
			},
			"faces": {
				"north": {"uv": [6.75,8,7.25,8.5],"rotation": 180,"texture": "#1"},
				"east": {"uv": [12.5,7.5,13,8],"rotation": 270,"texture": "#1"},
				"south": {"uv": [5.25,5.5,5.75,6],"texture": "#1"},
				"west": {"uv": [0.5,4.75,1,6.75],"rotation": 90,"texture": "#1"}
			}
		},
		{
			"from": [
				2.7994,
				-0.20513,
				6.96875
			],
			"to": [
				3.00573,
				0.20514,
				9.03125
			],
			"rotation": {
				"angle": 22.5,
				"axis": "x",
				"origin": [6.74665,0,8]
			},
			"faces": {
				"north": {"uv": [6.75,5.5,7.25,6],"texture": "#1"},
				"east": {"uv": [12.5,7.5,13,8],"rotation": 90,"texture": "#1"},
				"south": {"uv": [6,8,6.5,8.5],"rotation": 180,"texture": "#1"},
				"west": {"uv": [0.75,4.75,1.25,6.75],"rotation": 270,"texture": "#1"}
			}
		},
		{
			"from": [
				2.79932,
				-0.20514,
				6.96875
			],
			"to": [
				3.00565,
				0.20514,
				9.03125
			],
			"rotation": {
				"angle": 0,
				"axis": "y",
				"origin": [6.74665,0,8]
			},
			"faces": {
				"north": {"uv": [4.25,8.25,4.75,8.75],"rotation": 180,"texture": "#1"},
				"east": {"uv": [12.5,7.5,13,8],"texture": "#1"},
				"south": {"uv": [6.25,8.25,6.75,8.75],"rotation": 180,"texture": "#1"},
				"west": {"uv": [7.25,9.5,7.75,11.5],"rotation": 90,"texture": "#1"}
			}
		},
		{
			"from": [
				3.00557,
				-0.825,
				7.8359
			],
			"to": [
				3.33565,
				0.825,
				8.1641
			],
			"rotation": {
				"angle": 0,
				"axis": "y",
				"origin": [6.74665,0,8]
			},
			"faces": {
				"up": {"uv": [10,2.75,10.5,3.25],"rotation": 180,"texture": "#1"},
				"down": {"uv": [5.75,8,6.25,8.25],"texture": "#1"}
			}
		},
		{
			"from": [
				3.00557,
				-0.825,
				7.8359
			],
			"to": [
				3.33565,
				0.825,
				8.1641
			],
			"rotation": {
				"angle": 22.5,
				"axis": "x",
				"origin": [6.74665,0,8]
			},
			"faces": {
				"up": {"uv": [11,2.5,11.5,3],"rotation": 180,"texture": "#1"},
				"down": {"uv": [5.75,8,6.25,8.25],"texture": "#1"}
			}
		},
		{
			"from": [
				3.00557,
				-0.825,
				7.8359
			],
			"to": [
				3.33565,
				0.825,
				8.1641
			],
			"rotation": {
				"angle": -22.5,
				"axis": "x",
				"origin": [6.74665,0,8]
			},
			"faces": {
				"up": {"uv": [8.5,4,9,4.5],"rotation": 180,"texture": "#1"},
				"down": {"uv": [5.75,8,6.25,8.25],"texture": "#1"}
			}
		},
		{
			"from": [
				3.00557,
				-0.825,
				7.8359
			],
			"to": [
				3.33565,
				0.825,
				8.1641
			],
			"rotation": {
				"angle": 45,
				"axis": "x",
				"origin": [6.74665,0,8]
			},
			"faces": {
				"up": {"uv": [3.25,4.25,3.75,4.75],"texture": "#1"},
				"down": {"uv": [5.75,8,6.25,8.25],"texture": "#1"}
			}
		},
		{
			"from": [
				3.00557,
				-0.1641,
				7.175
			],
			"to": [
				3.33565,
				0.1641,
				8.825
			],
			"rotation": {
				"angle": -22.5,
				"axis": "x",
				"origin": [6.74665,0,8]
			},
			"faces": {
				"north": {"uv": [3,8,3.5,8.5],"rotation": 180,"texture": "#1"},
				"south": {"uv": [3.25,4.75,3.75,5.25],"texture": "#1"}
			}
		},
		{
			"from": [
				3.00557,
				-0.825,
				7.8359
			],
			"to": [
				3.33565,
				0.825,
				8.1641
			],
			"rotation": {
				"angle": -45,
				"axis": "x",
				"origin": [6.74665,0,8]
			},
			"faces": {
				"up": {"uv": [3.25,4.25,3.75,4.75],"rotation": 180,"texture": "#1"},
				"down": {"uv": [5.75,8,6.25,8.25],"texture": "#1"}
			}
		},
		{
			"from": [
				3.00557,
				-0.1641,
				7.175
			],
			"to": [
				3.33565,
				0.1641,
				8.825
			],
			"rotation": {
				"angle": 22.5,
				"axis": "x",
				"origin": [6.74665,0,8]
			},
			"faces": {
				"north": {"uv": [3.25,4.75,3.75,5.25],"texture": "#1"},
				"south": {"uv": [3,8,3.5,8.5],"rotation": 180,"texture": "#1"}
			}
		},
		{
			"from": [
				3.00557,
				-0.1641,
				7.175
			],
			"to": [
				3.33565,
				0.1641,
				8.825
			],
			"rotation": {
				"angle": 0,
				"axis": "y",
				"origin": [6.74665,0,8]
			},
			"faces": {
				"north": {"uv": [3.25,5.25,3.75,5.75],"texture": "#1"},
				"south": {"uv": [3.25,5.25,3.75,5.75],"texture": "#1"}
			}
		}
	],
	"gui_light": "front",
	"display": {
		"thirdperson_righthand": {
			"rotation": [
				25,
				111,
				-23
			],
			"translation": [
				-1,
				-2,
				0
			],
			"scale": [
				0.25,
				0.25,
				0.25
			]
		},
		"thirdperson_lefthand": {
			"rotation": [
				69,
				-71,
				65
			],
			"translation": [
				-1,
				-2,
				0
			],
			"scale": [
				0.25,
				0.25,
				0.25
			]
		},
		"firstperson_righthand": {
			"rotation": [
				-87,
				65,
				68
			],
			"translation": [
				1,
				-1.25,
				4.25
			],
			"scale": [
				0.44,
				0.44,
				0.44
			]
		},
		"firstperson_lefthand": {
			"rotation": [
				-40,
				-110,
				-33
			],
			"translation": [
				-0.25,
				-1.5,
				3
			],
			"scale": [
				0.44,
				0.44,
				0.44
			]
		},
		"ground": {
			"rotation": [
				0,
				0,
				11
			],
			"scale": [
				0.125,
				0.125,
				0.125
			]
		},
		"gui": {
			"rotation": [
				0,
				180,
				32
			],
			"translation": [
				-0.5,
				1.75,
				0
			],
			"scale": [
				0.6,
				0.6,
				0.6
			]
		},
		"head": {
			"scale": [
				0.5,
				0.5,
				0.5
			]
		},
		"fixed": {
			"rotation": [
				0,
				180,
				0
			],
			"translation": [
				0,
				0,
				-2
			],
			"scale": [
				0.5,
				0.5,
				0.5
			]
		}
	}
}
