{
	"parent": "minecraft:item/warped_fungus_on_a_stick",
	"textures": {
		"particle": "stoupgun:item/reticles",
		"1": "stoupgun:item/rubber",
		"0": "stoupgun:item/deagledetails",
		"3": "stoupgun:item/metal_bright",
		"2": "stoupgun:item/metal_brighter",
		"5": "stoupgun:item/metal_dark",
		"4": "stoupgun:item/metal",
		"7": "stoupgun:item/reticles",
		"6": "stoupgun:item/mk4details",
		"8": "stoupgun:item/reticles_1024"
	},
	"gui_light": "front",
	"elements": [
		{
			"to": [
				12.35,
				7.29947,
				8.39941
			],
			"rotation": {
				"origin": [12.101,7.20001,7.9994],
				"angle": -22.5,
				"axis": "x"
			},
			"from": [
				6.475,
				6.55055,
				8.24941
			],
			"faces": {
				"east": {"rotation": 180,"uv": [12.5,4,12.75,4.25],"texture": "#3"},
				"north": {"rotation": 180,"uv": [15.75,5.5,16,6],"texture": "#2"},
				"up": {"uv": [15,4,16,5],"texture": "#3"},
				"south": {"rotation": 180,"uv": [11.25,2.75,13.75,5],"texture": "#3"}
			}
		},
		{
			"to": [
				12.35,
				7.29947,
				7.75059
			],
			"rotation": {
				"origin": [12.101,7.20001,8.0006],
				"angle": 22.5,
				"axis": "x"
			},
			"from": [
				6.475,
				6.55055,
				7.60059
			],
			"faces": {
				"east": {"rotation": 180,"uv": [12.5,4,12.75,4.25],"texture": "#3"},
				"north": {"rotation": 180,"uv": [10.25,2.75,12.75,5],"texture": "#3"},
				"up": {"rotation": 180,"uv": [15,4,16,5],"texture": "#3"},
				"south": {"rotation": 180,"uv": [15.75,5.5,16,6],"texture": "#2"}
			}
		},
		{
			"to": [
				12.3505,
				6.75306,
				8.6175
			],
			"rotation": {
				"origin": [12.1,7.10601,8.25695],
				"angle": 0,
				"axis": "y"
			},
			"from": [
				12.175,
				6.69496,
				7.3825
			],
			"faces": {
				"east": {"rotation": 180,"uv": [12.25,4.25,14,4.5],"texture": "#3"},
				"north": {"uv": [12.25,0.75,12.5,1],"texture": "#3"},
				"south": {"uv": [12.25,0.75,12.5,1],"texture": "#3"}
			}
		},
		{
			"to": [
				12.2,
				6.7031,
				8.61725
			],
			"rotation": {
				"origin": [12.1,7.10605,8.25721],
				"angle": 0,
				"axis": "y"
			},
			"from": [
				12.15,
				6.645,
				7.38275
			],
			"faces": {
				"north": {"uv": [12.25,0.75,12.5,1],"texture": "#3"},
				"south": {"uv": [12.25,0.75,12.5,1],"texture": "#3"}
			}
		},
		{
			"to": [
				12.30051,
				6.8043,
				8.61775
			],
			"rotation": {
				"origin": [12.05051,6.62525,7.99975],
				"angle": -22.5,
				"axis": "z"
			},
			"from": [
				12.15051,
				6.3462,
				7.38225
			],
			"faces": {
				"east": {"rotation": 180,"uv": [12.75,4,14.5,4.75],"texture": "#3"},
				"north": {"uv": [5,3.5,5.25,5],"texture": "#3"},
				"south": {"uv": [5,3.5,5.25,5],"texture": "#3"}
			}
		},
		{
			"to": [
				12.1747,
				6.75307,
				8.6175
			],
			"rotation": {
				"origin": [11.92469,6.85082,8],
				"angle": 0,
				"axis": "z"
			},
			"from": [
				11.3879,
				6.27177,
				7.3825
			],
			"faces": {
				"down": {"rotation": 180,"uv": [10,4.5,10.75,7.5],"texture": "#3"},
				"west": {"uv": [1.75,9.25,2.25,9.75],"texture": "#2"},
				"north": {"uv": [5,3.5,5.5,5],"texture": "#3"},
				"south": {"uv": [13.5,3.5,14,5],"texture": "#3"}
			}
		},
		{
			"to": [
				11.4497,
				6.32807,
				8.5175
			],
			"rotation": {
				"origin": [11.19969,6.85082,8],
				"angle": 0,
				"axis": "z"
			},
			"from": [
				8.225,
				6.27177,
				7.4825
			],
			"faces": {
				"north": {"uv": [9.5,11.25,13.25,11.75],"texture": "#2"},
				"south": {"uv": [9.5,11.25,13.25,11.75],"texture": "#2"}
			}
		},
		{
			"to": [
				7.35961,
				5.443,
				8.317
			],
			"rotation": {
				"origin": [8.25961,5.26398,8.0005],
				"angle": 22.5,
				"axis": "z"
			},
			"from": [
				7.20961,
				5.08496,
				7.683
			],
			"faces": {
				"down": {"rotation": 270,"uv": [10,12,11.5,12.5],"texture": "#2"},
				"east": {"rotation": 180,"uv": [10.5,4,12,5],"texture": "#2"},
				"north": {"uv": [10.25,4,10.5,5.25],"texture": "#2"},
				"south": {"uv": [10.25,4,10.5,5.25],"texture": "#2"}
			}
		},
		{
			"to": [
				6.1176,
				5.63319,
				8.1676
			],
			"rotation": {
				"origin": [6.9926,5.45417,8.1499],
				"angle": 22.5,
				"axis": "z"
			},
			"from": [
				5.9426,
				5.27515,
				7.8324
			],
			"faces": {
				"down": {"rotation": 270,"uv": [5.5,8,6,8.5],"texture": "#2"},
				"west": {"rotation": 180,"uv": [5.5,8,5.75,8.75],"texture": "#2"},
				"east": {"rotation": 180,"uv": [10.5,3.75,11,5],"texture": "#2"},
				"north": {"rotation": 180,"uv": [10.5,3.75,10.75,5],"texture": "#2"},
				"south": {"rotation": 180,"uv": [10.5,3.75,10.75,5],"texture": "#2"}
			}
		},
		{
			"to": [
				7.35804,
				6.15481,
				8.3175
			],
			"rotation": {
				"origin": [8.25804,5.27579,8],
				"angle": 0,
				"axis": "z"
			},
			"from": [
				7.20804,
				4.69677,
				7.6825
			],
			"faces": {
				"down": {"rotation": 270,"uv": [10.25,11.75,11.75,12.25],"texture": "#2"},
				"west": {"rotation": 180,"uv": [11.5,4.5,13,6.75],"texture": "#2"},
				"east": {"rotation": 180,"uv": [7.75,2.75,9.25,6.75],"texture": "#3"},
				"north": {"uv": [8,0.5,8.25,5.25],"texture": "#2"},
				"south": {"uv": [7.75,0.5,8,5.25],"texture": "#2"}
			}
		},
		{
			"to": [
				6.12902,
				5.67579,
				8.1675
			],
			"rotation": {
				"origin": [7.00402,5.39677,8.15],
				"angle": 0,
				"axis": "z"
			},
			"from": [
				5.95402,
				5.21775,
				7.8325
			],
			"faces": {
				"west": {"uv": [5.5,8,5.75,8.75],"texture": "#2"},
				"east": {"uv": [9.5,11.75,10,12.75],"texture": "#2"},
				"north": {"uv": [9.5,11.75,9.75,12.75],"texture": "#2"},
				"south": {"uv": [9.5,11.75,9.75,12.75],"texture": "#2"}
			}
		},
		{
			"to": [
				7.20804,
				4.84677,
				8.3175
			],
			"rotation": {
				"origin": [8.25402,5.27177,8],
				"angle": 0,
				"axis": "z"
			},
			"from": [
				5.65,
				4.69677,
				7.6825
			],
			"faces": {
				"down": {"rotation": 270,"uv": [9.75,8,11.25,12],"texture": "#2"},
				"north": {"uv": [7.5,4.75,9.5,5.25],"texture": "#2"},
				"up": {"rotation": 270,"uv": [10,6.5,11.5,7.75],"texture": "#2"},
				"south": {"rotation": 180,"uv": [6.5,14,8.5,14.5],"texture": "#2"}
			}
		},
		{
			"to": [
				6.1529,
				4.929,
				8.3174
			],
			"rotation": {
				"origin": [6.02387,4.879,8.0001],
				"angle": -45,
				"axis": "z"
			},
			"from": [
				5.41985,
				4.754,
				7.6826
			],
			"faces": {
				"north": {"rotation": 270,"uv": [5,4.5,5.25,5],"texture": "#2"},
				"up": {"rotation": 90,"uv": [9.75,11,11.25,12.75],"texture": "#2"},
				"south": {"rotation": 90,"uv": [5,4.5,5.25,5],"texture": "#2"}
			}
		},
		{
			"to": [
				7.35402,
				5.45079,
				8.3176
			],
			"rotation": {
				"origin": [8.25402,5.27177,7.7999],
				"angle": -22.5,
				"axis": "z"
			},
			"from": [
				7.20402,
				5.09275,
				7.6824
			],
			"faces": {
				"east": {"rotation": 180,"uv": [10,5.25,11.5,6.25],"texture": "#2"},
				"north": {"rotation": 180,"uv": [10.5,4.25,11,5.25],"texture": "#3"},
				"south": {"rotation": 180,"uv": [10.5,4.25,11,5.25],"texture": "#3"}
			}
		},
		{
			"to": [
				6.1157,
				5.60882,
				8.1675
			],
			"rotation": {
				"origin": [7.0157,5.4298,7.95],
				"angle": -22.5,
				"axis": "z"
			},
			"from": [
				5.9407,
				5.25078,
				7.8325
			],
			"faces": {
				"west": {"rotation": 90,"uv": [5.75,8,6,8.25],"texture": "#2"},
				"east": {"uv": [9.5,11,10,12],"texture": "#2"},
				"north": {"uv": [9.5,11,9.75,12],"texture": "#2"},
				"south": {"uv": [9.5,11,9.75,12],"texture": "#2"}
			}
		},
		{
			"to": [
				8.43304,
				6.74677,
				8.51745
			],
			"rotation": {
				"origin": [8.25402,5.27177,8.00005],
				"angle": 45,
				"axis": "z"
			},
			"from": [
				7.825,
				6.17177,
				7.48255
			],
			"faces": {
				"down": {"rotation": 90,"uv": [1.5,10.5,4,11.75],"texture": "#2"},
				"west": {"uv": [1.5,10.5,4,11.75],"texture": "#2"},
				"north": {"rotation": 90,"uv": [8.25,4,9,4.75],"texture": "#3"},
				"south": {"rotation": 270,"uv": [8.25,4,9,4.75],"texture": "#3"}
			}
		},
		{
			"to": [
				7.40246,
				6.30058,
				8.6175
			],
			"rotation": {
				"origin": [7.35246,5.99656,10],
				"angle": 0,
				"axis": "z"
			},
			"from": [
				6.80246,
				6.09253,
				8.3825
			],
			"faces": {
				"down": {"rotation": 180,"uv": [7.25,9,7.75,8.5],"texture": "#3"},
				"west": {"rotation": 180,"uv": [10.5,5.75,10.75,4.75],"texture": "#3"},
				"east": {"rotation": 180,"uv": [10.5,5.75,10.75,4.75],"texture": "#3"},
				"up": {"rotation": 180,"uv": [7.25,9,7.75,8.5],"texture": "#3"},
				"south": {"rotation": 180,"uv": [10.5,5.25,12.5,4.25],"texture": "#3"}
			}
		},
		{
			"to": [
				7.90804,
				6.69677,
				8.31755
			],
			"rotation": {
				"origin": [8.25402,5.27177,4.79995],
				"angle": 45,
				"axis": "z"
			},
			"from": [
				7.75,
				6.17177,
				7.68245
			],
			"faces": {
				"west": {"rotation": 180,"uv": [5.5,9.25,7,10.5],"texture": "#2"},
				"north": {"rotation": 90,"uv": [10.5,4.75,11,5.75],"texture": "#3"},
				"south": {"rotation": 270,"uv": [10.5,4.75,11,5.75],"texture": "#3"}
			}
		},
		{
			"to": [
				6.85402,
				5.40079,
				8.31745
			],
			"rotation": {
				"origin": [8.25402,5.27177,4.80005],
				"angle": -22.5,
				"axis": "z"
			},
			"from": [
				6.70402,
				5.31775,
				7.68255
			],
			"faces": {
				"down": {"rotation": 90,"uv": [5.5,9.25,7,9.5],"texture": "#2"},
				"north": {"rotation": 180,"uv": [10.5,4.75,11,5.75],"texture": "#3"},
				"south": {"rotation": 180,"uv": [10.5,4.75,11,5.75],"texture": "#3"}
			}
		},
		{
			"to": [
				7.83304,
				4.29677,
				8.3174
			],
			"rotation": {
				"origin": [8.25402,5.27177,4.8001],
				"angle": -45,
				"axis": "z"
			},
			"from": [
				7.75,
				4.14677,
				7.6826
			],
			"faces": {
				"west": {"rotation": 180,"uv": [10.25,5,11.75,5.25],"texture": "#2"},
				"north": {"uv": [11,4.5,11.25,4.75],"texture": "#2"},
				"south": {"uv": [11,4.5,11.25,4.75],"texture": "#2"}
			}
		},
		{
			"to": [
				8.83304,
				6.57177,
				8.51755
			],
			"rotation": {
				"origin": [8.25402,5.27177,7.99995],
				"angle": 22.5,
				"axis": "z"
			},
			"from": [
				7.85,
				6.17177,
				7.48245
			],
			"faces": {
				"down": {"rotation": 90,"uv": [6.75,8,9.25,9.25],"texture": "#3"},
				"north": {"rotation": 180,"uv": [12,4.25,14,5.1],"texture": "#3"},
				"south": {"rotation": 180,"uv": [12,4.25,14,5.1],"texture": "#3"}
			}
		},
		{
			"to": [
				12.11257,
				6.31767,
				8.00049
			],
			"rotation": {
				"origin": [11.81235,6.75017,7.84114],
				"angle": 22.5,
				"axis": "x"
			},
			"from": [
				11.38787,
				6.13267,
				7.60049
			],
			"faces": {
				"down": {"rotation": 180,"uv": [10,4.5,11.5,5.25],"texture": "#3"},
				"west": {"uv": [1.75,9.25,2.25,9.75],"texture": "#2"},
				"east": {"rotation": 180,"uv": [12.75,4.5,13,4.75],"texture": "#3"}
			}
		},
		{
			"to": [
				11.3997,
				6.31767,
				8.10049
			],
			"rotation": {
				"origin": [11.08735,6.75017,7.94114],
				"angle": 22.5,
				"axis": "x"
			},
			"from": [
				7.725,
				6.13267,
				7.70049
			],
			"faces": {
				"down": {"rotation": 180,"uv": [6.75,4.75,12.5,5.5],"texture": "#3"}
			}
		},
		{
			"to": [
				11.3997,
				6.31767,
				8.29951
			],
			"rotation": {
				"origin": [11.08735,6.75017,8.05886],
				"angle": -22.5,
				"axis": "x"
			},
			"from": [
				7.725,
				6.13267,
				7.89951
			],
			"faces": {
				"down": {"uv": [9.5,4.75,15.25,5.5],"texture": "#3"}
			}
		},
		{
			"to": [
				12.11257,
				6.31767,
				8.39951
			],
			"rotation": {
				"origin": [11.81235,6.75017,8.15886],
				"angle": -22.5,
				"axis": "x"
			},
			"from": [
				11.38787,
				6.13267,
				7.99951
			],
			"faces": {
				"down": {"uv": [12.5,4.5,14,5.25],"texture": "#3"},
				"west": {"uv": [1.75,9.25,2.25,9.75],"texture": "#2"},
				"east": {"rotation": 180,"uv": [13,4.5,13.25,4.75],"texture": "#3"}
			}
		},
		{
			"to": [
				12.11257,
				6.3037,
				8.24795
			],
			"rotation": {
				"origin": [11.81235,6.7362,7.9114],
				"angle": 0,
				"axis": "x"
			},
			"from": [
				11.38787,
				6.1187,
				7.75205
			],
			"faces": {
				"down": {"uv": [8.25,9,9.75,9.75],"texture": "#2"},
				"west": {"uv": [1.75,9.25,2.25,9.75],"texture": "#2"}
			}
		},
		{
			"to": [
				12.15652,
				6.34201,
				8.24795
			],
			"rotation": {
				"origin": [12.04417,6.24715,8],
				"angle": -22.5,
				"axis": "z"
			},
			"from": [
				11.93182,
				6.15465,
				7.75205
			],
			"faces": {
				"east": {"rotation": 180,"uv": [13.25,4.25,14,4.5],"texture": "#3"},
				"north": {"rotation": 180,"uv": [10.75,11.25,11,12],"texture": "#3"},
				"south": {"rotation": 180,"uv": [10.75,11.25,11,12],"texture": "#3"}
			}
		},
		{
			"to": [
				11.3997,
				6.3037,
				8.14795
			],
			"rotation": {
				"origin": [11.08735,6.7362,7.9114],
				"angle": 0,
				"axis": "x"
			},
			"from": [
				7.725,
				6.1187,
				7.85205
			],
			"faces": {
				"down": {"uv": [10.25,9.75,16,10.5],"texture": "#2"}
			}
		},
		{
			"to": [
				11.3997,
				6.7531,
				8.6175
			],
			"rotation": {
				"origin": [11.19969,6.85082,8],
				"angle": 0,
				"axis": "z"
			},
			"from": [
				6.4,
				6.325,
				7.3825
			],
			"faces": {
				"down": {"uv": [2.75,10,8.5,10.5],"texture": "#2"},
				"north": {"uv": [5.5,3.75,7.25,5],"texture": "#3"},
				"south": {"uv": [1.5,3.75,3.25,5],"texture": "#3"}
			}
		},
		{
			"to": [
				11.3997,
				6.7531,
				7.6173
			],
			"rotation": {
				"origin": [11.19969,6.85082,8],
				"angle": 0,
				"axis": "z"
			},
			"from": [
				11.35,
				6.325,
				7.3823
			],
			"faces": {
				"north": {"rotation": 90,"uv": [5.75,7.5,6,8],"texture": "#2"}
			}
		},
		{
			"to": [
				11.3997,
				6.7531,
				8.6177
			],
			"rotation": {
				"origin": [11.19969,6.85082,8],
				"angle": 0,
				"axis": "z"
			},
			"from": [
				11.35,
				6.325,
				8.3827
			],
			"faces": {
				"south": {"rotation": 270,"uv": [5.75,7.5,6,8],"texture": "#2"}
			}
		},
		{
			"to": [
				11.3997,
				7.01684,
				7.69027
			],
			"rotation": {
				"origin": [11.37485,6.90589,7.57277],
				"angle": 22.5,
				"axis": "x"
			},
			"from": [
				11.35,
				6.69184,
				7.45527
			],
			"faces": {
				"north": {"rotation": 90,"uv": [5.75,7.5,6,8],"texture": "#2"}
			}
		},
		{
			"to": [
				11.3997,
				7.01684,
				8.54473
			],
			"rotation": {
				"origin": [11.37485,6.90589,8.42723],
				"angle": -22.5,
				"axis": "x"
			},
			"from": [
				11.35,
				6.69184,
				8.30973
			],
			"faces": {
				"south": {"rotation": 270,"uv": [5.75,7.5,6,8],"texture": "#2"}
			}
		},
		{
			"to": [
				11.3997,
				7.04494,
				7.69027
			],
			"rotation": {
				"origin": [11.37485,6.90589,7.57277],
				"angle": 22.5,
				"axis": "x"
			},
			"from": [
				6.45,
				7.01684,
				7.45527
			],
			"faces": {
				"north": {"uv": [2.5,7.75,2.75,8],"texture": "#2"}
			}
		},
		{
			"to": [
				11.3997,
				7.04494,
				8.54473
			],
			"rotation": {
				"origin": [11.37485,6.90589,8.42723],
				"angle": -22.5,
				"axis": "x"
			},
			"from": [
				6.45,
				7.01684,
				8.30973
			],
			"faces": {
				"south": {"uv": [2.5,7.75,2.75,8],"texture": "#2"}
			}
		},
		{
			"to": [
				6.4005,
				7.6563,
				8.6175
			],
			"rotation": {
				"origin": [11.97469,6.97582,8],
				"angle": 0,
				"axis": "z"
			},
			"from": [
				3.65,
				6.325,
				7.3825
			],
			"faces": {
				"down": {"uv": [2.75,10,8.5,10.5],"texture": "#2"},
				"east": {"rotation": 180,"uv": [13.25,3.5,13.5,5],"texture": "#3"},
				"north": {"uv": [9.5,1.25,10.75,5],"texture": "#3"},
				"up": {"rotation": 90,"uv": [2.25,3.75,4.25,4.75],"texture": "#3"},
				"south": {"uv": [9,1.25,10.25,5],"texture": "#3"}
			}
		},
		{
			"to": [
				6.1005,
				7.5813,
				8.6176
			],
			"rotation": {
				"origin": [6.02525,6.96565,8],
				"angle": -22.5,
				"axis": "z"
			},
			"from": [
				5.95,
				6.35,
				7.3824
			],
			"faces": {
				"north": {"uv": [6,9,8,16],"texture": "#0"},
				"south": {"uv": [8,9,6,16],"texture": "#0"}
			}
		},
		{
			"to": [
				5.3005,
				7.5813,
				8.6176
			],
			"rotation": {
				"origin": [5.22525,6.96565,8],
				"angle": -22.5,
				"axis": "z"
			},
			"from": [
				5.15,
				6.35,
				7.3824
			],
			"faces": {
				"north": {"uv": [8,9,10,16],"texture": "#0"},
				"south": {"uv": [8,9,6,16],"texture": "#0"}
			}
		},
		{
			"to": [
				5.7005,
				7.5813,
				8.6176
			],
			"rotation": {
				"origin": [5.62525,6.96565,8],
				"angle": -22.5,
				"axis": "z"
			},
			"from": [
				5.55,
				6.35,
				7.3824
			],
			"faces": {
				"north": {"uv": [8,9,10,16],"texture": "#0"},
				"south": {"uv": [10,9,8,16],"texture": "#0"}
			}
		},
		{
			"to": [
				4.9005,
				6.8813,
				8.6176
			],
			"rotation": {
				"origin": [4.82525,6.96565,8],
				"angle": -22.5,
				"axis": "z"
			},
			"from": [
				4.75,
				6.35,
				7.3824
			],
			"faces": {
				"north": {"uv": [8,13,10,16],"texture": "#0"},
				"south": {"uv": [8,13,6,16],"texture": "#0"}
			}
		},
		{
			"to": [
				4.3005,
				6.6813,
				8.6176
			],
			"rotation": {
				"origin": [4.22525,6.96565,8],
				"angle": -22.5,
				"axis": "z"
			},
			"from": [
				4.15,
				6.35,
				7.3824
			],
			"faces": {
				"north": {"uv": [6,14,8,16],"texture": "#0"},
				"south": {"uv": [8,14,6,16],"texture": "#0"}
			}
		},
		{
			"to": [
				5.9005,
				7.5813,
				8.6176
			],
			"rotation": {
				"origin": [5.82525,6.96565,8],
				"angle": -22.5,
				"axis": "z"
			},
			"from": [
				5.75,
				6.35,
				7.3824
			],
			"faces": {
				"north": {"uv": [6,9,8,16],"texture": "#0"},
				"south": {"uv": [10,9,8,16],"texture": "#0"}
			}
		},
		{
			"to": [
				5.1005,
				7.5813,
				8.6176
			],
			"rotation": {
				"origin": [5.02525,6.96565,8],
				"angle": -22.5,
				"axis": "z"
			},
			"from": [
				4.95,
				6.35,
				7.3824
			],
			"faces": {
				"north": {"uv": [8,9,10,16],"texture": "#0"},
				"south": {"uv": [10,9,8,16],"texture": "#0"}
			}
		},
		{
			"to": [
				4.5005,
				6.6813,
				8.6176
			],
			"rotation": {
				"origin": [4.42525,6.96565,8],
				"angle": -22.5,
				"axis": "z"
			},
			"from": [
				4.35,
				6.35,
				7.3824
			],
			"faces": {
				"north": {"uv": [8,14,10,16],"texture": "#0"},
				"south": {"uv": [10,14,8,16],"texture": "#0"}
			}
		},
		{
			"to": [
				5.5005,
				7.5813,
				8.6176
			],
			"rotation": {
				"origin": [5.42525,6.96565,8],
				"angle": -22.5,
				"axis": "z"
			},
			"from": [
				5.35,
				6.35,
				7.3824
			],
			"faces": {
				"north": {"uv": [6,9,8,16],"texture": "#0"},
				"south": {"uv": [8,9,6,16],"texture": "#0"}
			}
		},
		{
			"to": [
				4.7005,
				6.6813,
				8.6176
			],
			"rotation": {
				"origin": [4.62525,6.96565,8],
				"angle": -22.5,
				"axis": "z"
			},
			"from": [
				4.55,
				6.35,
				7.3824
			],
			"faces": {
				"north": {"uv": [6,14,8,16],"texture": "#0"},
				"south": {"uv": [8,14,6,16],"texture": "#0"}
			}
		},
		{
			"to": [
				4.1005,
				6.6813,
				8.6176
			],
			"rotation": {
				"origin": [4.02525,6.96565,8],
				"angle": -22.5,
				"axis": "z"
			},
			"from": [
				3.95,
				6.35,
				7.3824
			],
			"faces": {
				"north": {"uv": [8,14,10,16],"texture": "#0"},
				"south": {"uv": [10,14,8,16],"texture": "#0"}
			}
		},
		{
			"to": [
				5.93914,
				5.48493,
				8.5176
			],
			"rotation": {
				"origin": [4.76414,5.50678,7.9999],
				"angle": -22.5,
				"axis": "z"
			},
			"from": [
				5.38914,
				2.42863,
				7.4824
			],
			"faces": {
				"east": {"rotation": 90,"uv": [0,4.5,6.25,7.5],"texture": "#3"},
				"north": {"rotation": 90,"uv": [16,11.5,9.75,12.75],"texture": "#2"},
				"south": {"rotation": 270,"uv": [8.75,11.5,15,12.75],"texture": "#2"}
			}
		},
		{
			"to": [
				5.53914,
				5.48493,
				8.6
			],
			"rotation": {
				"origin": [4.76414,5.50678,7.9175],
				"angle": -22.5,
				"axis": "z"
			},
			"from": [
				3.88914,
				2.52863,
				7.4
			],
			"faces": {
				"west": {"uv": [0,0,0.5,13.5],"texture": "#1"},
				"east": {"uv": [15.5,2.5,16,16],"texture": "#1"},
				"north": {"uv": [11,2.5,2,16],"texture": "#1"},
				"south": {"uv": [2,2.5,11,16],"texture": "#1"}
			}
		},
		{
			"to": [
				5.47179,
				5.84631,
				8.59985
			],
			"rotation": {
				"origin": [4.89679,5.66816,8.41765],
				"angle": 0,
				"axis": "z"
			},
			"from": [
				3.84679,
				5.19001,
				7.40015
			],
			"faces": {
				"west": {"uv": [0,3,0.5,7],"texture": "#1"},
				"east": {"uv": [15.5,12,16,16],"texture": "#1"},
				"north": {"uv": [11.5,0,0.5,4],"texture": "#1"},
				"up": {"rotation": 90,"uv": [15.5,5.5,16,16],"texture": "#1"},
				"south": {"uv": [0.5,0,11.5,4],"texture": "#1"}
			}
		},
		{
			"to": [
				4.47179,
				6.22131,
				8.59985
			],
			"rotation": {
				"origin": [4.89679,5.66816,8.41765],
				"angle": 0,
				"axis": "z"
			},
			"from": [
				3.84679,
				5.84001,
				7.40015
			],
			"faces": {
				"west": {"uv": [0,9,0.5,12],"texture": "#1"},
				"east": {"uv": [15.5,13,16,16],"texture": "#1"},
				"north": {"uv": [4.5,0,0.5,2.5],"texture": "#1"},
				"up": {"rotation": 90,"uv": [15.5,6,16,10],"texture": "#1"},
				"south": {"uv": [1,0,5,2.5],"texture": "#1"}
			}
		},
		{
			"to": [
				4.43519,
				4.52284,
				8.6005
			],
			"rotation": {
				"origin": [4.13519,4.22284,7.9996],
				"angle": 0,
				"axis": "z"
			},
			"from": [
				3.83519,
				3.92284,
				7.3995
			],
			"faces": {
				"north": {"uv": [5.5,9,0,14.5],"texture": "#0"},
				"south": {"uv": [0,9,5.5,14.5],"texture": "#0"}
			}
		},
		{
			"to": [
				12.17179,
				7.94631,
				8.07525
			],
			"rotation": {
				"origin": [12.59679,7.39316,7.89225],
				"angle": 0,
				"axis": "z"
			},
			"from": [
				12.04679,
				7.66501,
				7.92475
			],
			"faces": {
				"east": {"rotation": 180,"uv": [11.25,5,11.75,4.5],"texture": "#5"},
				"north": {"rotation": 90,"uv": [11.25,5.5,11.75,5],"texture": "#5"},
				"up": {"rotation": 270,"uv": [11,5,11.5,4.5],"texture": "#5"},
				"south": {"rotation": 270,"uv": [11.25,5.5,11.75,5],"texture": "#5"}
			}
		},
		{
			"to": [
				12.10537,
				7.9331,
				8.075
			],
			"rotation": {
				"origin": [12.04287,7.79245,8],
				"angle": 22.5,
				"axis": "z"
			},
			"from": [
				11.68037,
				7.6518,
				7.925
			],
			"faces": {
				"west": {"rotation": 270,"uv": [10.75,8,11.25,8.5],"texture": "#5"},
				"north": {"rotation": 270,"uv": [12.75,5.25,13.25,6.25],"texture": "#5"},
				"up": {"rotation": 90,"uv": [10.25,4.75,10.75,5.75],"texture": "#5"},
				"south": {"rotation": 90,"uv": [11.75,5.25,12.25,6.25],"texture": "#5"}
			}
		},
		{
			"to": [
				4.07179,
				7.96501,
				7.675
			],
			"rotation": {
				"origin": [4.69679,7.34316,7.4925],
				"angle": 0,
				"axis": "z"
			},
			"from": [
				3.84679,
				7.51501,
				7.525
			],
			"faces": {
				"west": {"rotation": 270,"uv": [10.75,7.75,11.75,8.25],"texture": "#5"},
				"north": {"uv": [10.75,7.5,11.75,9],"texture": "#5"},
				"up": {"rotation": 90,"uv": [9.75,3.75,10.75,4.5],"texture": "#5"},
				"south": {"uv": [10.5,7.5,11.5,10.5],"texture": "#5"}
			}
		},
		{
			"to": [
				4.29679,
				7.74001,
				8.325
			],
			"rotation": {
				"origin": [4.69679,7.36816,8.1425],
				"angle": 0,
				"axis": "z"
			},
			"from": [
				3.84679,
				7.54001,
				7.675
			],
			"faces": {
				"west": {"rotation": 180,"uv": [10.75,8,11,8.25],"texture": "#5"},
				"east": {"uv": [9,5,11.25,6.25],"texture": "#5"},
				"up": {"rotation": 90,"uv": [9,4.75,11.25,6.5],"texture": "#5"}
			}
		},
		{
			"to": [
				3.97179,
				7.86501,
				8.325
			],
			"rotation": {
				"origin": [4.69679,7.56816,8.1425],
				"angle": 0,
				"axis": "z"
			},
			"from": [
				3.84679,
				7.74001,
				7.675
			],
			"faces": {
				"west": {"rotation": 180,"uv": [10.75,8,11.25,8.5],"texture": "#5"},
				"east": {"rotation": 180,"uv": [9.25,11.25,9.5,11.75],"texture": "#5"},
				"up": {"uv": [7.75,7.75,8,8],"texture": "#5"}
			}
		},
		{
			"to": [
				3.97179,
				7.96501,
				7.95
			],
			"rotation": {
				"origin": [4.69679,7.64316,8.1425],
				"angle": 0,
				"axis": "z"
			},
			"from": [
				3.84679,
				7.86501,
				7.675
			],
			"faces": {
				"west": {"rotation": 90,"uv": [12,5,12.5,6],"texture": "#5"},
				"east": {"rotation": 180,"uv": [9.25,11.75,9.5,12.25],"texture": "#5"},
				"up": {"rotation": 90,"uv": [13.75,4.25,14.75,4.75],"texture": "#5"},
				"south": {"uv": [7.75,7.75,8,8],"texture": "#5"}
			}
		},
		{
			"to": [
				3.97179,
				7.96501,
				8.325
			],
			"rotation": {
				"origin": [4.69679,7.64316,8.5425],
				"angle": 0,
				"axis": "z"
			},
			"from": [
				3.84679,
				7.86501,
				8.05
			],
			"faces": {
				"west": {"rotation": 270,"uv": [12,5,12.5,6],"texture": "#5"},
				"east": {"rotation": 180,"uv": [9.25,11.75,9.5,12.25],"texture": "#5"},
				"north": {"uv": [7.75,7.75,8,8],"texture": "#5"},
				"up": {"rotation": 90,"uv": [13.75,4.25,14.75,4.75],"texture": "#5"}
			}
		},
		{
			"to": [
				4.47322,
				7.923,
				7.6752
			],
			"rotation": {
				"origin": [4.06072,7.79485,8],
				"angle": -45,
				"axis": "z"
			},
			"from": [
				3.94822,
				7.6667,
				7.5252
			],
			"faces": {
				"north": {"uv": [10.75,7.5,11.75,8.75],"texture": "#5"},
				"up": {"rotation": 270,"uv": [8,4.5,9,6],"texture": "#5"},
				"south": {"uv": [10.75,7.5,11.75,8.75],"texture": "#5"}
			}
		},
		{
			"to": [
				4.07179,
				7.96501,
				8.475
			],
			"rotation": {
				"origin": [4.69679,7.34316,8.5075],
				"angle": 0,
				"axis": "z"
			},
			"from": [
				3.84679,
				7.51501,
				8.325
			],
			"faces": {
				"west": {"rotation": 90,"uv": [10.75,7.75,11.75,8.25],"texture": "#5"},
				"north": {"uv": [10.5,7.5,11.5,10.5],"texture": "#5"},
				"up": {"rotation": 90,"uv": [12.5,3.75,13.5,4.5],"texture": "#5"},
				"south": {"uv": [10.5,7.5,11.5,9],"texture": "#5"}
			}
		},
		{
			"to": [
				4.47322,
				7.923,
				8.4748
			],
			"rotation": {
				"origin": [4.06072,7.79485,8],
				"angle": -45,
				"axis": "z"
			},
			"from": [
				3.94822,
				7.6667,
				8.3248
			],
			"faces": {
				"north": {"uv": [10.75,7.5,11.75,8.75],"texture": "#5"},
				"up": {"rotation": 270,"uv": [12.25,4.5,13.25,6],"texture": "#5"},
				"south": {"uv": [11,7.5,12,8.75],"texture": "#5"}
			}
		},
		{
			"to": [
				4.46606,
				3.09018,
				8.6001
			],
			"rotation": {
				"origin": [3.69106,3.11203,11.4174],
				"angle": 0,
				"axis": "z"
			},
			"from": [
				2.81606,
				2.45888,
				7.3999
			],
			"faces": {
				"down": {"rotation": 90,"uv": [15.5,6,16,16],"texture": "#1"},
				"west": {"uv": [0,0,0.5,3],"texture": "#1"},
				"north": {"uv": [11.5,9,1.5,12],"texture": "#1"},
				"south": {"uv": [1.5,9,11.5,12],"texture": "#1"}
			}
		},
		{
			"to": [
				4.91606,
				3.89018,
				8.59985
			],
			"rotation": {
				"origin": [3.69106,3.11203,11.41765],
				"angle": 0,
				"axis": "z"
			},
			"from": [
				4.46606,
				2.45888,
				7.40015
			],
			"faces": {
				"down": {"rotation": 90,"uv": [15.5,13.5,16,16],"texture": "#1"},
				"east": {"uv": [15.5,9,16,16],"texture": "#1"},
				"north": {"uv": [9.5,6,12,13],"texture": "#1"},
				"south": {"uv": [9.5,6,12,13],"texture": "#1"}
			}
		},
		{
			"to": [
				4.03914,
				5.48493,
				8.525
			],
			"rotation": {
				"origin": [4.76414,5.50678,7.9925],
				"angle": -22.5,
				"axis": "z"
			},
			"from": [
				3.78914,
				2.42863,
				7.475
			],
			"faces": {
				"west": {"uv": [0,0,6,2.5],"texture": "#1"},
				"north": {"uv": [2.5,2,1,15.5],"texture": "#1"},
				"south": {"uv": [1,2,2.5,15.5],"texture": "#1"}
			}
		},
		{
			"to": [
				2.93541,
				3.03606,
				8.525
			],
			"rotation": {
				"origin": [3.66041,3.05791,11.4925],
				"angle": 0,
				"axis": "z"
			},
			"from": [
				2.68541,
				2.55476,
				7.475
			],
			"faces": {
				"down": {"rotation": 270,"uv": [15.5,13.5,16,15],"texture": "#1"},
				"west": {"uv": [1.5,0,7.5,1.5],"texture": "#1"},
				"north": {"uv": [3,9,1.5,12],"texture": "#1"},
				"south": {"uv": [1.5,9,3,12],"texture": "#1"}
			}
		},
		{
			"to": [
				7.14426,
				7.99307,
				8.5174
			],
			"rotation": {
				"origin": [2.91926,8.01492,8.0001],
				"angle": -45,
				"axis": "z"
			},
			"from": [
				6.79426,
				7.83677,
				7.4826
			],
			"faces": {
				"north": {"rotation": 90,"uv": [12.75,12,13,12.75],"texture": "#2"},
				"up": {"rotation": 90,"uv": [10.5,4,15,5.25],"texture": "#2"},
				"south": {"rotation": 270,"uv": [12.75,12,13,12.75],"texture": "#2"}
			}
		},
		{
			"to": [
				5.89134,
				5.01194,
				8.5175
			],
			"rotation": {
				"origin": [5.20384,5.15879,8],
				"angle": 0,
				"axis": "z"
			},
			"from": [
				5.71634,
				4.78064,
				7.4825
			],
			"faces": {
				"down": {"rotation": 90,"uv": [11.5,7.25,16,8],"texture": "#2"},
				"east": {"uv": [10.5,4.5,15,5.25],"texture": "#2"},
				"north": {"rotation": 270,"uv": [1.5,4.5,1.75,5],"texture": "#2"},
				"south": {"rotation": 90,"uv": [1.5,4.5,1.75,5],"texture": "#2"}
			}
		},
		{
			"to": [
				7.41634,
				6.03064,
				7.5175
			],
			"rotation": {
				"origin": [5.20384,5.15879,8],
				"angle": 0,
				"axis": "z"
			},
			"from": [
				7.16634,
				5.78064,
				7.3575
			],
			"faces": {
				"down": {"rotation": 270,"uv": [14.5,14,15,15.5],"texture": "#0"},
				"west": {"uv": [14.5,13,15,14.5],"texture": "#0"},
				"east": {"uv": [13.5,14.5,14,16],"texture": "#0"},
				"north": {"rotation": 90,"uv": [13.5,13,15,14.5],"texture": "#0"},
				"up": {"rotation": 270,"uv": [11.5,13,12,14.5],"texture": "#0"}
			}
		},
		{
			"to": [
				5.79134,
				5.08064,
				7.5175
			],
			"rotation": {
				"origin": [3.57884,4.20879,8],
				"angle": 0,
				"axis": "z"
			},
			"from": [
				5.54134,
				4.83064,
				7.3575
			],
			"faces": {
				"down": {"rotation": 90,"uv": [14.5,14,15,15.5],"texture": "#0"},
				"west": {"uv": [14.5,13,15,14.5],"texture": "#0"},
				"east": {"uv": [13.5,13.5,14,15],"texture": "#0"},
				"north": {"uv": [13,13,14.5,14.5],"texture": "#0"},
				"up": {"rotation": 270,"uv": [12,12.5,12.5,14],"texture": "#0"}
			}
		},
		{
			"to": [
				7.36634,
				5.98064,
				8.6425
			],
			"rotation": {
				"origin": [5.20384,5.15879,8],
				"angle": 0,
				"axis": "z"
			},
			"from": [
				7.24134,
				5.85564,
				8.4825
			],
			"faces": {
				"down": {"rotation": 270,"uv": [12,15.5,12.5,14.5],"texture": "#0"},
				"west": {"rotation": 180,"uv": [14.5,14.5,15,13.5],"texture": "#0"},
				"east": {"rotation": 180,"uv": [14.5,14.5,15,13.5],"texture": "#0"},
				"up": {"rotation": 270,"uv": [13.5,14,14,13],"texture": "#0"},
				"south": {"rotation": 180,"uv": [14,14.5,15,13.5],"texture": "#0"}
			}
		},
		{
			"to": [
				6.01634,
				6.15564,
				7.7175
			],
			"rotation": {
				"origin": [5.20384,5.15879,8],
				"angle": 0,
				"axis": "z"
			},
			"from": [
				4.56634,
				5.90564,
				7.3575
			],
			"faces": {
				"down": {"uv": [2.75,10,3.25,10.5],"texture": "#2"},
				"west": {"rotation": 180,"uv": [8.5,4.5,9,5.25],"texture": "#3"},
				"east": {"uv": [7,7,8,7.75],"texture": "#2"},
				"north": {"uv": [7,7,11.25,7.75],"texture": "#2"},
				"up": {"uv": [7,4.75,11.25,6],"texture": "#2"}
			}
		},
		{
			"to": [
				4.93468,
				7.28377,
				8.6601
			],
			"rotation": {
				"origin": [4.35968,7.18377,7.5199],
				"angle": 22.5,
				"axis": "z"
			},
			"from": [
				3.93468,
				7.05877,
				7.3399
			],
			"faces": {
				"down": {"rotation": 270,"uv": [9.75,11.5,10,12.25],"texture": "#3"},
				"north": {"uv": [10.75,4.5,12.75,5.25],"texture": "#3"},
				"south": {"uv": [10.75,4.5,12.75,5.25],"texture": "#3"}
			}
		},
		{
			"to": [
				5.3165,
				6.10033,
				7.48396
			],
			"rotation": {
				"origin": [5.29134,5.97533,7.35396],
				"angle": -45,
				"axis": "x"
			},
			"from": [
				4.5665,
				5.95033,
				7.32396
			],
			"faces": {
				"west": {"rotation": 270,"uv": [8.5,4.5,9,5.25],"texture": "#3"},
				"east": {"uv": [8.5,4.75,9.25,5.5],"texture": "#3"},
				"north": {"uv": [8.5,4.75,12.75,5.5],"texture": "#3"},
				"up": {"uv": [5.5,12.75,9.75,14.75],"texture": "#2"}
			}
		},
		{
			"to": [
				4.94134,
				7.45033,
				7.46646
			],
			"rotation": {
				"origin": [5.21634,7.32533,7.33646],
				"angle": -45,
				"axis": "x"
			},
			"from": [
				4.49134,
				7.30033,
				7.30646
			],
			"faces": {
				"west": {"uv": [9.5,4.5,9.75,5.25],"texture": "#3"},
				"east": {"uv": [5.75,15.75,6,16],"texture": "#3"},
				"north": {"uv": [10.5,5,10.75,5.75],"texture": "#3"},
				"up": {"rotation": 180,"uv": [8.75,4.25,9.75,5.25],"texture": "#2"}
			}
		},
		{
			"to": [
				4.94134,
				7.45033,
				8.69354
			],
			"rotation": {
				"origin": [5.21634,7.32533,8.66354],
				"angle": 45,
				"axis": "x"
			},
			"from": [
				4.49134,
				7.30033,
				8.53354
			],
			"faces": {
				"west": {"uv": [9.5,4.5,9.75,5.25],"texture": "#3"},
				"east": {"uv": [5.75,15.75,6,16],"texture": "#3"},
				"up": {"uv": [8.75,4.25,9.75,5.25],"texture": "#2"},
				"south": {"uv": [10.5,5,10.75,5.75],"texture": "#3"}
			}
		},
		{
			"to": [
				5.01634,
				6.30564,
				7.5425
			],
			"rotation": {
				"origin": [5.20384,5.15879,8],
				"angle": 0,
				"axis": "z"
			},
			"from": [
				4.56634,
				6.15564,
				7.3575
			],
			"faces": {
				"west": {"rotation": 180,"uv": [8.5,5.25,9,5.75],"texture": "#3"},
				"east": {"uv": [7,5,8,5.5],"texture": "#3"},
				"north": {"uv": [7,7,8.25,7.5],"texture": "#2"},
				"up": {"uv": [7,6,8.25,6.5],"texture": "#3"}
			}
		},
		{
			"to": [
				4.94134,
				7.50564,
				8.6599
			],
			"rotation": {
				"origin": [5.12884,6.35879,7.9826],
				"angle": 0,
				"axis": "z"
			},
			"from": [
				3.76634,
				7.28064,
				7.3401
			],
			"faces": {
				"down": {"rotation": 270,"uv": [9.75,11.5,10,12.25],"texture": "#3"},
				"east": {"uv": [5.75,15.75,6,16],"texture": "#3"},
				"north": {"uv": [10.5,4.25,14,5],"texture": "#2"},
				"up": {"rotation": 90,"uv": [6.5,4.25,6.75,5],"texture": "#2"},
				"south": {"uv": [9.5,4.25,13,5],"texture": "#2"}
			}
		},
		{
			"to": [
				4.01487,
				7.50564,
				8.66
			],
			"rotation": {
				"origin": [3.89061,7.20564,7.52],
				"angle": 0,
				"axis": "z"
			},
			"from": [
				3.76634,
				6.90564,
				7.34
			],
			"faces": {
				"down": {"uv": [8.75,9,9,9.25],"texture": "#3"},
				"north": {"uv": [3.25,3.5,3.75,5.25],"texture": "#3"},
				"south": {"uv": [3.25,3.5,3.75,5.25],"texture": "#3"}
			}
		},
		{
			"to": [
				4.01487,
				7.50564,
				8.6595
			],
			"rotation": {
				"origin": [3.89061,7.20564,7.52],
				"angle": 45,
				"axis": "z"
			},
			"from": [
				3.76634,
				6.90564,
				7.3405
			],
			"faces": {
				"north": {"rotation": 180,"uv": [11.75,1.5,12.25,3.25],"texture": "#3"},
				"up": {"uv": [0.25,3.25,0.5,3.5],"texture": "#3"},
				"south": {"rotation": 180,"uv": [11.75,1.5,12.25,3.25],"texture": "#3"}
			}
		},
		{
			"to": [
				3.98987,
				7.30564,
				8.6602
			],
			"rotation": {
				"origin": [3.89061,7.20564,7.5198],
				"angle": 45,
				"axis": "z"
			},
			"from": [
				3.79134,
				7.10564,
				7.3398
			],
			"faces": {
				"north": {"uv": [5,2,6.25,3],"texture": "#2"},
				"south": {"uv": [5,2,6.25,3],"texture": "#2"}
			}
		},
		{
			"to": [
				4.49061,
				6.90637,
				8.6177
			],
			"rotation": {
				"origin": [4.49061,6.90564,7.5123],
				"angle": 0,
				"axis": "z"
			},
			"from": [
				4.39061,
				6.80637,
				7.3823
			],
			"faces": {
				"north": {"uv": [0,15,1,16],"texture": "#0"},
				"south": {"uv": [1,15,0,16],"texture": "#0"}
			}
		},
		{
			"to": [
				4.34061,
				7.3299,
				8.65975
			],
			"rotation": {
				"origin": [3.89061,7.20564,7.52025],
				"angle": 0,
				"axis": "z"
			},
			"from": [
				3.59061,
				7.08138,
				7.34025
			],
			"faces": {
				"west": {"uv": [7,15.75,7.25,16],"texture": "#3"},
				"north": {"rotation": 270,"uv": [11,3.25,11.5,5],"texture": "#3"},
				"south": {"rotation": 90,"uv": [11,3.25,11.5,5],"texture": "#3"}
			}
		},
		{
			"to": [
				4.19061,
				7.3299,
				8.6595
			],
			"rotation": {
				"origin": [3.89061,7.20564,7.52],
				"angle": 45,
				"axis": "z"
			},
			"from": [
				3.59061,
				7.08138,
				7.3405
			],
			"faces": {
				"west": {"uv": [9.75,11.75,10,12],"texture": "#3"},
				"north": {"rotation": 270,"uv": [11.5,3.5,12,5.25],"texture": "#3"},
				"south": {"rotation": 90,"uv": [11.5,3.5,12,5.25],"texture": "#3"}
			}
		},
		{
			"to": [
				5.65,
				6.8313,
				8.5175
			],
			"rotation": {
				"origin": [4.475,7.65315,8],
				"angle": 0,
				"axis": "z"
			},
			"from": [
				3.6,
				4.575,
				7.4825
			],
			"faces": {
				"west": {"uv": [9.25,10.75,11.25,13.5],"texture": "#3"},
				"east": {"rotation": 180,"uv": [9.75,2,14.25,7.75],"texture": "#3"},
				"north": {"rotation": 180,"uv": [11,1.75,16,6.15],"texture": "#3"},
				"south": {"rotation": 180,"uv": [10,1.75,15,6.15],"texture": "#3"}
			}
		},
		{
			"to": [
				3.75,
				5.6313,
				8.3999
			],
			"rotation": {
				"origin": [4.475,7.65315,8.1176],
				"angle": 0,
				"axis": "z"
			},
			"from": [
				3.5,
				4.575,
				7.6001
			],
			"faces": {
				"west": {"uv": [9.25,10.75,11.25,13.5],"texture": "#3"},
				"north": {"uv": [9.25,10.75,9.5,13.5],"texture": "#3"},
				"south": {"uv": [9.25,10.75,9.5,13.5],"texture": "#3"}
			}
		},
		{
			"to": [
				3.6,
				6.325,
				8.5175
			],
			"rotation": {
				"origin": [3.125,6.2,8],
				"angle": 0,
				"axis": "z"
			},
			"from": [
				2.55,
				5.975,
				7.4825
			],
			"faces": {
				"down": {"rotation": 90,"uv": [11,9,13,11.25],"texture": "#3"},
				"north": {"rotation": 180,"uv": [9.25,3.15,7.75,2.25],"texture": "#3"},
				"up": {"rotation": 90,"uv": [8.25,10,11,13],"texture": "#2"},
				"south": {"rotation": 180,"uv": [8,3.4,9.5,2.5],"texture": "#3"}
			}
		},
		{
			"to": [
				3.65,
				5.775,
				8.5175
			],
			"rotation": {
				"origin": [3.525,5.6,8],
				"angle": 22.5,
				"axis": "z"
			},
			"from": [
				3.5,
				5.225,
				7.4825
			],
			"faces": {
				"west": {"uv": [11.25,10.5,13.25,12],"texture": "#3"},
				"north": {"rotation": 180,"uv": [13.75,3.9,14.25,3.25],"texture": "#3"},
				"south": {"rotation": 180,"uv": [13.75,3.9,14.25,3.25],"texture": "#3"}
			}
		},
		{
			"to": [
				3.525,
				5.775,
				8.4
			],
			"rotation": {
				"origin": [3.525,5.6,8.1175],
				"angle": 22.5,
				"axis": "z"
			},
			"from": [
				3.4,
				5.225,
				7.6
			],
			"faces": {
				"west": {"uv": [10.5,10.5,12.5,12],"texture": "#3"},
				"north": {"uv": [11.25,10.5,11.5,12],"texture": "#3"},
				"south": {"uv": [11.25,10.5,11.5,12],"texture": "#3"}
			}
		},
		{
			"to": [
				3.9,
				6.075,
				8.5174
			],
			"rotation": {
				"origin": [3.525,5.6,8.0001],
				"angle": 45,
				"axis": "z"
			},
			"from": [
				3.5,
				5.6,
				7.4826
			],
			"faces": {
				"west": {"rotation": 180,"uv": [11.75,5.5,13.75,6.5],"texture": "#2"},
				"north": {"rotation": 180,"uv": [13.75,3.9,14.25,3.25],"texture": "#3"},
				"south": {"rotation": 180,"uv": [13.75,3.9,14.25,3.25],"texture": "#3"}
			}
		},
		{
			"to": [
				3.525,
				5.975,
				8.40005
			],
			"rotation": {
				"origin": [3.525,5.6,8.11745],
				"angle": 45,
				"axis": "z"
			},
			"from": [
				3.4,
				5.6,
				7.59995
			],
			"faces": {
				"west": {"uv": [11.5,10.5,13.5,11.5],"texture": "#2"},
				"north": {"uv": [11.25,9.75,11.5,11.25],"texture": "#3"},
				"south": {"uv": [11.25,9.75,11.5,11.25],"texture": "#3"}
			}
		},
		{
			"to": [
				3.225,
				5.85,
				8.5174
			],
			"rotation": {
				"origin": [3.525,5.6,8.0001],
				"angle": -22.5,
				"axis": "z"
			},
			"from": [
				2.775,
				5.7,
				7.4826
			],
			"faces": {
				"down": {"rotation": 90,"uv": [8,9,10,10.25],"texture": "#3"},
				"north": {"rotation": 180,"uv": [13.75,3.9,14.25,3.25],"texture": "#3"},
				"south": {"rotation": 180,"uv": [13.75,3.9,14.25,3.25],"texture": "#3"}
			}
		},
		{
			"to": [
				3.2,
				5.7,
				8.4001
			],
			"rotation": {
				"origin": [3.525,5.6,8.1174],
				"angle": -22.5,
				"axis": "z"
			},
			"from": [
				2.775,
				5.6,
				7.5999
			],
			"faces": {
				"down": {"rotation": 90,"uv": [8,9,10,10.25],"texture": "#3"},
				"north": {"uv": [11.25,9.75,11.5,11.25],"texture": "#3"},
				"south": {"uv": [11.25,9.75,11.5,11.25],"texture": "#3"}
			}
		},
		{
			"to": [
				2.63399,
				6.15274,
				8.5174
			],
			"rotation": {
				"origin": [2.15899,6.02774,8.0001],
				"angle": 22.5,
				"axis": "z"
			},
			"from": [
				2.08399,
				6.00274,
				7.4826
			],
			"faces": {
				"north": {"uv": [9.5,15,10.5,15.5],"texture": "#2"},
				"up": {"rotation": 180,"uv": [7.5,0,9,1.25],"texture": "#2"},
				"south": {"uv": [9.5,15,10.5,15.5],"texture": "#2"}
			}
		},
		{
			"to": [
				2.55,
				6.11452,
				8.5176
			],
			"rotation": {
				"origin": [2.075,5.975,7.9999],
				"angle": 0,
				"axis": "z"
			},
			"from": [
				2.04187,
				5.975,
				7.4824
			],
			"faces": {
				"down": {"rotation": 90,"uv": [10.75,11,12.25,12.5],"texture": "#3"},
				"west": {"uv": [7,4.75,9.75,5.25],"texture": "#2"},
				"north": {"uv": [9.75,15.5,10.75,16],"texture": "#2"},
				"south": {"uv": [9.75,15.5,10.75,16],"texture": "#2"}
			}
		},
		{
			"to": [
				3.55013,
				5.98952,
				8.4
			],
			"rotation": {
				"origin": [2.075,5.975,8.1175],
				"angle": 0,
				"axis": "z"
			},
			"from": [
				2.042,
				5.875,
				7.6
			],
			"faces": {
				"down": {"rotation": 90,"uv": [10.75,8.5,12.75,12.5],"texture": "#3"},
				"west": {"uv": [3.5,5,6.25,5.5],"texture": "#2"},
				"north": {"rotation": 270,"uv": [11,10.5,11.25,12.75],"texture": "#3"},
				"south": {"rotation": 90,"uv": [11,10.5,11.25,12.75],"texture": "#3"}
			}
		},
		{
			"to": [
				3.375,
				6.398,
				8.51725
			],
			"rotation": {
				"origin": [3.15,6.2,8.00025],
				"angle": 22.5,
				"axis": "z"
			},
			"from": [
				2.45,
				6.248,
				7.48275
			],
			"faces": {
				"north": {"uv": [9.75,15.5,10.75,16],"texture": "#2"},
				"up": {"rotation": 270,"uv": [10.25,3.25,13,6.25],"texture": "#2"},
				"south": {"uv": [9.75,15.5,10.75,16],"texture": "#2"}
			}
		},
		{
			"to": [
				7.55,
				6.3563,
				8.5175
			],
			"rotation": {
				"origin": [4.475,7.65315,8],
				"angle": 0,
				"axis": "z"
			},
			"from": [
				5.65,
				6,
				7.4825
			],
			"faces": {
				"down": {"uv": [2.75,10,3.25,10.5],"texture": "#2"},
				"north": {"rotation": 180,"uv": [5.75,4.5,10,5.15],"texture": "#3"},
				"south": {"rotation": 180,"uv": [5.75,4.5,10,5.15],"texture": "#3"}
			}
		},
		{
			"to": [
				7.05,
				6.0563,
				8.3175
			],
			"rotation": {
				"origin": [4.475,7.65315,8],
				"angle": 0,
				"axis": "z"
			},
			"from": [
				5.825,
				5.9,
				7.6825
			],
			"faces": {
				"down": {"rotation": 90,"uv": [5.5,9.25,7,9.5],"texture": "#2"},
				"north": {"rotation": 180,"uv": [10.5,4.75,11,5.75],"texture": "#3"},
				"south": {"rotation": 180,"uv": [10.5,4.75,11,5.75],"texture": "#3"}
			}
		},
		{
			"to": [
				5.725,
				5.72,
				8.31755
			],
			"rotation": {
				"origin": [4.475,7.65315,7.99995],
				"angle": 0,
				"axis": "z"
			},
			"from": [
				5.375,
				5.22,
				7.68245
			],
			"faces": {
				"east": {"rotation": 180,"uv": [12,4.25,13.5,5],"texture": "#3"},
				"north": {"rotation": 180,"uv": [12,4,12.5,5],"texture": "#3"},
				"south": {"rotation": 180,"uv": [12,4,12.5,5],"texture": "#3"}
			}
		},
		{
			"to": [
				5.7,
				5.745,
				8.3175
			],
			"rotation": {
				"origin": [5.55,5.42,8],
				"angle": -22.5,
				"axis": "z"
			},
			"from": [
				5.6,
				5.495,
				7.6825
			],
			"faces": {
				"east": {"rotation": 180,"uv": [6.75,4.5,8.25,5.25],"texture": "#3"},
				"north": {"rotation": 270,"uv": [12.25,4.5,12.75,4.75],"texture": "#3"},
				"south": {"rotation": 270,"uv": [12.25,4.5,12.75,4.75],"texture": "#3"}
			}
		},
		{
			"to": [
				5.675,
				6.32,
				8.31745
			],
			"rotation": {
				"origin": [5.55,5.57,8.00005],
				"angle": -45,
				"axis": "z"
			},
			"from": [
				5.3,
				5.62,
				7.68255
			],
			"faces": {
				"east": {"uv": [8,10.25,9.5,12.5],"texture": "#3"},
				"north": {"rotation": 270,"uv": [12.25,4.5,12.75,5.5],"texture": "#3"},
				"south": {"rotation": 90,"uv": [12.25,4.5,12.75,5.5],"texture": "#3"}
			}
		},
		{
			"to": [
				6.3,
				5.695,
				8.3174
			],
			"rotation": {
				"origin": [5.55,5.57,8.0001],
				"angle": 22.5,
				"axis": "z"
			},
			"from": [
				6,
				5.645,
				7.6826
			],
			"faces": {
				"down": {"rotation": 90,"uv": [8.25,8,9.75,8.75],"texture": "#3"},
				"north": {"rotation": 270,"uv": [12.25,4.5,12.5,4.75],"texture": "#3"},
				"south": {"rotation": 270,"uv": [12.25,4.5,12.5,4.75],"texture": "#3"}
			}
		},
		{
			"to": [
				4.68541,
				2.53606,
				8.518
			],
			"rotation": {
				"origin": [4.06041,4.75791,7.9995],
				"angle": 0,
				"axis": "z"
			},
			"from": [
				2.83541,
				2.17976,
				7.482
			],
			"faces": {
				"down": {"uv": [0,8.75,3.75,11.75],"texture": "#2"},
				"west": {"rotation": 90,"uv": [5.75,8.5,6.5,11.5],"texture": "#3"},
				"north": {"uv": [7.5,11.75,11.25,12.5],"texture": "#3"},
				"south": {"uv": [7.5,11.75,11.25,12.5],"texture": "#3"}
			}
		},
		{
			"to": [
				5.23541,
				3.63606,
				8.5177
			],
			"rotation": {
				"origin": [4.39208,4.18158,7.9998],
				"angle": 0,
				"axis": "z"
			},
			"from": [
				4.68541,
				2.17976,
				7.4823
			],
			"faces": {
				"east": {"rotation": 90,"uv": [3.5,4.5,6,7.5],"texture": "#3"},
				"north": {"rotation": 90,"uv": [7,11.5,9.5,12.75],"texture": "#2"},
				"south": {"rotation": 270,"uv": [4.75,11.5,7.25,12.75],"texture": "#2"}
			}
		},
		{
			"to": [
				4.48251,
				7.02774,
				8.617
			],
			"rotation": {
				"origin": [3.30751,6.33709,8.0009],
				"angle": 45,
				"axis": "z"
			},
			"from": [
				4.13251,
				6.64644,
				7.383
			],
			"faces": {
				"west": {"rotation": 180,"uv": [7.25,6.25,8.25,4.75],"texture": "#3"},
				"north": {"rotation": 180,"uv": [15,1.75,15.5,2.75],"texture": "#3"},
				"up": {"rotation": 270,"uv": [4.75,4,6.75,5],"texture": "#3"},
				"south": {"rotation": 180,"uv": [15,1.75,15.5,2.75],"texture": "#3"}
			}
		},
		{
			"to": [
				3.25029,
				7.234,
				7.8426
			],
			"rotation": {
				"origin": [3.59094,6.05895,8],
				"angle": -22.5,
				"axis": "z"
			},
			"from": [
				2.90029,
				6.508,
				7.3826
			],
			"faces": {
				"west": {"rotation": 270,"uv": [6.5,2,8.5,0.75],"texture": "#3"},
				"north": {"uv": [15,1.75,15.5,3.75],"texture": "#3"},
				"south": {"rotation": 90,"uv": [0,6.5,2,5.25],"texture": "#3"}
			}
		},
		{
			"to": [
				3.25029,
				7.234,
				8.6174
			],
			"rotation": {
				"origin": [3.59094,6.05895,8],
				"angle": -22.5,
				"axis": "z"
			},
			"from": [
				2.90029,
				6.508,
				8.1574
			],
			"faces": {
				"west": {"rotation": 90,"uv": [4.25,2,6.25,0.75],"texture": "#3"},
				"north": {"rotation": 270,"uv": [0,6.5,2,5.25],"texture": "#3"},
				"south": {"uv": [15,1.75,15.5,3.75],"texture": "#3"}
			}
		},
		{
			"to": [
				3.50502,
				6.73808,
				7.8425
			],
			"rotation": {
				"origin": [3.81536,5.96307,8],
				"angle": 0,
				"axis": "z"
			},
			"from": [
				3.12471,
				6.325,
				7.3825
			],
			"faces": {
				"down": {"uv": [2.75,10,8.5,10.5],"texture": "#2"},
				"west": {"rotation": 180,"uv": [0,5.25,2,4],"texture": "#3"},
				"north": {"uv": [9.5,3.75,10,5],"texture": "#3"}
			}
		},
		{
			"to": [
				3.50502,
				6.73808,
				8.6175
			],
			"rotation": {
				"origin": [3.81536,5.96307,8],
				"angle": 0,
				"axis": "z"
			},
			"from": [
				3.12471,
				6.325,
				8.1575
			],
			"faces": {
				"down": {"uv": [2.75,10,8.5,10.5],"texture": "#2"},
				"west": {"rotation": 180,"uv": [0,5.25,2,4],"texture": "#3"},
				"south": {"uv": [9.5,3.75,10,5],"texture": "#3"}
			}
		},
		{
			"to": [
				3.98002,
				6.86308,
				7.8427
			],
			"rotation": {
				"origin": [3.79036,5.96307,8],
				"angle": 0,
				"axis": "z"
			},
			"from": [
				3.09971,
				6.325,
				7.5827
			],
			"faces": {
				"west": {"rotation": 180,"uv": [1,5.5,0,4.25],"texture": "#3"},
				"north": {"uv": [9.75,12.5,10.25,11],"texture": "#2"},
				"up": {"uv": [9.75,12.75,10.25,11.75],"texture": "#2"},
				"south": {"rotation": 270,"uv": [16,5,14,7],"texture": "#3"}
			}
		},
		{
			"to": [
				3.98002,
				6.86308,
				8.4173
			],
			"rotation": {
				"origin": [3.79036,5.96307,8],
				"angle": 0,
				"axis": "z"
			},
			"from": [
				3.09971,
				6.325,
				8.1573
			],
			"faces": {
				"west": {"rotation": 180,"uv": [0,5.5,1,4.25],"texture": "#3"},
				"north": {"rotation": 270,"uv": [16,7,14,5],"texture": "#3"},
				"up": {"rotation": 180,"uv": [9.5,12.75,10,11.75],"texture": "#2"},
				"south": {"uv": [9.75,12.5,10.25,11],"texture": "#2"}
			}
		},
		{
			"to": [
				3.73057,
				6.44335,
				8.1575
			],
			"rotation": {
				"origin": [3.41807,6.76835,8],
				"angle": -22.5,
				"axis": "z"
			},
			"from": [
				2.30557,
				6.09335,
				7.8425
			],
			"faces": {
				"west": {"rotation": 180,"uv": [2.25,13,2.75,15.5],"texture": "#2"},
				"north": {"rotation": 90,"uv": [0,3.75,1,6.25],"texture": "#3"},
				"up": {"rotation": 90,"uv": [8.5,11.25,9.25,13],"texture": "#3"},
				"south": {"rotation": 270,"uv": [0,3.75,1,6.25],"texture": "#3"}
			}
		},
		{
			"to": [
				2.53057,
				6.09335,
				8.1575
			],
			"rotation": {
				"origin": [3.41807,6.76835,8],
				"angle": -22.5,
				"axis": "z"
			},
			"from": [
				2.30557,
				5.84335,
				7.8425
			],
			"faces": {
				"west": {"rotation": 180,"uv": [6.75,13.5,7.25,15.25],"texture": "#2"},
				"north": {"uv": [2.5,4.5,2,5],"texture": "#3"},
				"south": {"uv": [2.75,4.5,2.25,5],"texture": "#3"}
			}
		},
		{
			"to": [
				2.4895,
				5.43192,
				8.1573
			],
			"rotation": {
				"origin": [3.477,6.20692,8.0002],
				"angle": -45,
				"axis": "z"
			},
			"from": [
				2.3645,
				5.28192,
				7.8427
			],
			"faces": {
				"down": {"rotation": 90,"uv": [5.75,11.75,6.25,12.25],"texture": "#2"},
				"north": {"uv": [2.75,4.75,2.5,5],"texture": "#3"},
				"south": {"uv": [2.75,4.75,2.5,5],"texture": "#3"}
			}
		},
		{
			"to": [
				2.24966,
				6.40111,
				8.15725
			],
			"rotation": {
				"origin": [3.43716,6.27611,8.00025],
				"angle": 0,
				"axis": "z"
			},
			"from": [
				2.12466,
				6.25111,
				7.84275
			],
			"faces": {
				"down": {"rotation": 90,"uv": [5.75,11.25,6.25,11.75],"texture": "#2"},
				"north": {"uv": [2.75,4.75,2.5,5],"texture": "#3"},
				"south": {"uv": [2.75,4.75,2.5,5],"texture": "#3"}
			}
		},
		{
			"to": [
				2.96914,
				6.6034,
				8.1574
			],
			"rotation": {
				"origin": [3.45664,6.7534,8.0001],
				"angle": 0,
				"axis": "z"
			},
			"from": [
				2.24414,
				6.2534,
				7.8426
			],
			"faces": {
				"down": {"rotation": 90,"uv": [5.75,10.5,6.25,11],"texture": "#2"},
				"north": {"uv": [2.25,4.25,0.5,5],"texture": "#3"},
				"south": {"uv": [2.5,4.25,0.75,5],"texture": "#3"}
			}
		},
		{
			"to": [
				3.65,
				7.4,
				8.6173
			],
			"rotation": {
				"origin": [4.08065,6.225,8.0002],
				"angle": 0,
				"axis": "z"
			},
			"from": [
				3.505,
				6.325,
				7.3827
			],
			"faces": {
				"down": {"uv": [2.75,10,8.5,10.5],"texture": "#2"},
				"west": {"uv": [10,3.5,12.75,6],"texture": "#3"},
				"north": {"uv": [9.75,1.75,10,5],"texture": "#3"},
				"south": {"uv": [9.75,1.75,10,5],"texture": "#3"}
			}
		},
		{
			"to": [
				3.649,
				7.275,
				8.1
			],
			"rotation": {
				"origin": [4.08065,6.975,8.5175],
				"angle": 0,
				"axis": "z"
			},
			"from": [
				3.504,
				7.075,
				7.9
			],
			"faces": {
				"west": {"rotation": 90,"uv": [0,5.5,3,8.5],"texture": "#0"}
			}
		},
		{
			"to": [
				6.55,
				7.2563,
				8.61725
			],
			"rotation": {
				"origin": [6.3,6.89065,8.00025],
				"angle": 22.5,
				"axis": "z"
			},
			"from": [
				6.3,
				6.625,
				7.38275
			],
			"faces": {
				"east": {"rotation": 180,"uv": [13.25,3.5,13.5,5],"texture": "#3"},
				"north": {"uv": [13.25,2,13.5,3.75],"texture": "#3"},
				"south": {"uv": [13.25,2,13.5,3.75],"texture": "#3"}
			}
		},
		{
			"to": [
				6.4,
				7.85659,
				7.63941
			],
			"rotation": {
				"origin": [6.2,7.73909,7.88941],
				"angle": -22.5,
				"axis": "x"
			},
			"from": [
				4.9,
				7.74659,
				7.38941
			],
			"faces": {
				"west": {"uv": [1.5,4.75,2.25,5.25],"texture": "#2"},
				"east": {"uv": [13.25,4.5,13.5,5],"texture": "#3"},
				"up": {"rotation": 180,"uv": [1,4.5,1.75,5.25],"texture": "#2"}
			}
		},
		{
			"to": [
				6.4,
				7.85659,
				8.61059
			],
			"rotation": {
				"origin": [6.2,7.73909,8.11059],
				"angle": 22.5,
				"axis": "x"
			},
			"from": [
				4.9,
				7.74659,
				8.36059
			],
			"faces": {
				"west": {"uv": [1.5,4.75,2.25,5.25],"texture": "#2"},
				"east": {"uv": [13.25,4.5,13.5,5],"texture": "#3"},
				"up": {"uv": [1,4.5,1.75,5.25],"texture": "#2"}
			}
		},
		{
			"to": [
				6.405,
				7.75197,
				8.38653
			],
			"rotation": {
				"origin": [6.2,7.63447,7.76907],
				"angle": 0,
				"axis": "x"
			},
			"from": [
				4.9,
				7.64197,
				7.61347
			],
			"faces": {
				"east": {"uv": [13.25,4.5,13.5,5],"texture": "#3"},
				"up": {"rotation": 90,"uv": [0.75,4,2.75,4.75],"texture": "#2"}
			}
		},
		{
			"to": [
				4.9678,
				7.64611,
				8.38653
			],
			"rotation": {
				"origin": [4.6678,7.52861,8],
				"angle": 22.5,
				"axis": "z"
			},
			"from": [
				4.3678,
				7.41111,
				7.61347
			],
			"faces": {
				"north": {"uv": [1,4.5,1.75,5.75],"texture": "#2"},
				"up": {"rotation": 270,"uv": [2.75,3.5,4.75,3.75],"texture": "#3"},
				"south": {"uv": [1,4.5,1.75,5.75],"texture": "#2"}
			}
		},
		{
			"to": [
				12.35,
				6.95,
				8.09955
			],
			"rotation": {
				"origin": [12.1,7.2,8.00009],
				"angle": 22.5,
				"axis": "x"
			},
			"from": [
				6.35,
				6.875,
				7.90064
			],
			"faces": {
				"east": {"rotation": 180,"uv": [12.5,4,12.75,4.25],"texture": "#3"},
				"up": {"rotation": 180,"uv": [9.5,5.25,9.75,5.75],"texture": "#3"}
			}
		},
		{
			"to": [
				12.3501,
				6.95,
				8.47446
			],
			"rotation": {
				"origin": [12.1,7.2,8],
				"angle": 0,
				"axis": "x"
			},
			"from": [
				6.35,
				6.75,
				7.52555
			],
			"faces": {
				"east": {"rotation": 180,"uv": [12.5,4,13.75,4.25],"texture": "#3"},
				"up": {"uv": [9.5,4.75,9.75,5.25],"texture": "#3"}
			}
		},
		{
			"to": [
				12.35,
				6.95,
				8.09955
			],
			"rotation": {
				"origin": [12.1,7.2,8.00009],
				"angle": -22.5,
				"axis": "x"
			},
			"from": [
				6.35,
				6.875,
				7.90064
			],
			"faces": {
				"east": {"rotation": 180,"uv": [12.5,4,12.75,4.25],"texture": "#3"},
				"up": {"uv": [9.25,5.25,9.5,5.75],"texture": "#3"}
			}
		},
		{
			"to": [
				12.35,
				6.95,
				8.09955
			],
			"rotation": {
				"origin": [12.1,7.2,8.00009],
				"angle": -45,
				"axis": "x"
			},
			"from": [
				6.35,
				6.725,
				7.90064
			],
			"faces": {
				"east": {"rotation": 180,"uv": [12.5,4,12.75,4.25],"texture": "#3"},
				"up": {"uv": [3,5.5,3.25,6],"texture": "#3"}
			}
		},
		{
			"to": [
				12.35,
				7.29946,
				8.45009
			],
			"rotation": {
				"origin": [12.1,7.2,8.00009],
				"angle": 22.5,
				"axis": "x"
			},
			"from": [
				6.35,
				7.10054,
				8.25009
			],
			"faces": {
				"east": {"rotation": 180,"uv": [12.5,4,12.75,4.25],"texture": "#3"},
				"north": {"rotation": 180,"uv": [1.5,5.5,1.75,6],"texture": "#3"}
			}
		},
		{
			"to": [
				12.35,
				6.95,
				8.09955
			],
			"rotation": {
				"origin": [12.1,7.2,8.00009],
				"angle": 45,
				"axis": "x"
			},
			"from": [
				6.35,
				6.725,
				7.90064
			],
			"faces": {
				"east": {"rotation": 180,"uv": [12.5,4,12.75,4.25],"texture": "#3"},
				"up": {"rotation": 180,"uv": [3,5.5,3.25,6],"texture": "#3"}
			}
		},
		{
			"to": [
				12.35,
				7.29946,
				7.75009
			],
			"rotation": {
				"origin": [12.1,7.2,8.00009],
				"angle": 0,
				"axis": "x"
			},
			"from": [
				6.35,
				7.10054,
				7.70009
			],
			"faces": {
				"east": {"rotation": 180,"uv": [12.5,4,12.75,4.25],"texture": "#3"},
				"south": {"rotation": 180,"uv": [0,5.5,0.25,6],"texture": "#3"}
			}
		},
		{
			"to": [
				12.35,
				7.29946,
				7.75009
			],
			"rotation": {
				"origin": [12.1,7.2,8.00009],
				"angle": -22.5,
				"axis": "x"
			},
			"from": [
				6.35,
				7.10054,
				7.55009
			],
			"faces": {
				"east": {"rotation": 180,"uv": [12.5,4,12.75,4.25],"texture": "#3"},
				"south": {"rotation": 180,"uv": [1.25,5.5,1.5,6],"texture": "#3"}
			}
		},
		{
			"to": [
				12.3505,
				7.7,
				8.09955
			],
			"rotation": {
				"origin": [12.1,7.2,8.00009],
				"angle": 0,
				"axis": "y"
			},
			"from": [
				11.65,
				7.45,
				7.90064
			],
			"faces": {
				"down": {"uv": [15.75,15.75,16,16],"texture": "#2"},
				"west": {"rotation": 270,"uv": [11.25,2.5,11.5,3.25],"texture": "#3"},
				"east": {"rotation": 180,"uv": [10,12.5,10.25,13],"texture": "#2"},
				"up": {"uv": [13,2,14.5,2.75],"texture": "#2"}
			}
		},
		{
			"to": [
				11.65,
				7.62388,
				8.28328
			],
			"rotation": {
				"origin": [13.8,6.7,7.81632],
				"angle": 0,
				"axis": "y"
			},
			"from": [
				11.15,
				7.45,
				7.71687
			],
			"faces": {
				"down": {"uv": [15.75,15.75,16,16],"texture": "#2"},
				"west": {"uv": [12.75,4.5,13.75,5.5],"texture": "#3"},
				"up": {"uv": [3.75,0.75,5.25,2.25],"texture": "#2"}
			}
		},
		{
			"to": [
				10.95,
				7.62388,
				8.28328
			],
			"rotation": {
				"origin": [13.1,6.7,7.81632],
				"angle": 0,
				"axis": "y"
			},
			"from": [
				10.725,
				7.45,
				7.71687
			],
			"faces": {
				"west": {"uv": [2.75,4.5,3.75,5.5],"texture": "#3"},
				"east": {"uv": [9,4.5,10,5.5],"texture": "#3"},
				"up": {"uv": [4,0.75,4.75,2.25],"texture": "#2"}
			}
		},
		{
			"to": [
				9.95,
				7.62388,
				8.28328
			],
			"rotation": {
				"origin": [12.1,6.7,7.81632],
				"angle": 0,
				"axis": "y"
			},
			"from": [
				9.725,
				7.45,
				7.71687
			],
			"faces": {
				"west": {"uv": [12.75,4.5,13.75,5.5],"texture": "#3"},
				"east": {"uv": [9,4.5,10,5.5],"texture": "#3"},
				"up": {"uv": [4.25,0.75,5,2.25],"texture": "#2"}
			}
		},
		{
			"to": [
				8.95,
				7.62388,
				8.28328
			],
			"rotation": {
				"origin": [11.1,6.7,7.81632],
				"angle": 0,
				"axis": "y"
			},
			"from": [
				8.725,
				7.45,
				7.71687
			],
			"faces": {
				"west": {"uv": [12.75,4.5,13.75,5.5],"texture": "#3"},
				"east": {"uv": [9,4.5,10,5.5],"texture": "#3"},
				"up": {"uv": [6.75,0.75,7.5,2.25],"texture": "#2"}
			}
		},
		{
			"to": [
				8.45,
				7.62388,
				8.28328
			],
			"rotation": {
				"origin": [10.6,6.7,7.81632],
				"angle": 0,
				"axis": "y"
			},
			"from": [
				8.225,
				7.45,
				7.71687
			],
			"faces": {
				"west": {"uv": [2.75,4.5,3.75,5.5],"texture": "#3"},
				"east": {"uv": [9,4.5,10,5.5],"texture": "#3"},
				"up": {"uv": [6,0.75,6.75,2.25],"texture": "#2"}
			}
		},
		{
			"to": [
				10.45,
				7.62388,
				8.28328
			],
			"rotation": {
				"origin": [12.6,6.7,7.81632],
				"angle": 0,
				"axis": "y"
			},
			"from": [
				10.225,
				7.45,
				7.71687
			],
			"faces": {
				"west": {"uv": [2.75,4.5,3.75,5.5],"texture": "#3"},
				"east": {"uv": [14,4.5,15,5.5],"texture": "#3"},
				"up": {"uv": [4.25,0.75,5,2.25],"texture": "#2"}
			}
		},
		{
			"to": [
				9.45,
				7.62388,
				8.28328
			],
			"rotation": {
				"origin": [11.6,6.7,7.81632],
				"angle": 0,
				"axis": "y"
			},
			"from": [
				9.225,
				7.45,
				7.71687
			],
			"faces": {
				"west": {"uv": [2.75,4.5,3.75,5.5],"texture": "#3"},
				"east": {"uv": [14,4.5,15,5.5],"texture": "#3"},
				"up": {"uv": [6,0.75,6.75,2.25],"texture": "#2"}
			}
		},
		{
			"to": [
				7.95,
				7.62388,
				8.28328
			],
			"rotation": {
				"origin": [10,6.7,7.81632],
				"angle": 0,
				"axis": "y"
			},
			"from": [
				6.35,
				7.45,
				7.71687
			],
			"faces": {
				"east": {"uv": [12.75,4.5,13.75,5.5],"texture": "#3"},
				"up": {"uv": [6,0.75,7.75,2.25],"texture": "#2"}
			}
		},
		{
			"to": [
				11.65,
				7.52388,
				8.28328
			],
			"rotation": {
				"origin": [13.8,7.7,7.81632],
				"angle": 0,
				"axis": "y"
			},
			"from": [
				7.65,
				7.45,
				7.71687
			],
			"faces": {
				"down": {"uv": [15.75,15.75,16,16],"texture": "#2"},
				"north": {"uv": [12.5,4,13.5,4.5],"texture": "#3"},
				"up": {"rotation": 180,"uv": [2.75,6.75,11.75,7.75],"texture": "#2"},
				"south": {"uv": [12.5,4,13.5,4.5],"texture": "#3"}
			}
		},
		{
			"to": [
				7.65,
				7.7,
				8.09955
			],
			"rotation": {
				"origin": [6.8,7.2,8.00009],
				"angle": 0,
				"axis": "y"
			},
			"from": [
				6.35,
				7.45,
				7.90064
			],
			"faces": {
				"down": {"uv": [15.75,15.75,16,16],"texture": "#2"},
				"east": {"rotation": 270,"uv": [11.25,2.5,11.5,3.25],"texture": "#3"},
				"up": {"uv": [13,2,14.5,2.75],"texture": "#2"}
			}
		},
		{
			"to": [
				7.65,
				7.29946,
				7.75009
			],
			"rotation": {
				"origin": [6.8,7.2,8.00009],
				"angle": 0,
				"axis": "x"
			},
			"from": [
				6.35,
				7.10055,
				7.50009
			],
			"faces": {
				"east": {"rotation": 180,"uv": [14,4,14.25,4.75],"texture": "#3"},
				"north": {"uv": [11,4.25,12.5,5],"texture": "#3"}
			}
		},
		{
			"to": [
				7.65,
				7.29946,
				8.49991
			],
			"rotation": {
				"origin": [6.8,7.2,7.99991],
				"angle": 0,
				"axis": "x"
			},
			"from": [
				6.35,
				7.10055,
				8.24991
			],
			"faces": {
				"east": {"rotation": 180,"uv": [14,4,14.25,4.75],"texture": "#3"},
				"south": {"uv": [11,4.25,12.5,5],"texture": "#3"}
			}
		},
		{
			"to": [
				12.35,
				7.7,
				8.09955
			],
			"rotation": {
				"origin": [12.1,7.2,8.00009],
				"angle": 22.5,
				"axis": "x"
			},
			"from": [
				11.65,
				7.45,
				7.90064
			],
			"faces": {
				"down": {"uv": [15.75,15.75,16,16],"texture": "#2"},
				"west": {"rotation": 270,"uv": [12.25,4.25,12.5,5],"texture": "#3"},
				"east": {"rotation": 180,"uv": [10,12.5,10.25,13],"texture": "#2"},
				"up": {"uv": [10.75,4.25,12.25,5],"texture": "#2"}
			}
		},
		{
			"to": [
				11.65,
				7.5,
				8.09955
			],
			"rotation": {
				"origin": [11.4,7.2,8.00009],
				"angle": 22.5,
				"axis": "x"
			},
			"from": [
				7.65,
				7.45,
				7.90064
			],
			"faces": {
				"down": {"uv": [15.75,15.75,16,16],"texture": "#2"}
			}
		},
		{
			"to": [
				7.65,
				7.7,
				8.09955
			],
			"rotation": {
				"origin": [6.8,7.2,8.00009],
				"angle": 22.5,
				"axis": "x"
			},
			"from": [
				6.35,
				7.45,
				7.90064
			],
			"faces": {
				"down": {"uv": [15.75,15.75,16,16],"texture": "#2"},
				"east": {"rotation": 90,"uv": [12.25,4.25,12.5,5],"texture": "#3"},
				"up": {"uv": [10.75,4.25,12.25,5],"texture": "#2"}
			}
		},
		{
			"to": [
				7.65,
				7.29946,
				7.75009
			],
			"rotation": {
				"origin": [6.8,7.2,8.00009],
				"angle": 22.5,
				"axis": "x"
			},
			"from": [
				6.35,
				7.10055,
				7.50009
			],
			"faces": {
				"east": {"rotation": 180,"uv": [12.25,4.5,12.5,5.25],"texture": "#3"},
				"north": {"rotation": 180,"uv": [6.5,11.75,8,12.5],"texture": "#2"}
			}
		},
		{
			"to": [
				7.65,
				7.29946,
				8.49991
			],
			"rotation": {
				"origin": [6.8,7.2,7.99991],
				"angle": -22.5,
				"axis": "x"
			},
			"from": [
				6.35,
				7.10055,
				8.24991
			],
			"faces": {
				"east": {"rotation": 180,"uv": [12.25,4.5,12.5,5.25],"texture": "#3"},
				"south": {"rotation": 180,"uv": [6.5,11.75,8,12.5],"texture": "#2"}
			}
		},
		{
			"to": [
				12.35,
				7.7,
				8.09955
			],
			"rotation": {
				"origin": [12.1,7.2,8.00009],
				"angle": -22.5,
				"axis": "x"
			},
			"from": [
				11.65,
				7.45,
				7.90064
			],
			"faces": {
				"down": {"uv": [15.75,15.75,16,16],"texture": "#2"},
				"west": {"rotation": 90,"uv": [12.25,4.25,12.5,5],"texture": "#3"},
				"east": {"rotation": 180,"uv": [10,12.5,10.25,13],"texture": "#2"},
				"up": {"rotation": 180,"uv": [10.75,4.25,12.25,5],"texture": "#2"}
			}
		},
		{
			"to": [
				11.65,
				7.5,
				8.09955
			],
			"rotation": {
				"origin": [11.4,7.2,8.00009],
				"angle": -22.5,
				"axis": "x"
			},
			"from": [
				7.65,
				7.45,
				7.90064
			],
			"faces": {
				"down": {"uv": [15.75,15.75,16,16],"texture": "#2"}
			}
		},
		{
			"to": [
				7.65,
				7.7,
				8.09955
			],
			"rotation": {
				"origin": [6.8,7.2,8.00009],
				"angle": -22.5,
				"axis": "x"
			},
			"from": [
				6.35,
				7.45,
				7.90064
			],
			"faces": {
				"down": {"uv": [15.75,15.75,16,16],"texture": "#2"},
				"east": {"rotation": 270,"uv": [12.25,4.25,12.5,5],"texture": "#3"},
				"up": {"rotation": 180,"uv": [10.75,4.25,12.25,5],"texture": "#2"}
			}
		},
		{
			"to": [
				7.65,
				7.29946,
				7.75009
			],
			"rotation": {
				"origin": [6.8,7.2,8.00009],
				"angle": -22.5,
				"axis": "x"
			},
			"from": [
				6.35,
				7.10055,
				7.50009
			],
			"faces": {
				"east": {"rotation": 180,"uv": [13.75,3.25,14,4],"texture": "#3"},
				"north": {"rotation": 180,"uv": [11,5,12.5,5.25],"texture": "#3"}
			}
		},
		{
			"to": [
				7.65,
				7.29946,
				8.49991
			],
			"rotation": {
				"origin": [6.8,7.2,7.99991],
				"angle": 22.5,
				"axis": "x"
			},
			"from": [
				6.35,
				7.10055,
				8.24991
			],
			"faces": {
				"east": {"rotation": 180,"uv": [13.75,3.25,14,4],"texture": "#3"},
				"south": {"rotation": 180,"uv": [11,5,12.5,5.25],"texture": "#3"}
			}
		},
		{
			"to": [
				12.35,
				7.6,
				8.04955
			],
			"rotation": {
				"origin": [12.1,7.2,8.00009],
				"angle": -45,
				"axis": "x"
			},
			"from": [
				6.35,
				7.45,
				7.92564
			],
			"faces": {
				"down": {"uv": [4,8,4.25,8.5],"texture": "#2"},
				"up": {"rotation": 180,"uv": [12.75,4.75,13.75,5],"texture": "#3"}
			}
		},
		{
			"to": [
				12.3505,
				7.7,
				8.09955
			],
			"rotation": {
				"origin": [12.1,7.2,8.00009],
				"angle": -45,
				"axis": "x"
			},
			"from": [
				11.15,
				7.45,
				7.90064
			],
			"faces": {
				"west": {"uv": [10.75,4.5,11.75,5.5],"texture": "#3"},
				"east": {"rotation": 180,"uv": [10,12.5,10.25,13],"texture": "#2"},
				"north": {"uv": [12.25,5,14.75,6],"texture": "#3"},
				"up": {"rotation": 180,"uv": [11.5,4.5,14,5.25],"texture": "#3"}
			}
		},
		{
			"to": [
				10.95,
				7.7,
				8.09955
			],
			"rotation": {
				"origin": [11.4,7.2,8.00009],
				"angle": -45,
				"axis": "x"
			},
			"from": [
				10.725,
				7.45,
				7.90064
			],
			"faces": {
				"west": {"uv": [12.75,4.5,13.75,5.5],"texture": "#3"},
				"east": {"uv": [14,4.5,15,5.5],"texture": "#3"},
				"north": {"uv": [12.25,5,12.5,6],"texture": "#3"},
				"up": {"rotation": 180,"uv": [11.25,4.25,11.75,5],"texture": "#3"}
			}
		},
		{
			"to": [
				9.95,
				7.7,
				8.09955
			],
			"rotation": {
				"origin": [10.4,7.2,8.00009],
				"angle": -45,
				"axis": "x"
			},
			"from": [
				9.725,
				7.45,
				7.90064
			],
			"faces": {
				"west": {"uv": [12.75,4.5,13.75,5.5],"texture": "#3"},
				"east": {"uv": [11.75,4.5,12.75,5.5],"texture": "#3"},
				"north": {"uv": [12.25,5,12.5,6],"texture": "#3"},
				"up": {"rotation": 180,"uv": [11.5,4.25,12,5],"texture": "#3"}
			}
		},
		{
			"to": [
				8.95,
				7.7,
				8.09955
			],
			"rotation": {
				"origin": [9.4,7.2,8.00009],
				"angle": -45,
				"axis": "x"
			},
			"from": [
				8.725,
				7.45,
				7.90064
			],
			"faces": {
				"west": {"uv": [13.5,4.5,14.5,5.5],"texture": "#3"},
				"east": {"uv": [11.75,4.5,12.75,5.5],"texture": "#3"},
				"north": {"uv": [12.25,5,12.5,6],"texture": "#3"},
				"up": {"rotation": 180,"uv": [11.5,4.25,12,5],"texture": "#3"}
			}
		},
		{
			"to": [
				8.45,
				7.7,
				8.09955
			],
			"rotation": {
				"origin": [8.9,7.2,8.00009],
				"angle": -45,
				"axis": "x"
			},
			"from": [
				8.225,
				7.45,
				7.90064
			],
			"faces": {
				"west": {"uv": [12.75,4.5,13.75,5.5],"texture": "#3"},
				"east": {"uv": [14,4.5,15,5.5],"texture": "#3"},
				"north": {"uv": [12.25,5,12.5,6],"texture": "#3"},
				"up": {"rotation": 180,"uv": [11.5,4.25,12,5],"texture": "#3"}
			}
		},
		{
			"to": [
				10.45,
				7.7,
				8.09955
			],
			"rotation": {
				"origin": [10.9,7.2,8.00009],
				"angle": -45,
				"axis": "x"
			},
			"from": [
				10.225,
				7.45,
				7.90064
			],
			"faces": {
				"west": {"uv": [12,4.5,13,5.5],"texture": "#3"},
				"east": {"uv": [9.5,4.5,10.5,5.5],"texture": "#3"},
				"north": {"uv": [12.25,5,12.5,6],"texture": "#3"},
				"up": {"rotation": 180,"uv": [11.5,4.25,12,5],"texture": "#3"}
			}
		},
		{
			"to": [
				9.45,
				7.7,
				8.09955
			],
			"rotation": {
				"origin": [9.9,7.2,8.00009],
				"angle": -45,
				"axis": "x"
			},
			"from": [
				9.225,
				7.45,
				7.90064
			],
			"faces": {
				"west": {"uv": [12,4.5,13,5.5],"texture": "#3"},
				"east": {"uv": [14,4.5,15,5.5],"texture": "#3"},
				"north": {"uv": [12.25,5,12.5,6],"texture": "#3"},
				"up": {"rotation": 180,"uv": [11.5,4.25,12,5],"texture": "#3"}
			}
		},
		{
			"to": [
				7.95,
				7.7,
				8.09955
			],
			"rotation": {
				"origin": [8.3,7.2,8.00009],
				"angle": -45,
				"axis": "x"
			},
			"from": [
				6.35,
				7.45,
				7.90064
			],
			"faces": {
				"east": {"uv": [14,4.5,15,5.5],"texture": "#3"},
				"north": {"uv": [12.5,5,12.75,6],"texture": "#3"},
				"up": {"rotation": 180,"uv": [11.25,4,13.25,4.75],"texture": "#3"}
			}
		},
		{
			"to": [
				12.35,
				7.6,
				8.07455
			],
			"rotation": {
				"origin": [12.1,7.2,8.00009],
				"angle": 45,
				"axis": "x"
			},
			"from": [
				6.35,
				7.45,
				7.95064
			],
			"faces": {
				"down": {"rotation": 180,"uv": [4.5,8,4.75,8.5],"texture": "#2"},
				"up": {"rotation": 180,"uv": [12.75,4.75,13.75,5],"texture": "#3"}
			}
		},
		{
			"to": [
				12.3505,
				7.7,
				8.09955
			],
			"rotation": {
				"origin": [12.1,7.2,8.00009],
				"angle": 45,
				"axis": "x"
			},
			"from": [
				11.15,
				7.45,
				7.90064
			],
			"faces": {
				"west": {"uv": [11.25,4.5,12.25,5.5],"texture": "#3"},
				"east": {"rotation": 180,"uv": [10,12.5,10.25,13],"texture": "#2"},
				"up": {"uv": [11.25,4.5,13.75,5.25],"texture": "#3"},
				"south": {"uv": [12.25,5,14.75,6],"texture": "#3"}
			}
		},
		{
			"to": [
				10.95,
				7.7,
				8.09955
			],
			"rotation": {
				"origin": [11.4,7.2,8.00009],
				"angle": 45,
				"axis": "x"
			},
			"from": [
				10.725,
				7.45,
				7.90064
			],
			"faces": {
				"west": {"uv": [11.25,4.5,12.25,5.5],"texture": "#3"},
				"east": {"uv": [13.5,4.5,14.5,5.5],"texture": "#3"},
				"up": {"uv": [11.75,4.25,12.25,5],"texture": "#3"},
				"south": {"uv": [12.25,5,12.5,6],"texture": "#3"}
			}
		},
		{
			"to": [
				9.95,
				7.7,
				8.09955
			],
			"rotation": {
				"origin": [10.4,7.2,8.00009],
				"angle": 45,
				"axis": "x"
			},
			"from": [
				9.725,
				7.45,
				7.90064
			],
			"faces": {
				"west": {"uv": [5.75,4.5,6.75,5.5],"texture": "#3"},
				"east": {"uv": [13.5,4.5,14.5,5.5],"texture": "#3"},
				"up": {"uv": [11.25,4.25,11.75,5],"texture": "#3"},
				"south": {"uv": [12.25,5,12.5,6],"texture": "#3"}
			}
		},
		{
			"to": [
				8.95,
				7.7,
				8.09955
			],
			"rotation": {
				"origin": [9.4,7.2,8.00009],
				"angle": 45,
				"axis": "x"
			},
			"from": [
				8.725,
				7.45,
				7.90064
			],
			"faces": {
				"west": {"uv": [12.75,4.5,13.75,5.5],"texture": "#3"},
				"east": {"uv": [13.5,4.5,14.5,5.5],"texture": "#3"},
				"up": {"uv": [11.5,4.25,12,5],"texture": "#3"},
				"south": {"uv": [12.25,5,12.5,6],"texture": "#3"}
			}
		},
		{
			"to": [
				8.45,
				7.7,
				8.09955
			],
			"rotation": {
				"origin": [8.9,7.2,8.00009],
				"angle": 45,
				"axis": "x"
			},
			"from": [
				8.225,
				7.45,
				7.90064
			],
			"faces": {
				"west": {"uv": [5.75,4.5,6.75,5.5],"texture": "#3"},
				"east": {"uv": [12.75,4.5,13.75,5.5],"texture": "#3"},
				"up": {"uv": [11.5,4.25,12,5],"texture": "#3"},
				"south": {"uv": [12.25,5,12.5,6],"texture": "#3"}
			}
		},
		{
			"to": [
				10.45,
				7.7,
				8.09955
			],
			"rotation": {
				"origin": [10.9,7.2,8.00009],
				"angle": 45,
				"axis": "x"
			},
			"from": [
				10.225,
				7.45,
				7.90064
			],
			"faces": {
				"west": {"uv": [5.75,4.5,6.75,5.5],"texture": "#3"},
				"east": {"uv": [12.75,4.5,13.75,5.5],"texture": "#3"},
				"up": {"uv": [11.5,4.25,12,5],"texture": "#3"},
				"south": {"uv": [12.25,5,12.5,6],"texture": "#3"}
			}
		},
		{
			"to": [
				9.45,
				7.7,
				8.09955
			],
			"rotation": {
				"origin": [9.9,7.2,8.00009],
				"angle": 45,
				"axis": "x"
			},
			"from": [
				9.225,
				7.45,
				7.90064
			],
			"faces": {
				"west": {"uv": [12.75,4.5,13.75,5.5],"texture": "#3"},
				"east": {"uv": [6.5,4.5,7.5,5.5],"texture": "#3"},
				"up": {"uv": [11.5,4.25,12,5],"texture": "#3"},
				"south": {"uv": [12.25,5,12.5,6],"texture": "#3"}
			}
		},
		{
			"to": [
				7.95,
				7.7,
				8.09955
			],
			"rotation": {
				"origin": [8.3,7.2,8.00009],
				"angle": 45,
				"axis": "x"
			},
			"from": [
				6.35,
				7.45,
				7.90064
			],
			"faces": {
				"east": {"uv": [10,4.5,11,5.5],"texture": "#3"},
				"up": {"uv": [11.25,4,13.25,4.75],"texture": "#3"},
				"south": {"uv": [12.25,5,12.5,6],"texture": "#3"}
			}
		},
		{
			"to": [
				12.35,
				7.29946,
				8.30009
			],
			"rotation": {
				"origin": [12.1,7.2,8.00009],
				"angle": 0,
				"axis": "x"
			},
			"from": [
				6.35,
				7.10054,
				8.25009
			],
			"faces": {
				"east": {"rotation": 180,"uv": [12.5,4,12.75,4.25],"texture": "#3"},
				"north": {"rotation": 180,"uv": [0,5.5,0.25,6],"texture": "#3"}
			}
		},
		{
			"to": [
				5.38541,
				2.18606,
				8.5175
			],
			"rotation": {
				"origin": [4.06041,4.75791,8],
				"angle": 0,
				"axis": "z"
			},
			"from": [
				3.23541,
				1.97976,
				7.4825
			],
			"faces": {
				"north": {"uv": [7.25,4.75,11.75,5.5],"texture": "#2"},
				"west": {"rotation": 180,"uv": [7.75,8,10.75,8.75],"texture": "#2"},
				"up": {"rotation": 90,"uv": [7.5,5,10.5,11.75],"texture": "#2"},
				"down": {"uv": [11.5,8.75,16,11.75],"texture": "#2"},
				"east": {"uv": [9,5,12,5.75],"texture": "#2"},
				"south": {"uv": [7.25,4.75,11.75,5.5],"texture": "#2"}
			}
		}
	],
	"display": {
		"thirdperson_righthand": {
			"rotation": [
				0,
				90,
				0
			],
			"translation": [
				0,
				2,
				-0.5
			]
		},
		"head": {
			"scale": [
				2,
				2,
				2
			]
		},
		"thirdperson_lefthand": {
			"rotation": [
				5.5,
				90,
				144
			],
			"translation": [
				-2,
				-6.5,
				5
			]
		},
		"gui": {
			"rotation": [
				0,
				0,
				45
			],
			"scale": [
				1.5,
				1.5,
				1.5
			],
			"translation": [
				-0.75,
				3.5,
				-0.5
			]
		},
		"firstperson_lefthand": {
			"rotation": [
				0,
				-100,
				0
			],
			"scale": [
				0,
				0,
				0
			],
			"translation": [
				7,
				-2.25,
				3
			]
		},
		"firstperson_righthand": {
			"rotation": [
				0,
				90,
				0
			],
			"scale": [
				1.5,
				1.5,
				1.5
			],
			"translation": [
				-8.960149253731343,
				8.44763425373134,
				0.0
			]
		},
		"fixed": {
			"translation": [
				0,
				5.5,
				-2
			],
			"scale": [
				-2,
				2,
				-2
			]
		},
		"ground": {
			"translation": [
				0,
				3.5,
				0
			]
		}
	},
	"credit": "thebradqq's guns"
}
