{
	"parent": "item/generated",
	"textures": {
		"1": "mgs:item/brass",
		"3": "mgs:item/metal",
		"particle": "mgs:item/metal"
	},
	"credit": "thebradqq's guns",
	"elements": [
		{
			"from": [
				5.72761,
				-0.92925,
				7.81516
			],
			"to": [
				5.88702,
				0.92925,
				8.18484
			],
			"rotation": {
				"angle": 0,
				"axis": "y",
				"origin": [5.80732,1.296,8]
			},
			"faces": {
				"east": {"uv": [12.5,7.5,13,8],"texture": "#1"},
				"west": {"uv": [8.25,4,8.75,6],"texture": "#1"},
				"up": {"uv": [3.5,3.75,4,4.25],"rotation": 180,"texture": "#1"},
				"down": {"uv": [6.25,8,6.75,8.25],"rotation": 180,"texture": "#1"}
			}
		},
		{
			"from": [
				5.70011,
				-0.4248,
				7.91551
			],
			"to": [
				5.80631,
				0.4248,
				8.0845
			],
			"rotation": {
				"angle": 0,
				"axis": "y",
				"origin": [8.49185,-13.572,8]
			},
			"faces": {
				"west": {"uv": [6.25,4.5,6.75,5.25],"texture": "#3"},
				"up": {"uv": [3.25,4,3.5,4.5],"texture": "#3"},
				"down": {"uv": [9.5,8,9.75,8.25],"texture": "#3"}
			}
		},
		{
			"from": [
				6.15501,
				-0.88279,
				7.8244
			],
			"to": [
				9.66215,
				0.88279,
				8.1756
			],
			"rotation": {
				"angle": 0,
				"axis": "y",
				"origin": [7.74691,-12.8934,8]
			},
			"faces": {
				"east": {"uv": [6.5,7.5,7,8.75],"texture": "#1"},
				"west": {"uv": [12.5,7.5,13,8],"texture": "#1"},
				"up": {"uv": [2,3.25,4,3.75],"texture": "#1"},
				"down": {"uv": [5.5,7.75,7.5,8.25],"rotation": 180,"texture": "#1"}
			}
		},
		{
			"from": [
				6.15501,
				-1.44185,
				5.0138
			],
			"to": [
				9.66215,
				0.32373,
				5.365
			],
			"rotation": {
				"angle": 22.5,
				"axis": "x",
				"origin": [7.76925,-7.34445,8]
			},
			"faces": {
				"east": {"uv": [6.5,7.5,7,8.75],"texture": "#1"},
				"west": {"uv": [12.5,7.5,13,8],"texture": "#1"},
				"up": {"uv": [2,3.75,4,4.25],"texture": "#1"},
				"down": {"uv": [3,9,5,9.5],"rotation": 180,"texture": "#1"}
			}
		},
		{
			"from": [
				6.15501,
				-1.44185,
				10.635
			],
			"to": [
				9.66215,
				0.32373,
				10.9862
			],
			"rotation": {
				"angle": -22.5,
				"axis": "x",
				"origin": [7.76925,-7.34445,8]
			},
			"faces": {
				"east": {"uv": [6.5,7.5,7,8.75],"texture": "#1"},
				"west": {"uv": [12.5,7.5,13,8],"texture": "#1"},
				"up": {"uv": [0,3.25,2,3.75],"texture": "#1"},
				"down": {"uv": [3.5,8,5.5,8.5],"rotation": 180,"texture": "#1"}
			}
		},
		{
			"from": [
				6.15501,
				-3.03392,
				2.63109
			],
			"to": [
				9.66215,
				-1.26835,
				2.98229
			],
			"rotation": {
				"angle": 45,
				"axis": "x",
				"origin": [7.76925,-7.34445,8]
			},
			"faces": {
				"east": {"uv": [6.5,7.5,7,8.75],"texture": "#1"},
				"west": {"uv": [12.5,7.5,13,8],"texture": "#1"},
				"up": {"uv": [5.25,4.25,7.25,4.75],"texture": "#1"},
				"down": {"uv": [5.75,5.5,7.75,6],"rotation": 180,"texture": "#1"}
			}
		},
		{
			"from": [
				6.15501,
				-3.03392,
				13.01771
			],
			"to": [
				9.66215,
				-1.26835,
				13.36891
			],
			"rotation": {
				"angle": -45,
				"axis": "x",
				"origin": [7.76925,-7.34445,8]
			},
			"faces": {
				"east": {"uv": [6.5,7.5,7,8.75],"texture": "#1"},
				"west": {"uv": [12.5,7.5,13,8],"texture": "#1"},
				"up": {"uv": [1.25,4.25,3.25,4.75],"rotation": 180,"texture": "#1"},
				"down": {"uv": [4.5,5.5,6.5,6],"texture": "#1"}
			}
		},
		{
			"from": [
				6.15501,
				-0.73466,
				9.92781
			],
			"to": [
				9.66215,
				-0.38346,
				11.69339
			],
			"rotation": {
				"angle": -22.5,
				"axis": "x",
				"origin": [7.76925,-7.34445,8]
			},
			"faces": {
				"north": {"uv": [6.25,5,8.25,5.5],"texture": "#1"},
				"east": {"uv": [6.5,7.5,7,8.75],"rotation": 270,"texture": "#1"},
				"south": {"uv": [5.25,4.75,7.25,5.25],"texture": "#1"},
				"west": {"uv": [12.5,7.5,13,8],"rotation": 90,"texture": "#1"}
			}
		},
		{
			"from": [
				6.15501,
				-0.73466,
				4.30661
			],
			"to": [
				9.66215,
				-0.38346,
				6.07219
			],
			"rotation": {
				"angle": 22.5,
				"axis": "x",
				"origin": [7.76925,-7.34445,8]
			},
			"faces": {
				"north": {"uv": [5.25,4.75,7.25,5.25],"texture": "#1"},
				"east": {"uv": [6.5,7.5,7,8.75],"rotation": 90,"texture": "#1"},
				"south": {"uv": [6.25,5,8.25,5.5],"texture": "#1"},
				"west": {"uv": [12.5,7.5,13,8],"rotation": 270,"texture": "#1"}
			}
		},
		{
			"from": [
				6.15501,
				-0.1756,
				7.11721
			],
			"to": [
				9.66215,
				0.1756,
				8.88279
			],
			"rotation": {
				"angle": 0,
				"axis": "y",
				"origin": [7.74691,-12.8934,8]
			},
			"faces": {
				"north": {"uv": [3,12.25,5,12.75],"texture": "#1"},
				"east": {"uv": [6.5,7.5,7,8.75],"rotation": 90,"texture": "#1"},
				"south": {"uv": [0,12,2,12.5],"texture": "#1"},
				"west": {"uv": [12.5,7.5,13,8],"texture": "#1"}
			}
		},
		{
			"from": [
				5.72772,
				-1.51773,
				4.85663
			],
			"to": [
				5.88713,
				0.34077,
				5.22632
			],
			"rotation": {
				"angle": 22.5,
				"axis": "x",
				"origin": [5.86031,-7.731,8]
			},
			"faces": {
				"east": {"uv": [12.5,7.5,13,8],"texture": "#1"},
				"west": {"uv": [7.25,4,7.75,6],"texture": "#1"},
				"up": {"uv": [3.5,4.25,4,4.75],"texture": "#1"},
				"down": {"uv": [6.25,8,6.75,8.25],"rotation": 180,"texture": "#1"}
			}
		},
		{
			"from": [
				5.72772,
				-1.51773,
				10.77368
			],
			"to": [
				5.88713,
				0.34077,
				11.14337
			],
			"rotation": {
				"angle": -22.5,
				"axis": "x",
				"origin": [5.86031,-7.731,8]
			},
			"faces": {
				"east": {"uv": [12.5,7.5,13,8],"texture": "#1"},
				"west": {"uv": [7.25,4,7.75,6],"texture": "#1"},
				"up": {"uv": [3.5,4.25,4,4.75],"rotation": 180,"texture": "#1"},
				"down": {"uv": [6.25,8,6.75,8.25],"rotation": 180,"texture": "#1"}
			}
		},
		{
			"from": [
				5.72761,
				-3.1936,
				2.34851
			],
			"to": [
				5.88702,
				-1.3351,
				2.7182
			],
			"rotation": {
				"angle": 45,
				"axis": "x",
				"origin": [5.86031,-7.731,8]
			},
			"faces": {
				"east": {"uv": [12.5,7.5,13,8],"texture": "#1"},
				"west": {"uv": [10.75,4.5,11.25,6.5],"texture": "#1"},
				"up": {"uv": [3.75,4.75,4.25,5.25],"texture": "#1"},
				"down": {"uv": [6.25,8,6.75,8.25],"rotation": 180,"texture": "#1"}
			}
		},
		{
			"from": [
				5.72761,
				-3.1936,
				13.2818
			],
			"to": [
				5.88702,
				-1.3351,
				13.65149
			],
			"rotation": {
				"angle": -45,
				"axis": "x",
				"origin": [5.86031,-7.731,8]
			},
			"faces": {
				"east": {"uv": [12.5,7.5,13,8],"texture": "#1"},
				"west": {"uv": [6.75,4.5,7.25,6.5],"texture": "#1"},
				"up": {"uv": [7.75,4.75,8.25,5.25],"rotation": 180,"texture": "#1"},
				"down": {"uv": [6.25,8,6.75,8.25],"rotation": 180,"texture": "#1"}
			}
		},
		{
			"from": [
				5.72772,
				-0.77332,
				10.02928
			],
			"to": [
				5.88713,
				-0.40364,
				11.88778
			],
			"rotation": {
				"angle": -22.5,
				"axis": "x",
				"origin": [5.86031,-7.731,8]
			},
			"faces": {
				"north": {"uv": [6.75,8,7.25,8.5],"rotation": 180,"texture": "#1"},
				"east": {"uv": [12.5,7.5,13,8],"rotation": 270,"texture": "#1"},
				"south": {"uv": [5.25,5.5,5.75,6],"texture": "#1"},
				"west": {"uv": [0.5,4.75,1,6.75],"rotation": 90,"texture": "#1"}
			}
		},
		{
			"from": [
				5.72772,
				-0.77332,
				4.11223
			],
			"to": [
				5.88713,
				-0.40364,
				5.97073
			],
			"rotation": {
				"angle": 22.5,
				"axis": "x",
				"origin": [5.86031,-7.731,8]
			},
			"faces": {
				"north": {"uv": [6.75,5.5,7.25,6],"texture": "#1"},
				"east": {"uv": [12.5,7.5,13,8],"rotation": 90,"texture": "#1"},
				"south": {"uv": [6,8,6.5,8.5],"rotation": 180,"texture": "#1"},
				"west": {"uv": [0.75,4.75,1.25,6.75],"rotation": 270,"texture": "#1"}
			}
		},
		{
			"from": [
				5.72761,
				-0.18484,
				7.07075
			],
			"to": [
				5.88702,
				0.18484,
				8.92925
			],
			"rotation": {
				"angle": 0,
				"axis": "y",
				"origin": [8.49185,-13.572,8]
			},
			"faces": {
				"north": {"uv": [4.25,8.25,4.75,8.75],"rotation": 180,"texture": "#1"},
				"east": {"uv": [12.5,7.5,13,8],"texture": "#1"},
				"south": {"uv": [6.25,8.25,6.75,8.75],"rotation": 180,"texture": "#1"},
				"west": {"uv": [7.25,9.5,7.75,11.5],"rotation": 90,"texture": "#1"}
			}
		},
		{
			"from": [
				5.7,
				-1.01328,
				10.87403
			],
			"to": [
				5.8062,
				-0.16368,
				11.04303
			],
			"rotation": {
				"angle": -22.5,
				"axis": "x",
				"origin": [5.75416,-7.731,8]
			},
			"faces": {
				"west": {"uv": [5.25,4.5,5.75,5.25],"texture": "#3"},
				"up": {"uv": [7.25,4.25,7.5,4.75],"rotation": 180,"texture": "#3"},
				"down": {"uv": [9,8,9.25,8.5],"rotation": 180,"texture": "#3"}
			}
		},
		{
			"from": [
				5.7,
				-1.01328,
				4.95698
			],
			"to": [
				5.8062,
				-0.16368,
				5.12598
			],
			"rotation": {
				"angle": 22.5,
				"axis": "x",
				"origin": [5.75416,-7.731,8]
			},
			"faces": {
				"west": {"uv": [5.25,4.5,5.75,5.25],"texture": "#3"},
				"up": {"uv": [3.25,4,3.5,4.5],"texture": "#3"},
				"down": {"uv": [9,8,9.25,8.5],"texture": "#3"}
			}
		},
		{
			"from": [
				5.70011,
				-2.68915,
				13.38215
			],
			"to": [
				5.80631,
				-1.83955,
				13.55115
			],
			"rotation": {
				"angle": -45,
				"axis": "x",
				"origin": [5.75416,-7.731,8]
			},
			"faces": {
				"west": {"uv": [6.25,4.5,6.75,5.25],"texture": "#3"},
				"up": {"uv": [7.25,4.25,7.5,4.75],"rotation": 180,"texture": "#3"},
				"down": {"uv": [6,5.5,6.25,6],"texture": "#3"}
			}
		},
		{
			"from": [
				5.70011,
				-2.68915,
				2.44886
			],
			"to": [
				5.80631,
				-1.83955,
				2.61787
			],
			"rotation": {
				"angle": 45,
				"axis": "x",
				"origin": [5.75416,-7.731,8]
			},
			"faces": {
				"west": {"uv": [6.25,4.5,6.75,5.25],"texture": "#3"},
				"up": {"uv": [3.75,4,4,4.5],"texture": "#3"},
				"down": {"uv": [6,5.5,6.25,6],"texture": "#3"}
			}
		},
		{
			"from": [
				5.7,
				-0.67297,
				4.61668
			],
			"to": [
				5.8062,
				-0.50398,
				5.46628
			],
			"rotation": {
				"angle": 22.5,
				"axis": "x",
				"origin": [5.75416,-7.731,8]
			},
			"faces": {
				"north": {"uv": [7.25,4.25,7.5,4.75],"texture": "#3"},
				"south": {"uv": [6.25,5,6.5,5.5],"texture": "#3"},
				"west": {"uv": [9.25,4.5,9.75,5.25],"rotation": 270,"texture": "#3"}
			}
		},
		{
			"from": [
				5.7,
				-0.67297,
				10.53373
			],
			"to": [
				5.8062,
				-0.50398,
				11.38333
			],
			"rotation": {
				"angle": -22.5,
				"axis": "x",
				"origin": [5.75416,-7.731,8]
			},
			"faces": {
				"north": {"uv": [6.25,5,6.5,5.5],"texture": "#3"},
				"south": {"uv": [7.25,4.25,7.5,4.75],"texture": "#3"},
				"west": {"uv": [9,4.5,9.5,5.25],"rotation": 90,"texture": "#3"}
			}
		},
		{
			"from": [
				5.70011,
				-0.08449,
				7.5752
			],
			"to": [
				5.80631,
				0.0845,
				8.4248
			],
			"rotation": {
				"angle": 0,
				"axis": "y",
				"origin": [5.75321,0,8]
			},
			"faces": {
				"north": {"uv": [6.25,4.5,6.5,5],"texture": "#3"},
				"south": {"uv": [6.25,4.5,6.5,5],"texture": "#3"},
				"west": {"uv": [6.25,4.5,6.75,5],"texture": "#3"}
			}
		},
		{
			"from": [
				5.86036,
				-0.82305,
				7.83628
			],
			"to": [
				6.49756,
				0.82305,
				8.16372
			],
			"rotation": {
				"angle": 0,
				"axis": "y",
				"origin": [6.17896,1.296,8]
			},
			"faces": {
				"up": {"uv": [8.5,4,9,4.5],"rotation": 180,"texture": "#1"},
				"down": {"uv": [5.75,8,6.25,8.25],"texture": "#1"}
			}
		},
		{
			"from": [
				5.86036,
				-1.41153,
				4.87776
			],
			"to": [
				6.49756,
				0.23457,
				5.20519
			],
			"rotation": {
				"angle": 22.5,
				"axis": "x",
				"origin": [6.17896,-7.731,8]
			},
			"faces": {
				"up": {"uv": [11,2.5,11.5,3],"rotation": 180,"texture": "#1"},
				"down": {"uv": [5.75,8,6.25,8.25],"texture": "#1"}
			}
		},
		{
			"from": [
				5.86036,
				-1.41153,
				10.79481
			],
			"to": [
				6.49756,
				0.23457,
				11.12224
			],
			"rotation": {
				"angle": -22.5,
				"axis": "x",
				"origin": [6.17896,-7.731,8]
			},
			"faces": {
				"up": {"uv": [8.5,4,9,4.5],"rotation": 180,"texture": "#1"},
				"down": {"uv": [5.75,8,6.25,8.25],"texture": "#1"}
			}
		},
		{
			"from": [
				5.86036,
				-3.08741,
				2.36964
			],
			"to": [
				6.49756,
				-1.4413,
				2.69707
			],
			"rotation": {
				"angle": 45,
				"axis": "x",
				"origin": [6.17896,-7.731,8]
			},
			"faces": {
				"up": {"uv": [3.25,4.25,3.75,4.75],"texture": "#1"},
				"down": {"uv": [5.75,8,6.25,8.25],"texture": "#1"}
			}
		},
		{
			"from": [
				5.86036,
				-3.08741,
				13.30293
			],
			"to": [
				6.49756,
				-1.4413,
				13.63036
			],
			"rotation": {
				"angle": -45,
				"axis": "x",
				"origin": [6.17896,-7.731,8]
			},
			"faces": {
				"up": {"uv": [3.25,4.25,3.75,4.75],"rotation": 180,"texture": "#1"},
				"down": {"uv": [5.75,8,6.25,8.25],"texture": "#1"}
			}
		},
		{
			"from": [
				5.86036,
				-0.7522,
				10.13548
			],
			"to": [
				6.49756,
				-0.42476,
				11.78158
			],
			"rotation": {
				"angle": -22.5,
				"axis": "x",
				"origin": [6.17896,-7.731,8]
			},
			"faces": {
				"north": {"uv": [3,8,3.5,8.5],"rotation": 180,"texture": "#1"},
				"south": {"uv": [3.25,4.75,3.75,5.25],"texture": "#1"}
			}
		},
		{
			"from": [
				5.86036,
				-0.7522,
				4.21843
			],
			"to": [
				6.49756,
				-0.42476,
				5.86453
			],
			"rotation": {
				"angle": 22.5,
				"axis": "x",
				"origin": [6.17896,-7.731,8]
			},
			"faces": {
				"north": {"uv": [3.25,4.75,3.75,5.25],"texture": "#1"},
				"south": {"uv": [3,8,3.5,8.5],"rotation": 180,"texture": "#1"}
			}
		},
		{
			"from": [
				5.86036,
				-0.16372,
				7.17695
			],
			"to": [
				6.49756,
				0.16372,
				8.82305
			],
			"rotation": {
				"angle": 0,
				"axis": "y",
				"origin": [8.49185,-13.572,8]
			},
			"faces": {
				"north": {"uv": [3.25,5.25,3.75,5.75],"texture": "#1"},
				"south": {"uv": [3.25,5.25,3.75,5.75],"texture": "#1"}
			}
		}
	],
	"gui_light": "front",
	"display": {
		"thirdperson_righthand": {
			"rotation": [
				25,
				111,
				-23
			],
			"translation": [
				-1,
				-2,
				0
			],
			"scale": [
				0.25,
				0.25,
				0.25
			]
		},
		"thirdperson_lefthand": {
			"rotation": [
				69,
				-71,
				65
			],
			"translation": [
				-1,
				-2,
				0
			],
			"scale": [
				0.25,
				0.25,
				0.25
			]
		},
		"firstperson_righthand": {
			"rotation": [
				-87,
				65,
				68
			],
			"translation": [
				1,
				-1.25,
				4.25
			],
			"scale": [
				0.44,
				0.44,
				0.44
			]
		},
		"firstperson_lefthand": {
			"rotation": [
				-40,
				-110,
				-33
			],
			"translation": [
				-0.25,
				-1.5,
				3
			],
			"scale": [
				0.44,
				0.44,
				0.44
			]
		},
		"ground": {
			"rotation": [
				0,
				0,
				-19
			],
			"scale": [
				0.125,
				0.125,
				0.125
			]
		},
		"gui": {
			"rotation": [
				0,
				180,
				32
			],
			"translation": [
				-0.5,
				1.75,
				0
			],
			"scale": [
				0.6,
				0.6,
				0.6
			]
		},
		"head": {
			"scale": [
				0.5,
				0.5,
				0.5
			]
		},
		"fixed": {
			"rotation": [
				0,
				180,
				0
			],
			"translation": [
				0,
				0,
				-2
			],
			"scale": [
				0.5,
				0.5,
				0.5
			]
		}
	}
}
