{
	"parent": "item/generated",
	"textures": {
		"3": "mgs:item/metal",
		"1_2": "mgs:item/copper",
		"1_1": "mgs:item/brass",
		"1_0": "mgs:item/metal_bright"
	},
	"gui_light": "front",
	"elements": [
		{
			"to": [
				13.61166,
				15.272,
				10.78178
			],
			"rotation": {
				"origin": [7.90351,13.55184,8],
				"angle": 22.5,
				"axis": "z"
			},
			"from": [
				10.86799,
				14.08308,
				5.21822
			],
			"faces": {
				"north": {"rotation": 180,"uv": [3,8,4.25,8.5],"texture": "#3"},
				"west": {"rotation": 180,"uv": [2.75,10.5,4,11],"texture": "#3"},
				"up": {"uv": [3.25,11.75,5.25,12.5],"texture": "#3"},
				"down": {"rotation": 180,"uv": [2.75,8,4,8.25],"texture": "#3"},
				"east": {"rotation": 180,"uv": [3,11.25,4.25,11.75],"texture": "#3"},
				"south": {"rotation": 90,"uv": [3,11.75,6.5,8.75],"texture": "#3"}
			}
		},
		{
			"to": [
				8.42917,
				15.272,
				10.78178
			],
			"rotation": {
				"origin": [7.90351,13.55184,8],
				"angle": 22.5,
				"axis": "z"
			},
			"from": [
				5.6855,
				14.08308,
				5.21822
			],
			"faces": {
				"north": {"rotation": 180,"uv": [3,8,4.25,8.5],"texture": "#3"},
				"west": {"rotation": 180,"uv": [2.75,10.5,4,11],"texture": "#3"},
				"up": {"uv": [3.25,11.75,5.25,12.5],"texture": "#3"},
				"down": {"rotation": 180,"uv": [2.75,8,4,8.25],"texture": "#3"},
				"east": {"rotation": 180,"uv": [3,11.25,4.25,11.75],"texture": "#3"},
				"south": {"rotation": 90,"uv": [3,11.75,6.5,8.75],"texture": "#3"}
			}
		},
		{
			"to": [
				3.24668,
				15.272,
				10.78178
			],
			"rotation": {
				"origin": [7.90351,13.55184,8],
				"angle": 22.5,
				"axis": "z"
			},
			"from": [
				0.503,
				14.08308,
				5.21822
			],
			"faces": {
				"north": {"rotation": 180,"uv": [3,8,4.25,8.5],"texture": "#3"},
				"west": {"rotation": 180,"uv": [2.75,10.5,4,11],"texture": "#3"},
				"up": {"uv": [3.25,11.75,5.25,12.5],"texture": "#3"},
				"down": {"rotation": 180,"uv": [2.75,8,4,8.25],"texture": "#3"},
				"east": {"rotation": 180,"uv": [3,11.25,4.25,11.75],"texture": "#3"},
				"south": {"rotation": 90,"uv": [3,11.75,6.5,8.75],"texture": "#3"}
			}
		},
		{
			"to": [
				8.93,
				13.46652,
				10.32447
			],
			"rotation": {
				"origin": [10.3189,-10.05739,5.67552],
				"angle": 0,
				"axis": "z"
			},
			"from": [
				-0.6,
				-8.68264,
				5.67552
			],
			"faces": {
				"down": {"rotation": 90,"uv": [5.75,9.5,7.25,11.5],"texture": "#3"},
				"west": {"rotation": 90,"uv": [2.75,9.5,12.5,11],"texture": "#3"},
				"east": {"rotation": 90,"uv": [5.75,7,6.25,7.5],"texture": "#3"},
				"north": {"rotation": 90,"uv": [3.75,7.75,13.5,9.75],"texture": "#3"},
				"south": {"rotation": 270,"uv": [3.75,7.75,13.5,9.75],"texture": "#3"}
			}
		},
		{
			"to": [
				14.18,
				21.56652,
				5.72447
			],
			"rotation": {
				"origin": [10.3189,-10.05739,5.67552],
				"angle": 0,
				"axis": "z"
			},
			"from": [
				-0.8,
				11.11736,
				5.47552
			],
			"faces": {
				"north": {"rotation": 90,"uv": [3.75,8.75,5.75,12],"texture": "#3"},
				"west": {"rotation": 90,"uv": [2.75,10.5,5.25,10.75],"texture": "#3"},
				"up": {"rotation": 180,"uv": [2.25,15.5,4.25,15.75],"texture": "#3"},
				"down": {"rotation": 90,"uv": [15.75,15.75,16,16],"texture": "#3"},
				"east": {"rotation": 90,"uv": [5.25,10.75,7.5,11],"texture": "#1_0"},
				"south": {"rotation": 90,"uv": [3.25,9.75,3.75,10.25],"texture": "#3"}
			}
		},
		{
			"to": [
				14.18,
				21.56652,
				10.28697
			],
			"rotation": {
				"origin": [10.3189,-10.05739,5.73803],
				"angle": 0,
				"axis": "z"
			},
			"from": [
				14,
				11.11736,
				5.71303
			],
			"faces": {
				"down": {"rotation": 90,"uv": [15.75,15.75,16,16],"texture": "#3"},
				"west": {"rotation": 90,"uv": [3.25,9.75,3.75,10.25],"texture": "#3"},
				"east": {"rotation": 90,"uv": [5.25,9.75,7.5,11.25],"texture": "#1_0"},
				"up": {"rotation": 90,"uv": [2.25,15.5,4.25,15.75],"texture": "#3"}
			}
		},
		{
			"to": [
				-0.62,
				21.56652,
				10.28697
			],
			"rotation": {
				"origin": [5.6611,-10.05739,5.73803],
				"angle": 0,
				"axis": "z"
			},
			"from": [
				-0.8,
				11.11736,
				5.71303
			],
			"faces": {
				"down": {"rotation": 90,"uv": [15.75,15.75,16,16],"texture": "#3"},
				"west": {"rotation": 90,"uv": [2.75,9.5,5.25,11],"texture": "#3"},
				"east": {"rotation": 90,"uv": [3.25,9.75,3.75,10.25],"texture": "#3"},
				"up": {"rotation": 90,"uv": [2.25,15.5,4.25,15.75],"texture": "#3"}
			}
		},
		{
			"to": [
				14.18,
				21.56652,
				10.52447
			],
			"rotation": {
				"origin": [10.3189,-10.05739,5.67552],
				"angle": 0,
				"axis": "z"
			},
			"from": [
				-0.8,
				11.11736,
				10.27552
			],
			"faces": {
				"north": {"rotation": 90,"uv": [3.25,9.75,3.75,10.25],"texture": "#3"},
				"west": {"rotation": 90,"uv": [2.75,10.5,5.25,10.75],"texture": "#3"},
				"up": {"rotation": 180,"uv": [2.25,15.5,4.25,15.75],"texture": "#3"},
				"down": {"rotation": 90,"uv": [15.75,15.75,16,16],"texture": "#3"},
				"east": {"rotation": 90,"uv": [5.25,10.75,7.5,11],"texture": "#1_0"},
				"south": {"rotation": 90,"uv": [3.75,12,5.75,8.75],"texture": "#3"}
			}
		},
		{
			"to": [
				13.96,
				13.46652,
				10.32447
			],
			"rotation": {
				"origin": [10.3189,-10.05739,5.67552],
				"angle": 0,
				"axis": "z"
			},
			"from": [
				11.08,
				-8.68264,
				5.67552
			],
			"faces": {
				"down": {"rotation": 270,"uv": [11.25,11,12.75,11.75],"texture": "#3"},
				"west": {"rotation": 90,"uv": [15.75,15.75,16,16],"texture": "#3"},
				"east": {"rotation": 90,"uv": [2,11.5,11.75,13],"texture": "#3"},
				"north": {"rotation": 90,"uv": [3.75,11.25,13.5,12],"texture": "#3"},
				"south": {"rotation": 270,"uv": [3.75,11.25,13.5,12],"texture": "#3"}
			}
		},
		{
			"to": [
				11.31992,
				13.42748,
				10.01708
			],
			"rotation": {
				"origin": [10.3189,-10.05739,5.36813],
				"angle": 0,
				"axis": "z"
			},
			"from": [
				8.3074,
				-7.18468,
				5.98292
			],
			"faces": {
				"north": {"rotation": 270,"uv": [3.5,8,13.25,8.5],"texture": "#3"},
				"south": {"rotation": 90,"uv": [3.5,8,13.25,8.5],"texture": "#3"}
			}
		},
		{
			"to": [
				11.08,
				-7.01868,
				10.32447
			],
			"rotation": {
				"origin": [10.3189,-10.05739,5.67552],
				"angle": 0,
				"axis": "z"
			},
			"from": [
				8.93,
				-8.67864,
				5.67552
			],
			"faces": {
				"down": {"rotation": 90,"uv": [8.75,10.25,10.25,10.75],"texture": "#3"},
				"north": {"rotation": 90,"uv": [4.5,9.75,5,10.25],"texture": "#3"},
				"up": {"rotation": 270,"uv": [8,4.5,8.5,5],"texture": "#3"},
				"south": {"rotation": 90,"uv": [4.5,9.75,5,10.25],"texture": "#3"}
			}
		},
		{
			"to": [
				6.9,
				21.97424,
				6.2407
			],
			"rotation": {
				"origin": [3.05,22.53601,8],
				"angle": 22.5,
				"axis": "x"
			},
			"from": [
				-0.8,
				20.67424,
				6.0387
			],
			"faces": {
				"west": {"rotation": 90,"uv": [2.75,10.5,3.75,10.75],"texture": "#3"},
				"east": {"rotation": 90,"uv": [5.25,10.75,6.25,11],"texture": "#1_0"},
				"north": {"rotation": 90,"uv": [5,8.75,5.25,10.5],"texture": "#3"},
				"south": {"rotation": 180,"uv": [6.75,8,7,8.25],"texture": "#3"}
			}
		},
		{
			"to": [
				6.9,
				21.96644,
				6.60497
			],
			"rotation": {
				"origin": [3.05,22.53601,8],
				"angle": 45,
				"axis": "x"
			},
			"from": [
				-0.8,
				21.26644,
				6.40297
			],
			"faces": {
				"west": {"rotation": 90,"uv": [2.75,10.5,3.75,10.75],"texture": "#3"},
				"east": {"rotation": 90,"uv": [5.25,10.75,6.25,11],"texture": "#1_0"},
				"north": {"rotation": 90,"uv": [5,8.75,5.25,10.5],"texture": "#3"},
				"up": {"rotation": 180,"uv": [2.25,15.5,4.25,15.75],"texture": "#3"},
				"south": {"rotation": 180,"uv": [6.75,8,7,8.25],"texture": "#3"}
			}
		},
		{
			"to": [
				6.9,
				21.97424,
				9.9613
			],
			"rotation": {
				"origin": [3.05,22.53601,8],
				"angle": -22.5,
				"axis": "x"
			},
			"from": [
				-0.8,
				20.67424,
				9.7593
			],
			"faces": {
				"west": {"rotation": 90,"uv": [2.75,10.5,3.75,10.75],"texture": "#3"},
				"east": {"rotation": 90,"uv": [5.25,10.75,6.25,11],"texture": "#1_0"},
				"north": {"rotation": 180,"uv": [6.75,8,7,8.25],"texture": "#3"},
				"south": {"rotation": 270,"uv": [5,8.75,5.25,10.5],"texture": "#3"}
			}
		},
		{
			"to": [
				6.9,
				21.96645,
				9.59703
			],
			"rotation": {
				"origin": [3.05,22.53601,8],
				"angle": -45,
				"axis": "x"
			},
			"from": [
				-0.8,
				21.26645,
				9.39503
			],
			"faces": {
				"west": {"rotation": 90,"uv": [2.75,10.5,3.75,10.75],"texture": "#3"},
				"east": {"rotation": 90,"uv": [5.25,10.75,6.25,11],"texture": "#1_0"},
				"north": {"rotation": 180,"uv": [6.75,8,7,8.25],"texture": "#3"},
				"up": {"rotation": 180,"uv": [2.25,15.5,4.25,15.75],"texture": "#3"},
				"south": {"rotation": 270,"uv": [5,8.75,5.25,10.5],"texture": "#3"}
			}
		},
		{
			"to": [
				14,
				21.26652,
				10.38697
			],
			"rotation": {
				"origin": [5.6811,-10.05739,5.73803],
				"angle": 0,
				"axis": "z"
			},
			"from": [
				-0.78,
				14.71736,
				5.61303
			],
			"faces": {
				"down": {"rotation": 90,"uv": [15.75,15.75,16,16],"texture": "#3"},
				"up": {"rotation": 180,"uv": [14.25,6.5,13,8],"texture": "#3"}
			}
		},
		{
			"to": [
				6.3,
				22.66652,
				7.98697
			],
			"rotation": {
				"origin": [5.6811,-10.05739,5.73803],
				"angle": 0,
				"axis": "z"
			},
			"from": [
				0.52,
				21.01736,
				6.21303
			],
			"faces": {
				"down": {"rotation": 90,"uv": [15.75,15.75,16,16],"texture": "#3"},
				"north": {"rotation": 180,"uv": [5.75,8,7,8.5],"texture": "#3"},
				"up": {"uv": [9.25,11.25,8,12],"texture": "#3"},
				"south": {"rotation": 180,"uv": [5.75,11.5,7,12],"texture": "#3"}
			}
		},
		{
			"to": [
				1.3991,
				22.11762,
				7.9863
			],
			"rotation": {
				"origin": [0.29696,21.33091,7.1],
				"angle": 45,
				"axis": "z"
			},
			"from": [
				-0.3809,
				20.96846,
				6.2133
			],
			"faces": {
				"down": {"rotation": 90,"uv": [15.75,15.75,16,16],"texture": "#3"},
				"north": {"rotation": 180,"uv": [5.75,8,7,8.5],"texture": "#3"},
				"up": {"uv": [13.25,11,12.75,11.75],"texture": "#3"},
				"south": {"rotation": 180,"uv": [5.75,11.5,7,12],"texture": "#3"}
			}
		},
		{
			"to": [
				9.67757,
				22.34683,
				7.9863
			],
			"rotation": {
				"origin": [6.90237,21.49509,7.1],
				"angle": -22.5,
				"axis": "z"
			},
			"from": [
				5.89757,
				20.69767,
				6.2133
			],
			"faces": {
				"down": {"rotation": 90,"uv": [15.75,15.75,16,16],"texture": "#3"},
				"north": {"rotation": 180,"uv": [5.75,8,7,8.5],"texture": "#3"},
				"up": {"uv": [9.75,11.5,8.5,12.25],"texture": "#3"},
				"south": {"rotation": 180,"uv": [5.75,11.5,7,12],"texture": "#3"}
			}
		}
	],
	"display": {
		"thirdperson_righthand": {
			"rotation": [
				0,
				100,
				0
			],
			"scale": [
				0.15,
				0.15,
				0.15
			],
			"translation": [
				-0.5,
				0,
				0
			]
		},
		"head": {
			"scale": [
				0.3,
				0.3,
				0.3
			]
		},
		"thirdperson_lefthand": {
			"rotation": [
				0,
				-81,
				-13
			],
			"scale": [
				0.15,
				0.15,
				0.15
			],
			"translation": [
				-0.5,
				0,
				0
			]
		},
		"gui": {
			"rotation": [
				0,
				180,
				30
			],
			"scale": [
				0.6,
				0.6,
				0.6
			],
			"translation": [
				-0.5,
				0.75,
				0
			]
		},
		"firstperson_lefthand": {
			"rotation": [
				-28,
				-113,
				-29
			],
			"scale": [
				0.3,
				0.3,
				0.3
			],
			"translation": [
				3,
				0,
				0.5
			]
		},
		"firstperson_righthand": {
			"rotation": [
				-71,
				71,
				60
			],
			"scale": [
				0.3,
				0.3,
				0.3
			],
			"translation": [
				3,
				0,
				0.5
			]
		},
		"fixed": {
			"translation": [
				0,
				1.5,
				-1.5
			],
			"scale": [
				-0.3,
				0.3,
				-0.3
			]
		},
		"ground": {
			"translation": [
				0,
				2.75,
				0
			],
			"scale": [
				0.15,
				0.15,
				0.15
			]
		}
	},
	"credit": "thebradqq's guns"
}
