{
	"parent": "minecraft:item/warped_fungus_on_a_stick",
	"textures": {
		"particle": "mgs:item/m590details",
		"1": "mgs:item/metal_brighter",
		"0": "mgs:item/m590details",
		"3": "mgs:item/metal",
		"2": "mgs:item/metal_bright",
		"5": "mgs:item/holodetails",
		"4": "mgs:item/metal_dark",
		"7": "mgs:item/kobradetails",
		"9": "mgs:item/reticles",
		"8": "mgs:item/acogdetails"
	},
	"gui_light": "front",
	"elements": [
		{
			"to": [
				4.55,
				5.15,
				8.1
			],
			"rotation": {
				"origin": [4.55,5.2,8.05],
				"angle": 45,
				"axis": "z"
			},
			"from": [
				4.45,
				4.75,
				7.9
			],
			"faces": {
				"down": {"rotation": 180,"uv": [15.75,15.75,16,16],"texture": "#4"},
				"west": {"rotation": 180,"uv": [15.75,15.75,16,16],"texture": "#4"},
				"east": {"uv": [8.75,11.25,9.25,12.5],"texture": "#4"},
				"north": {"rotation": 180,"uv": [9.75,4.25,10.25,5],"texture": "#4"},
				"south": {"rotation": 180,"uv": [9.75,4.25,10.25,5],"texture": "#4"}
			}
		},
		{
			"to": [
				30.9,
				8.425,
				8.125
			],
			"rotation": {
				"origin": [30.625,8.25,8],
				"angle": 0,
				"axis": "z"
			},
			"from": [
				30.25,
				8.15,
				7.875
			],
			"faces": {
				"north": {"uv": [1.25,5,2,5.75],"texture": "#4"},
				"up": {"uv": [12.75,1,13.75,1.5],"texture": "#4"},
				"south": {"uv": [1.25,5,2,5.75],"texture": "#4"}
			}
		},
		{
			"to": [
				30.9,
				8.775,
				8.125
			],
			"rotation": {
				"origin": [30.625,8.625,8],
				"angle": 0,
				"axis": "z"
			},
			"from": [
				30.6,
				8.425,
				7.875
			],
			"faces": {
				"west": {"rotation": 180,"uv": [3.25,11.25,3.75,11.75],"texture": "#4"},
				"east": {"rotation": 180,"uv": [3.25,11.25,3.75,11.75],"texture": "#4"},
				"north": {"rotation": 180,"uv": [3.25,11.25,3.75,11.75],"texture": "#4"},
				"up": {"rotation": 180,"uv": [3.5,11.5,4,12],"texture": "#4"},
				"south": {"rotation": 180,"uv": [3.25,11.25,3.75,11.75],"texture": "#4"}
			}
		},
		{
			"to": [
				30.73232,
				8.72019,
				8.1245
			],
			"rotation": {
				"origin": [30.58232,8.54519,8.0005],
				"angle": -45,
				"axis": "z"
			},
			"from": [
				30.43232,
				8.22019,
				7.8755
			],
			"faces": {
				"west": {"rotation": 180,"uv": [3.25,11.25,3.75,11.75],"texture": "#4"},
				"north": {"rotation": 180,"uv": [3.25,10.75,3.75,11.75],"texture": "#4"},
				"south": {"rotation": 180,"uv": [3.25,10.75,3.75,11.75],"texture": "#4"}
			}
		},
		{
			"to": [
				30.735,
				8.59252,
				8.1125
			],
			"rotation": {
				"origin": [30.81355,8.66752,8.0125],
				"angle": -45,
				"axis": "z"
			},
			"from": [
				30.585,
				8.36752,
				7.8875
			],
			"faces": {
				"west": {"uv": [0,8,1,9],"texture": "#0"}
			}
		},
		{
			"to": [
				30.9,
				8.425,
				8.12475
			],
			"rotation": {
				"origin": [30.9,8.425,8.00025],
				"angle": 22.5,
				"axis": "z"
			},
			"from": [
				30.75,
				8.1,
				7.87525
			],
			"faces": {
				"east": {"uv": [2.5,4,2.75,4.75],"texture": "#4"},
				"north": {"uv": [1.25,5,1.5,5.75],"texture": "#4"},
				"south": {"uv": [1.25,5,1.5,5.75],"texture": "#4"}
			}
		},
		{
			"to": [
				30.25,
				8.425,
				8.125
			],
			"rotation": {
				"origin": [30.25,8.425,8],
				"angle": 22.5,
				"axis": "z"
			},
			"from": [
				29.35,
				8.175,
				7.875
			],
			"faces": {
				"north": {"uv": [7.75,5,8.75,5.75],"texture": "#4"},
				"up": {"rotation": 270,"uv": [7.25,2.5,7.75,4.75],"texture": "#4"},
				"south": {"uv": [7.75,5,8.75,5.75],"texture": "#4"}
			}
		},
		{
			"to": [
				30.05,
				6.925,
				8.08951
			],
			"rotation": {
				"origin": [21.95,6.475,8],
				"angle": -45,
				"axis": "x"
			},
			"from": [
				10.75,
				6.025,
				7.91049
			],
			"faces": {
				"down": {"rotation": 180,"uv": [0,10.75,16,11.25],"texture": "#4"},
				"up": {"rotation": 180,"uv": [0,8,16,8.5],"texture": "#4"}
			}
		},
		{
			"to": [
				30.05,
				6.925,
				8.08951
			],
			"rotation": {
				"origin": [21.95,6.475,8],
				"angle": -22.5,
				"axis": "x"
			},
			"from": [
				10.75,
				6.025,
				7.91049
			],
			"faces": {
				"down": {"rotation": 180,"uv": [0,8,16,8.5],"texture": "#4"},
				"up": {"rotation": 180,"uv": [15.75,15.75,16,16],"texture": "#4"}
			}
		},
		{
			"to": [
				30.05,
				6.925,
				8.08951
			],
			"from": [
				10.75,
				6.025,
				7.91049
			],
			"faces": {
				"down": {"rotation": 180,"uv": [15.75,15.75,16,16],"texture": "#4"},
				"up": {"rotation": 180,"uv": [15.75,15.75,16,16],"texture": "#4"}
			}
		},
		{
			"to": [
				30.05,
				6.925,
				8.08951
			],
			"rotation": {
				"origin": [21.95,6.475,8],
				"angle": 22.5,
				"axis": "x"
			},
			"from": [
				10.75,
				6.025,
				7.91049
			],
			"faces": {
				"down": {"uv": [0,8,16,8.5],"texture": "#4"},
				"up": {"rotation": 180,"uv": [15.75,15.75,16,16],"texture": "#4"}
			}
		},
		{
			"to": [
				30.05,
				6.925,
				8.08951
			],
			"rotation": {
				"origin": [21.95,6.475,8],
				"angle": 45,
				"axis": "x"
			},
			"from": [
				10.75,
				6.025,
				7.91049
			],
			"faces": {
				"down": {"rotation": 180,"uv": [0,10.75,16,11.25],"texture": "#4"},
				"up": {"uv": [0,8,16,8.5],"texture": "#4"}
			}
		},
		{
			"to": [
				30.05,
				6.56451,
				8.45
			],
			"rotation": {
				"origin": [21.95,6.475,8],
				"angle": -22.5,
				"axis": "x"
			},
			"from": [
				10.75,
				6.38549,
				7.55
			],
			"faces": {
				"north": {"rotation": 180,"uv": [0,11.25,16,11.75],"texture": "#4"},
				"south": {"uv": [0,11.25,16,11.75],"texture": "#4"}
			}
		},
		{
			"to": [
				30.05,
				6.56451,
				8.45
			],
			"from": [
				10.75,
				6.38549,
				7.55
			],
			"faces": {
				"north": {"rotation": 180,"uv": [0,11.75,16,12.25],"texture": "#4"},
				"south": {"rotation": 180,"uv": [0,11.75,16,12.25],"texture": "#4"}
			}
		},
		{
			"to": [
				30.05,
				6.56451,
				8.45
			],
			"rotation": {
				"origin": [21.95,6.475,8],
				"angle": 22.5,
				"axis": "x"
			},
			"from": [
				10.75,
				6.38549,
				7.55
			],
			"faces": {
				"north": {"uv": [0,11.25,16,11.75],"texture": "#4"},
				"south": {"rotation": 180,"uv": [0,11.25,16,11.75],"texture": "#4"}
			}
		},
		{
			"to": [
				31.075,
				8.175,
				8.15
			],
			"rotation": {
				"origin": [12.1,8,8],
				"angle": 0,
				"axis": "y"
			},
			"from": [
				29.35,
				7.9,
				7.85
			],
			"faces": {
				"west": {"rotation": 180,"uv": [4.75,2,5.25,2.75],"texture": "#4"},
				"east": {"uv": [5,2,5.5,2.75],"texture": "#4"},
				"north": {"uv": [5.5,1.75,7.5,2.5],"texture": "#4"},
				"up": {"rotation": 180,"uv": [10,0,12,1.25],"texture": "#4"},
				"south": {"uv": [5.5,1.75,7.5,2.5],"texture": "#4"}
			}
		},
		{
			"to": [
				31.34875,
				7.05,
				8.11438
			],
			"rotation": {
				"origin": [30.97501,6.475,8],
				"angle": 0,
				"axis": "y"
			},
			"from": [
				30.60125,
				5.9,
				7.88562
			],
			"faces": {
				"down": {"rotation": 270,"uv": [11,3.5,10,0],"texture": "#0"},
				"east": {"uv": [7.5,6.75,8,7.75],"texture": "#4"},
				"north": {"uv": [7.5,6.25,9.25,8.5],"texture": "#4"},
				"up": {"rotation": 270,"uv": [10,3.5,9,0],"texture": "#0"},
				"south": {"uv": [7.5,6.25,9.25,8.5],"texture": "#4"}
			}
		},
		{
			"to": [
				31.65,
				6.725,
				8.25
			],
			"rotation": {
				"origin": [16.7,5.3,7.84946],
				"angle": 0,
				"axis": "y"
			},
			"from": [
				31.35,
				6.225,
				7.75
			],
			"faces": {
				"down": {"uv": [7.25,8.75,8.25,9.5],"texture": "#4"},
				"east": {"uv": [8,7,8.75,7.75],"texture": "#4"},
				"north": {"uv": [7.75,7.25,8.75,8],"texture": "#4"},
				"up": {"uv": [0.25,11.75,1.25,12.5],"texture": "#4"},
				"south": {"uv": [7.75,7.25,8.75,8],"texture": "#4"}
			}
		},
		{
			"to": [
				30.6505,
				7.25,
				8.24853
			],
			"rotation": {
				"origin": [15.5,4.95,8],
				"angle": 0,
				"axis": "y"
			},
			"from": [
				30.0005,
				5.875,
				7.75147
			],
			"faces": {
				"down": {"uv": [9,8,9.25,8.25],"texture": "#4"},
				"west": {"uv": [15.75,15.75,16,16],"texture": "#4"},
				"east": {"uv": [9,8,9.25,8.25],"texture": "#4"},
				"north": {"rotation": 180,"uv": [6,10.5,7,11],"texture": "#4"},
				"south": {"rotation": 180,"uv": [6.75,10.25,7.75,10.75],"texture": "#4"}
			}
		},
		{
			"to": [
				26.8505,
				7.25,
				8.24853
			],
			"rotation": {
				"origin": [11.5,4.95,8],
				"angle": 0,
				"axis": "y"
			},
			"from": [
				26.0005,
				5.875,
				7.75147
			],
			"faces": {
				"down": {"uv": [9,8,9.25,8.25],"texture": "#4"},
				"west": {"uv": [15.75,15.75,16,16],"texture": "#4"},
				"east": {"uv": [9,8,9.25,8.25],"texture": "#4"},
				"north": {"rotation": 180,"uv": [6,10.5,7,11],"texture": "#4"},
				"south": {"rotation": 180,"uv": [6.75,10.25,7.75,10.75],"texture": "#4"}
			}
		},
		{
			"to": [
				31.34875,
				7.05,
				8.11438
			],
			"rotation": {
				"origin": [30.97501,6.475,8],
				"angle": -22.5,
				"axis": "x"
			},
			"from": [
				30.60125,
				5.9,
				7.88562
			],
			"faces": {
				"down": {"rotation": 270,"uv": [9,3.5,8,0],"texture": "#0"},
				"east": {"uv": [7.5,6.75,8,7.75],"texture": "#4"},
				"up": {"rotation": 270,"uv": [9,3.5,8,0],"texture": "#0"}
			}
		},
		{
			"to": [
				31.34875,
				7.05,
				8.11438
			],
			"rotation": {
				"origin": [30.97501,6.475,8],
				"angle": -45,
				"axis": "x"
			},
			"from": [
				30.60125,
				5.9,
				7.88562
			],
			"faces": {
				"down": {"rotation": 270,"uv": [7,3.5,6,0],"texture": "#0"},
				"east": {"uv": [7.5,6.75,8,7.75],"texture": "#4"},
				"up": {"rotation": 270,"uv": [7,3.5,6,0],"texture": "#0"}
			}
		},
		{
			"to": [
				31.34875,
				6.58938,
				8.575
			],
			"rotation": {
				"origin": [30.97501,6.475,8],
				"angle": 22.5,
				"axis": "x"
			},
			"from": [
				30.60125,
				6.36062,
				7.425
			],
			"faces": {
				"east": {"rotation": 90,"uv": [7.5,6.75,8,7.75],"texture": "#4"},
				"north": {"rotation": 90,"uv": [7,3.5,6,0],"texture": "#0"},
				"south": {"rotation": 270,"uv": [4.5,3.5,5.5,0],"texture": "#0"}
			}
		},
		{
			"to": [
				31.34875,
				7.05,
				8.11438
			],
			"rotation": {
				"origin": [30.97501,6.475,8],
				"angle": 22.5,
				"axis": "x"
			},
			"from": [
				30.60125,
				5.9,
				7.88562
			],
			"faces": {
				"down": {"rotation": 270,"uv": [13,3.5,12,0],"texture": "#0"},
				"east": {"uv": [7.5,6.75,8,7.75],"texture": "#4"},
				"up": {"rotation": 270,"uv": [12,3.5,11,0],"texture": "#0"}
			}
		},
		{
			"to": [
				31.34875,
				7.05,
				8.11438
			],
			"rotation": {
				"origin": [30.97501,6.475,8],
				"angle": 45,
				"axis": "x"
			},
			"from": [
				30.60125,
				5.9,
				7.88562
			],
			"faces": {
				"down": {"rotation": 270,"uv": [14,3.5,13,0],"texture": "#0"},
				"east": {"uv": [7.5,6.75,8,7.75],"texture": "#4"},
				"up": {"rotation": 270,"uv": [14,3.5,13,0],"texture": "#0"}
			}
		},
		{
			"to": [
				31.34875,
				6.58938,
				8.575
			],
			"rotation": {
				"origin": [30.97501,6.475,8],
				"angle": -22.5,
				"axis": "x"
			},
			"from": [
				30.60125,
				6.36062,
				7.425
			],
			"faces": {
				"east": {"rotation": 90,"uv": [7.5,6.75,8,7.75],"texture": "#4"},
				"north": {"rotation": 90,"uv": [7,3.5,6,0],"texture": "#0"},
				"south": {"rotation": 270,"uv": [5.5,3.5,6.5,0],"texture": "#0"}
			}
		},
		{
			"to": [
				31.34886,
				6.58938,
				8.575
			],
			"rotation": {
				"origin": [30.97501,6.475,8],
				"angle": 0,
				"axis": "y"
			},
			"from": [
				30.60125,
				6.36062,
				7.425
			],
			"faces": {
				"east": {"rotation": 90,"uv": [7.5,6.75,8,7.75],"texture": "#4"},
				"north": {"rotation": 90,"uv": [6,3.5,5,0],"texture": "#0"},
				"south": {"rotation": 270,"uv": [3.5,3.5,4.5,0],"texture": "#0"}
			}
		},
		{
			"to": [
				30.65,
				7.075,
				8.24853
			],
			"rotation": {
				"origin": [31.025,6.475,8],
				"angle": -45,
				"axis": "x"
			},
			"from": [
				30,
				5.875,
				7.75147
			],
			"faces": {
				"down": {"rotation": 180,"uv": [9.25,11,10.25,11.75],"texture": "#4"},
				"west": {"rotation": 180,"uv": [9.5,8,10.25,8.75],"texture": "#4"},
				"east": {"rotation": 180,"uv": [9.5,8,10.25,8.75],"texture": "#4"},
				"up": {"rotation": 180,"uv": [7.75,11.25,8.75,12],"texture": "#4"}
			}
		},
		{
			"to": [
				26.85,
				7.075,
				8.24853
			],
			"rotation": {
				"origin": [27.025,6.475,8],
				"angle": -45,
				"axis": "x"
			},
			"from": [
				26,
				5.875,
				7.75147
			],
			"faces": {
				"down": {"rotation": 180,"uv": [9.25,11,10.25,11.75],"texture": "#4"},
				"west": {"rotation": 180,"uv": [9.5,8,10.25,8.75],"texture": "#4"},
				"east": {"rotation": 180,"uv": [9.5,8,10.25,8.75],"texture": "#4"},
				"up": {"rotation": 180,"uv": [7.75,11.25,8.75,12],"texture": "#4"}
			}
		},
		{
			"to": [
				30.65,
				7.075,
				8.24853
			],
			"rotation": {
				"origin": [31.025,6.475,8],
				"angle": 45,
				"axis": "x"
			},
			"from": [
				30,
				5.875,
				7.75147
			],
			"faces": {
				"down": {"uv": [9.25,11,10.25,11.75],"texture": "#4"},
				"west": {"rotation": 180,"uv": [9.5,8,10.25,8.75],"texture": "#4"},
				"east": {"rotation": 180,"uv": [9.5,8,10.25,8.75],"texture": "#4"},
				"up": {"uv": [7.75,11.25,8.75,12],"texture": "#4"}
			}
		},
		{
			"to": [
				26.85,
				7.075,
				8.24853
			],
			"rotation": {
				"origin": [27.025,6.475,8],
				"angle": 45,
				"axis": "x"
			},
			"from": [
				26,
				5.875,
				7.75147
			],
			"faces": {
				"down": {"uv": [9.25,11,10.25,11.75],"texture": "#4"},
				"west": {"rotation": 180,"uv": [9.5,8,10.25,8.75],"texture": "#4"},
				"east": {"rotation": 180,"uv": [9.5,8,10.25,8.75],"texture": "#4"},
				"up": {"uv": [7.75,11.25,8.75,12],"texture": "#4"}
			}
		},
		{
			"to": [
				30.65,
				6.72353,
				8.6
			],
			"rotation": {
				"origin": [15.5,4.95,8],
				"angle": 0,
				"axis": "y"
			},
			"from": [
				30,
				6.22647,
				7.4
			],
			"faces": {
				"west": {"rotation": 180,"uv": [9.5,8,10.25,8.75],"texture": "#4"},
				"east": {"rotation": 180,"uv": [9.5,8,10.25,8.75],"texture": "#4"},
				"north": {"uv": [9.75,4.25,10.75,5],"texture": "#4"},
				"south": {"uv": [9.75,4.25,10.75,5],"texture": "#4"}
			}
		},
		{
			"to": [
				26.85,
				6.72353,
				8.6
			],
			"rotation": {
				"origin": [11.5,4.95,8],
				"angle": 0,
				"axis": "y"
			},
			"from": [
				26,
				6.22647,
				7.4
			],
			"faces": {
				"west": {"rotation": 180,"uv": [9.5,8,10.25,8.75],"texture": "#4"},
				"east": {"rotation": 180,"uv": [9.5,8,10.25,8.75],"texture": "#4"},
				"north": {"uv": [9.75,4.25,10.75,5],"texture": "#4"},
				"south": {"uv": [9.75,4.25,10.75,5],"texture": "#4"}
			}
		},
		{
			"to": [
				11.001,
				7.75,
				8
			],
			"rotation": {
				"origin": [6.75,7.63065,7.9],
				"angle": 45,
				"axis": "x"
			},
			"from": [
				4.4,
				7.5113,
				7.3
			],
			"faces": {
				"west": {"uv": [6.5,12,7,12.5],"texture": "#4"},
				"east": {"rotation": 90,"uv": [9.75,7.5,10.25,9],"texture": "#4"},
				"north": {"rotation": 180,"uv": [5.5,8,10.5,8.5],"texture": "#2"}
			}
		},
		{
			"to": [
				11,
				7.75,
				8
			],
			"rotation": {
				"origin": [6.75,7.63065,7.9],
				"angle": 22.5,
				"axis": "x"
			},
			"from": [
				4.4,
				7.5113,
				7.3
			],
			"faces": {
				"west": {"uv": [6.5,12,7,12.5],"texture": "#4"},
				"east": {"rotation": 90,"uv": [9.75,7.5,10.25,9],"texture": "#4"},
				"north": {"rotation": 180,"uv": [4.75,11.25,9.75,11.75],"texture": "#4"}
			}
		},
		{
			"to": [
				7.3,
				7.75,
				8.7
			],
			"rotation": {
				"origin": [6.75,7.63065,8.1],
				"angle": -22.5,
				"axis": "x"
			},
			"from": [
				4.4,
				7.5113,
				8
			],
			"faces": {
				"west": {"uv": [6.5,12,7,12.5],"texture": "#4"},
				"east": {"uv": [10.75,8,11,8.5],"texture": "#4"},
				"south": {"rotation": 180,"uv": [4.5,11.25,6.75,11.75],"texture": "#4"}
			}
		},
		{
			"to": [
				11.001,
				7.75,
				8
			],
			"rotation": {
				"origin": [8,8,7.9],
				"angle": 0,
				"axis": "y"
			},
			"from": [
				3.5,
				6.15,
				7.3
			],
			"faces": {
				"east": {"rotation": 180,"uv": [8.5,8,9,8.5],"texture": "#4"},
				"north": {"rotation": 180,"uv": [4.25,9,10.25,11.5],"texture": "#4"},
				"up": {"rotation": 180,"uv": [7,7,13,5.25],"texture": "#4"}
			}
		},
		{
			"to": [
				3.5,
				7.75,
				8.699
			],
			"rotation": {
				"origin": [3.5,7.75,8.001],
				"angle": 22.5,
				"axis": "z"
			},
			"from": [
				2.4,
				6.275,
				7.301
			],
			"faces": {
				"down": {"rotation": 180,"uv": [15.75,15.75,16,16],"texture": "#4"},
				"west": {"rotation": 270,"uv": [6.75,10,7.25,10.5],"texture": "#4"},
				"north": {"rotation": 180,"uv": [11.25,9,12.25,11.5],"texture": "#4"},
				"up": {"rotation": 90,"uv": [10.75,5.25,12.25,6.5],"texture": "#4"},
				"south": {"rotation": 180,"uv": [11.5,9,12.5,11.5],"texture": "#4"}
			}
		},
		{
			"to": [
				4.525,
				7.825,
				8.549
			],
			"rotation": {
				"origin": [3.5,7.75,8.001],
				"angle": 22.5,
				"axis": "z"
			},
			"from": [
				2.4,
				7.35,
				8.151
			],
			"faces": {
				"east": {"rotation": 90,"uv": [10.5,4.75,11.75,5.75],"texture": "#2"},
				"north": {"rotation": 270,"uv": [8.5,10,9,10.5],"texture": "#4"},
				"up": {"rotation": 90,"uv": [10.5,4,11.5,6.75],"texture": "#4"},
				"south": {"rotation": 180,"uv": [0,11.25,2.25,12],"texture": "#4"}
			}
		},
		{
			"to": [
				4.525,
				7.825,
				7.849
			],
			"rotation": {
				"origin": [3.5,7.75,7.999],
				"angle": 22.5,
				"axis": "z"
			},
			"from": [
				2.4,
				7.35,
				7.451
			],
			"faces": {
				"east": {"rotation": 270,"uv": [10.5,4.75,11.75,5.75],"texture": "#2"},
				"north": {"rotation": 180,"uv": [0,11.25,2.25,12],"texture": "#4"},
				"up": {"rotation": 90,"uv": [12,4,13,6.75],"texture": "#4"},
				"south": {"rotation": 270,"uv": [8.5,10,9,10.5],"texture": "#4"}
			}
		},
		{
			"to": [
				2.4,
				7.85,
				8.6
			],
			"rotation": {
				"origin": [3.5,7.75,8],
				"angle": 22.5,
				"axis": "z"
			},
			"from": [
				1.3,
				6.35,
				7.4
			],
			"faces": {
				"down": {"uv": [0,9,1.25,10.25],"texture": "#4"},
				"east": {"uv": [6.25,8.5,7.25,10],"texture": "#4"},
				"north": {"uv": [6.5,5,7.75,6.75],"texture": "#3"},
				"up": {"rotation": 180,"uv": [6,8.25,7.25,9.5],"texture": "#2"},
				"south": {"uv": [6.5,5,7.75,6.75],"texture": "#3"}
			}
		},
		{
			"to": [
				11,
				8.23065,
				8.01935
			],
			"rotation": {
				"origin": [6.75,7.63065,7.9],
				"angle": -22.5,
				"axis": "x"
			},
			"from": [
				4.4,
				7.53065,
				7.78065
			],
			"faces": {
				"west": {"rotation": 270,"uv": [11.5,2.25,12,2.75],"texture": "#2"},
				"east": {"uv": [11.25,7.5,11.75,9],"texture": "#4"},
				"up": {"rotation": 180,"uv": [3.5,5,8.5,5.5],"texture": "#2"}
			}
		},
		{
			"to": [
				11.001,
				8.23065,
				8.21935
			],
			"from": [
				4.4,
				7.53065,
				7.78065
			],
			"faces": {
				"west": {"rotation": 270,"uv": [11.5,2.25,12,2.75],"texture": "#2"},
				"east": {"uv": [10.75,7.5,11.75,9],"texture": "#4"},
				"up": {"rotation": 180,"uv": [5.25,4.25,10.25,5],"texture": "#2"}
			}
		},
		{
			"to": [
				4.4,
				8.23065,
				8.19435
			],
			"rotation": {
				"origin": [4.4,8.23065,8],
				"angle": 22.5,
				"axis": "z"
			},
			"from": [
				3.95,
				8.13065,
				7.80565
			],
			"faces": {
				"west": {"rotation": 270,"uv": [8,9.5,8.5,10],"texture": "#4"},
				"north": {"rotation": 270,"uv": [10.75,4,11.5,5],"texture": "#2"},
				"up": {"rotation": 90,"uv": [10.75,4.5,11.5,5.25],"texture": "#2"},
				"south": {"rotation": 90,"uv": [10.75,4,11.5,5],"texture": "#2"}
			}
		},
		{
			"to": [
				2.875,
				8.23065,
				8.19435
			],
			"rotation": {
				"origin": [4.4,8.23065,8],
				"angle": 22.5,
				"axis": "z"
			},
			"from": [
				2.275,
				8.13065,
				7.80565
			],
			"faces": {
				"east": {"rotation": 180,"uv": [8.5,11.5,9,12],"texture": "#4"},
				"north": {"rotation": 270,"uv": [2.75,5,3.5,5.75],"texture": "#4"},
				"up": {"rotation": 90,"uv": [12.75,5.25,13.5,6.25],"texture": "#4"},
				"south": {"rotation": 90,"uv": [2.75,5,3.5,5.75],"texture": "#4"}
			}
		},
		{
			"to": [
				3.9,
				8.25565,
				8.14435
			],
			"rotation": {
				"origin": [4.4,8.23065,8],
				"angle": 22.5,
				"axis": "z"
			},
			"from": [
				3.2,
				8.13065,
				7.85565
			],
			"faces": {
				"west": {"rotation": 180,"uv": [8.5,11,9.25,11.5],"texture": "#4"},
				"east": {"rotation": 180,"uv": [8,2.25,8.25,3],"texture": "#2"},
				"north": {"rotation": 180,"uv": [10,5.25,12.5,5.5],"texture": "#4"},
				"up": {"rotation": 90,"uv": [9.25,4.25,10,6],"texture": "#4"},
				"south": {"rotation": 180,"uv": [10,5.25,12.5,5.5],"texture": "#4"}
			}
		},
		{
			"to": [
				3.8,
				8.28065,
				8.14435
			],
			"rotation": {
				"origin": [4.4,8.23065,8],
				"angle": 22.5,
				"axis": "z"
			},
			"from": [
				3.3,
				8.25565,
				7.85565
			],
			"faces": {
				"west": {"rotation": 180,"uv": [9,11.25,9.25,11.5],"texture": "#4"},
				"east": {"rotation": 180,"uv": [10.5,3,10.75,3.25],"texture": "#2"},
				"north": {"rotation": 180,"uv": [10,5,12.5,5.25],"texture": "#4"},
				"up": {"rotation": 90,"uv": [10,4.25,10.75,5.5],"texture": "#4"},
				"south": {"rotation": 180,"uv": [10,5,12.5,5.25],"texture": "#4"}
			}
		},
		{
			"to": [
				3.725,
				8.30565,
				8.14435
			],
			"rotation": {
				"origin": [4.4,8.23065,8],
				"angle": 22.5,
				"axis": "z"
			},
			"from": [
				3.375,
				8.28065,
				7.85565
			],
			"faces": {
				"west": {"rotation": 180,"uv": [9,11.25,9.25,11.5],"texture": "#4"},
				"east": {"rotation": 180,"uv": [10.5,3,10.75,3.25],"texture": "#2"},
				"north": {"rotation": 180,"uv": [10,4.75,12.5,5],"texture": "#4"},
				"up": {"rotation": 90,"uv": [8.75,4.5,9.5,5.25],"texture": "#4"},
				"south": {"rotation": 180,"uv": [10,4.75,12.5,5],"texture": "#4"}
			}
		},
		{
			"to": [
				3.675,
				8.33065,
				8.14435
			],
			"rotation": {
				"origin": [4.4,8.23065,8],
				"angle": 22.5,
				"axis": "z"
			},
			"from": [
				3.425,
				8.30565,
				7.85565
			],
			"faces": {
				"west": {"rotation": 180,"uv": [9,11.25,9.25,11.5],"texture": "#4"},
				"east": {"rotation": 180,"uv": [10.5,3,10.75,3.25],"texture": "#2"},
				"north": {"rotation": 180,"uv": [9.75,4.75,10.5,5],"texture": "#4"},
				"up": {"uv": [8.25,2,9,2.75],"texture": "#4"},
				"south": {"rotation": 180,"uv": [10,4.75,10.75,5],"texture": "#4"}
			}
		},
		{
			"to": [
				3.625,
				8.3307,
				8.075
			],
			"rotation": {
				"origin": [4.4,8.23065,7.96935],
				"angle": 22.5,
				"axis": "z"
			},
			"from": [
				3.475,
				8.2307,
				7.925
			],
			"faces": {
				"up": {"rotation": 180,"uv": [8.5,11,10,12.5],"texture": "#0"}
			}
		},
		{
			"to": [
				3.1,
				8.1311,
				8.075
			],
			"rotation": {
				"origin": [4.4,8.23065,7.96935],
				"angle": 22.5,
				"axis": "z"
			},
			"from": [
				2.95,
				8.0311,
				7.925
			],
			"faces": {
				"up": {"uv": [0,7.5,1.5,9],"texture": "#0"}
			}
		},
		{
			"to": [
				11.001,
				7.75,
				8.7
			],
			"rotation": {
				"origin": [6.75,7.63065,8.1],
				"angle": -45,
				"axis": "x"
			},
			"from": [
				4.4,
				7.5113,
				8
			],
			"faces": {
				"down": {"uv": [10.75,8,11,8.25],"texture": "#4"},
				"west": {"uv": [6.5,12,7,12.5],"texture": "#4"},
				"east": {"rotation": 270,"uv": [9,7.5,9.5,9],"texture": "#4"},
				"south": {"rotation": 180,"uv": [5.75,8,10.75,8.5],"texture": "#2"}
			}
		},
		{
			"to": [
				11,
				8.23065,
				8.21935
			],
			"rotation": {
				"origin": [6.75,7.63065,8.1],
				"angle": 22.5,
				"axis": "x"
			},
			"from": [
				4.4,
				7.53065,
				7.98065
			],
			"faces": {
				"west": {"rotation": 270,"uv": [11.5,2.25,12,2.75],"texture": "#2"},
				"east": {"uv": [10.25,7.5,10.75,9],"texture": "#4"},
				"up": {"uv": [3,5,8,5.5],"texture": "#2"}
			}
		},
		{
			"to": [
				11,
				6.24946,
				7.6
			],
			"rotation": {
				"origin": [7.125,6.19973,7.55],
				"angle": -45,
				"axis": "x"
			},
			"from": [
				3.05,
				6.15,
				7.3
			],
			"faces": {
				"east": {"rotation": 180,"uv": [8.5,8,8.75,8.25],"texture": "#4"},
				"north": {"rotation": 180,"uv": [4.25,8,10.25,8.25],"texture": "#4"}
			}
		},
		{
			"to": [
				11,
				6.24946,
				7.6
			],
			"rotation": {
				"origin": [7.125,6.19973,7.55],
				"angle": -22.5,
				"axis": "x"
			},
			"from": [
				3.05,
				6.15,
				7.3
			],
			"faces": {
				"east": {"rotation": 180,"uv": [8.5,8,8.75,8.25],"texture": "#4"},
				"north": {"rotation": 180,"uv": [4.25,8.25,10.25,8.5],"texture": "#4"}
			}
		},
		{
			"to": [
				11,
				6.24973,
				7.59973
			],
			"rotation": {
				"origin": [7.125,6.19973,7.55],
				"angle": 22.5,
				"axis": "x"
			},
			"from": [
				3.05,
				5.94973,
				7.50027
			],
			"faces": {
				"down": {"rotation": 180,"uv": [0.75,8,6.75,8.25],"texture": "#4"},
				"west": {"rotation": 180,"uv": [15.75,15.75,16,16],"texture": "#4"},
				"east": {"rotation": 180,"uv": [8.5,8,8.75,8.25],"texture": "#4"},
				"south": {"rotation": 180,"uv": [0.25,8,6.25,8.25],"texture": "#4"}
			}
		},
		{
			"to": [
				7.501,
				6.24973,
				8.49973
			],
			"rotation": {
				"origin": [7.125,6.19973,8.35],
				"angle": 0,
				"axis": "x"
			},
			"from": [
				3.05,
				5.94973,
				7.50027
			],
			"faces": {
				"down": {"rotation": 180,"uv": [15.75,15.75,16,16],"texture": "#4"},
				"west": {"rotation": 180,"uv": [15.75,15.75,16,16],"texture": "#4"},
				"east": {"rotation": 90,"uv": [6.75,8,7,8.75],"texture": "#4"}
			}
		},
		{
			"to": [
				11.0015,
				6.24973,
				8.49973
			],
			"rotation": {
				"origin": [7.125,6.19973,8.35],
				"angle": 0,
				"axis": "x"
			},
			"from": [
				10.3,
				5.94973,
				7.50027
			],
			"faces": {
				"down": {"rotation": 180,"uv": [15.75,15.75,16,16],"texture": "#4"},
				"west": {"rotation": 270,"uv": [6.75,8,7,8.75],"texture": "#4"},
				"east": {"rotation": 180,"uv": [8.5,8,8.75,8.25],"texture": "#4"}
			}
		},
		{
			"to": [
				11,
				6.24973,
				8.49973
			],
			"rotation": {
				"origin": [7.125,6.19973,8.45],
				"angle": -22.5,
				"axis": "x"
			},
			"from": [
				3.05,
				5.94973,
				8.40027
			],
			"faces": {
				"down": {"rotation": 180,"uv": [4.25,8,10.25,8.25],"texture": "#4"},
				"west": {"rotation": 180,"uv": [15.75,15.75,16,16],"texture": "#4"},
				"east": {"rotation": 180,"uv": [8.5,8,8.75,8.25],"texture": "#4"},
				"north": {"rotation": 180,"uv": [0.25,8,6.25,8.25],"texture": "#4"}
			}
		},
		{
			"to": [
				11,
				6.24946,
				8.7
			],
			"rotation": {
				"origin": [7.125,6.19973,8.45],
				"angle": 45,
				"axis": "x"
			},
			"from": [
				3.05,
				6.15,
				8.4
			],
			"faces": {
				"east": {"rotation": 180,"uv": [8.5,8,8.75,8.25],"texture": "#4"},
				"south": {"rotation": 180,"uv": [4.25,8,10.25,8.25],"texture": "#4"}
			}
		},
		{
			"to": [
				11,
				6.24946,
				8.7
			],
			"rotation": {
				"origin": [7.125,6.19973,8.45],
				"angle": 22.5,
				"axis": "x"
			},
			"from": [
				3.05,
				6.15,
				8.4
			],
			"faces": {
				"east": {"rotation": 180,"uv": [8.5,8,8.75,8.25],"texture": "#4"},
				"south": {"rotation": 180,"uv": [4.25,8.25,10.25,8.5],"texture": "#4"}
			}
		},
		{
			"to": [
				11.001,
				7.1,
				8.7
			],
			"rotation": {
				"origin": [8,8,8.1],
				"angle": 0,
				"axis": "y"
			},
			"from": [
				3.5,
				6.15,
				8
			],
			"faces": {
				"east": {"rotation": 180,"uv": [8.5,8,9,8.5],"texture": "#4"},
				"up": {"uv": [7.5,12.25,11.25,12.5],"texture": "#4"},
				"south": {"rotation": 180,"uv": [4.25,9.5,10.25,11],"texture": "#4"}
			}
		},
		{
			"to": [
				11.001,
				7.75,
				8.7
			],
			"rotation": {
				"origin": [8,8,8.1],
				"angle": 0,
				"axis": "y"
			},
			"from": [
				10.3,
				7.1,
				8
			],
			"faces": {
				"west": {"uv": [11.25,11.25,11.5,12.25],"texture": "#4"},
				"east": {"rotation": 180,"uv": [8.5,8.25,9,8.5],"texture": "#4"},
				"south": {"rotation": 180,"uv": [6.75,11,7.25,12],"texture": "#4"}
			}
		},
		{
			"to": [
				7.3,
				7.75,
				8.7
			],
			"rotation": {
				"origin": [8,8,8.1],
				"angle": 0,
				"axis": "y"
			},
			"from": [
				3.5,
				7.1,
				8.4
			],
			"faces": {
				"east": {"uv": [11.25,11.25,11.5,12.25],"texture": "#4"},
				"up": {"rotation": 180,"uv": [11,5.25,13,6],"texture": "#4"},
				"south": {"rotation": 180,"uv": [4.5,10.5,7.5,11.5],"texture": "#4"}
			}
		},
		{
			"to": [
				11,
				7.75,
				8.7
			],
			"rotation": {
				"origin": [7.75,7.63065,8.1],
				"angle": -22.5,
				"axis": "x"
			},
			"from": [
				10.3,
				7.5113,
				8
			],
			"faces": {
				"west": {"uv": [10.75,8,11,8.5],"texture": "#4"},
				"east": {"rotation": 270,"uv": [9,7.5,9.5,9],"texture": "#4"},
				"south": {"rotation": 180,"uv": [4.5,11.25,5,11.75],"texture": "#4"}
			}
		},
		{
			"to": [
				10.35,
				7.725,
				8.625
			],
			"rotation": {
				"origin": [8,8,8.125],
				"angle": 0,
				"axis": "y"
			},
			"from": [
				7.3,
				7.075,
				8.125
			],
			"faces": {
				"south": {"uv": [6.25,4.25,9.75,5.5],"texture": "#2"}
			}
		},
		{
			"to": [
				10.35,
				7.925,
				8.625
			],
			"rotation": {
				"origin": [8.825,7.725,8.625],
				"angle": -22.5,
				"axis": "x"
			},
			"from": [
				7.3,
				7.725,
				8.125
			],
			"faces": {
				"south": {"rotation": 180,"uv": [6,5,9.5,5.5],"texture": "#2"}
			}
		},
		{
			"to": [
				16.149,
				7.25,
				8.55
			],
			"from": [
				7.2,
				6.825,
				8.35
			],
			"faces": {
				"down": {"rotation": 180,"uv": [4,8,12.5,8.5],"texture": "#2"},
				"east": {"rotation": 180,"uv": [4.5,5.75,5,6.25],"texture": "#2"},
				"north": {"rotation": 180,"uv": [7.5,10.5,7.75,10.75],"texture": "#4"},
				"up": {"rotation": 180,"uv": [0,0.25,8.5,0.75],"texture": "#2"},
				"south": {"uv": [0,4.75,8.5,5.5],"texture": "#4"}
			}
		},
		{
			"to": [
				10.449,
				7.6,
				8.65
			],
			"rotation": {
				"origin": [8,8,8.1],
				"angle": 0,
				"axis": "y"
			},
			"from": [
				9.5,
				7.425,
				8.45
			],
			"faces": {
				"down": {"rotation": 90,"uv": [11.5,9.75,12,10.25],"texture": "#2"},
				"west": {"uv": [10.25,4.75,10.75,5.75],"texture": "#2"},
				"up": {"rotation": 90,"uv": [10.75,2.5,11.25,3],"texture": "#2"},
				"south": {"uv": [8.75,2,5.75,2.5],"texture": "#2"}
			}
		},
		{
			"to": [
				16.149,
				7.25,
				7.65
			],
			"from": [
				7.2,
				6.825,
				7.45
			],
			"faces": {
				"down": {"uv": [4,8,12.5,8.5],"texture": "#2"},
				"east": {"rotation": 180,"uv": [4.5,5.75,5,6.25],"texture": "#2"},
				"north": {"uv": [0,4.75,8.5,5.5],"texture": "#4"},
				"up": {"uv": [0,0.25,8.5,0.75],"texture": "#2"},
				"south": {"rotation": 180,"uv": [8.75,10.5,9,10.75],"texture": "#4"}
			}
		},
		{
			"to": [
				10.325,
				6.3,
				8.5125
			],
			"rotation": {
				"origin": [8,8,7.9875],
				"angle": 0,
				"axis": "y"
			},
			"from": [
				7.5,
				6.05,
				7.4875
			],
			"faces": {
				"down": {"uv": [0,6.5,4.5,8],"texture": "#4"}
			}
		},
		{
			"to": [
				5.70348,
				6,
				8.2
			],
			"rotation": {
				"origin": [5.53924,5.3,8],
				"angle": 0,
				"axis": "y"
			},
			"from": [
				4.7,
				5.9,
				7.8
			],
			"faces": {
				"down": {"rotation": 180,"uv": [15.75,15.75,16,16],"texture": "#4"},
				"north": {"rotation": 180,"uv": [8.5,5.5,10.5,5.75],"texture": "#4"},
				"south": {"rotation": 180,"uv": [8.5,5.5,10.5,5.75],"texture": "#4"}
			}
		},
		{
			"to": [
				5.70348,
				4.7,
				8.2
			],
			"rotation": {
				"origin": [5.53924,5.3,8],
				"angle": 0,
				"axis": "y"
			},
			"from": [
				4.7,
				4.6,
				7.8
			],
			"faces": {
				"down": {"rotation": 90,"uv": [8.5,7.5,9.25,9.25],"texture": "#4"},
				"north": {"uv": [7.25,4,9,4.5],"texture": "#4"},
				"up": {"rotation": 90,"uv": [11.5,1.5,12.25,3.25],"texture": "#4"},
				"south": {"uv": [7.25,4,9,4.5],"texture": "#4"}
			}
		},
		{
			"to": [
				6.26424,
				5.46424,
				8.19975
			],
			"rotation": {
				"origin": [5.56424,5.3,8.00025],
				"angle": 0,
				"axis": "z"
			},
			"from": [
				6.16424,
				5.16076,
				7.80025
			],
			"faces": {
				"west": {"uv": [9,12.25,9.75,13],"texture": "#4"},
				"east": {"uv": [7,12.5,7.75,13],"texture": "#4"},
				"north": {"rotation": 90,"uv": [0.5,4.5,1,5],"texture": "#4"},
				"south": {"rotation": 270,"uv": [1,4.5,0.5,5],"texture": "#4"}
			}
		},
		{
			"to": [
				4.23924,
				5.76424,
				8.2005
			],
			"rotation": {
				"origin": [4.83924,5.3,7.9995],
				"angle": 0,
				"axis": "z"
			},
			"from": [
				4.13924,
				5.16076,
				7.7995
			],
			"faces": {
				"west": {"uv": [8.5,11.5,9.25,12.5],"texture": "#4"},
				"east": {"uv": [9,11.5,9.75,13],"texture": "#4"},
				"north": {"rotation": 180,"uv": [8.75,4,9,5],"texture": "#4"},
				"south": {"rotation": 180,"uv": [8.75,4,9,5],"texture": "#4"}
			}
		},
		{
			"to": [
				6.26424,
				5.43924,
				8.2
			],
			"rotation": {
				"origin": [5.56424,5.3,8],
				"angle": -22.5,
				"axis": "z"
			},
			"from": [
				6.16424,
				5.16076,
				7.8
			],
			"faces": {
				"west": {"rotation": 180,"uv": [8.75,4.5,9.5,5],"texture": "#4"},
				"east": {"rotation": 180,"uv": [8.25,12.5,9,13],"texture": "#4"},
				"north": {"rotation": 90,"uv": [2.5,4.25,3,4.75],"texture": "#4"},
				"south": {"rotation": 180,"uv": [2.5,4.25,3,4.75],"texture": "#4"}
			}
		},
		{
			"to": [
				4.23924,
				5.43924,
				8.2
			],
			"rotation": {
				"origin": [4.83924,5.3,8],
				"angle": -22.5,
				"axis": "z"
			},
			"from": [
				4.13924,
				5.16076,
				7.8
			],
			"faces": {
				"east": {"uv": [8.25,11.75,9,12.25],"texture": "#4"},
				"north": {"rotation": 180,"uv": [8.75,4.25,9,5],"texture": "#4"},
				"south": {"rotation": 180,"uv": [8.75,4.25,9,5],"texture": "#4"}
			}
		},
		{
			"to": [
				6.26424,
				5.43924,
				8.1995
			],
			"rotation": {
				"origin": [6.86424,5.3,8.0005],
				"angle": -22.5,
				"axis": "z"
			},
			"from": [
				6.16424,
				5.16076,
				7.8005
			],
			"faces": {
				"east": {"uv": [7,11.5,7.75,12],"texture": "#4"},
				"north": {"rotation": 180,"uv": [8.75,4.75,9,5],"texture": "#4"},
				"south": {"rotation": 180,"uv": [8.75,4.75,9,5],"texture": "#4"}
			}
		},
		{
			"to": [
				6.26424,
				5.43924,
				8.2
			],
			"rotation": {
				"origin": [5.56424,5.3,8],
				"angle": 22.5,
				"axis": "z"
			},
			"from": [
				6.16424,
				5.16076,
				7.8
			],
			"faces": {
				"west": {"uv": [8.25,11.75,9,12.25],"texture": "#4"},
				"north": {"rotation": 180,"uv": [0,5,0.5,5.5],"texture": "#4"},
				"south": {"rotation": 180,"uv": [0.5,5,0,5.5],"texture": "#4"}
			}
		},
		{
			"to": [
				4.23924,
				5.43924,
				8.2
			],
			"rotation": {
				"origin": [4.83924,5.3,8],
				"angle": 22.5,
				"axis": "z"
			},
			"from": [
				4.13924,
				5.16076,
				7.8
			],
			"faces": {
				"west": {"uv": [8.5,12.5,9.25,13],"texture": "#4"},
				"east": {"rotation": 180,"uv": [8.75,4.5,9.5,5],"texture": "#4"},
				"north": {"rotation": 270,"uv": [2.25,4,2.75,4.5],"texture": "#4"},
				"south": {"rotation": 90,"uv": [2.25,4,2.75,4.5],"texture": "#4"}
			}
		},
		{
			"to": [
				5.70348,
				6,
				8.2
			],
			"rotation": {
				"origin": [5.56424,5.3,8],
				"angle": -45,
				"axis": "z"
			},
			"from": [
				5.425,
				5.9,
				7.8
			],
			"faces": {
				"down": {"rotation": 90,"uv": [8.5,7.5,9.25,8.25],"texture": "#4"},
				"north": {"rotation": 180,"uv": [15.5,5.25,16,5.75],"texture": "#4"},
				"south": {"rotation": 180,"uv": [16,5.25,15.5,5.75],"texture": "#4"}
			}
		},
		{
			"to": [
				4.97848,
				4.7,
				8.2
			],
			"rotation": {
				"origin": [4.83924,5.3,8],
				"angle": -45,
				"axis": "z"
			},
			"from": [
				4.7,
				4.6,
				7.8
			],
			"faces": {
				"down": {"rotation": 90,"uv": [8.5,11.75,9.25,12.25],"texture": "#4"},
				"north": {"uv": [5.75,4,6.25,4.5],"texture": "#4"},
				"up": {"rotation": 90,"uv": [10.25,4,11,4.5],"texture": "#4"},
				"south": {"uv": [5.75,4,6.25,4.5],"texture": "#4"}
			}
		},
		{
			"to": [
				5.15348,
				6.425,
				8.201
			],
			"rotation": {
				"origin": [4.83924,5.3,7.999],
				"angle": 45,
				"axis": "z"
			},
			"from": [
				4.675,
				5.9,
				7.799
			],
			"faces": {
				"down": {"rotation": 270,"uv": [8.5,7.5,9.25,8.25],"texture": "#4"},
				"west": {"uv": [8.75,8,9.5,9],"texture": "#4"},
				"north": {"rotation": 90,"uv": [8.75,4.75,9.75,5.75],"texture": "#4"},
				"south": {"rotation": 270,"uv": [8.75,4.75,9.75,5.75],"texture": "#4"}
			}
		},
		{
			"to": [
				7.20348,
				6.525,
				8.1995
			],
			"rotation": {
				"origin": [6.86424,5.3,8.0005],
				"angle": 45,
				"axis": "z"
			},
			"from": [
				6.575,
				5.9,
				7.8005
			],
			"faces": {
				"down": {"rotation": 90,"uv": [7,10.75,7.75,11.75],"texture": "#4"},
				"north": {"rotation": 180,"uv": [8.75,4.75,9.75,5.75],"texture": "#4"},
				"south": {"rotation": 180,"uv": [8.75,4.75,9.75,5.75],"texture": "#4"}
			}
		},
		{
			"to": [
				5.70348,
				4.7,
				8.2
			],
			"rotation": {
				"origin": [5.56424,5.3,8],
				"angle": 45,
				"axis": "z"
			},
			"from": [
				5.425,
				4.6,
				7.8
			],
			"faces": {
				"down": {"rotation": 270,"uv": [8.25,12,9,12.5],"texture": "#4"},
				"north": {"uv": [5.75,4,6.25,4.5],"texture": "#4"},
				"up": {"rotation": 270,"uv": [10.25,4,11,4.5],"texture": "#4"},
				"south": {"uv": [5.75,4,6.25,4.5],"texture": "#4"}
			}
		},
		{
			"to": [
				5.70348,
				6,
				8.2
			],
			"rotation": {
				"origin": [5.56424,5.3,8],
				"angle": -22.5,
				"axis": "z"
			},
			"from": [
				5.425,
				5.9,
				7.8
			],
			"faces": {
				"down": {"rotation": 270,"uv": [8.75,8,9.5,8.5],"texture": "#4"},
				"north": {"rotation": 180,"uv": [8,5.25,8.5,5.75],"texture": "#4"},
				"south": {"rotation": 180,"uv": [8,5.25,8.5,5.75],"texture": "#4"}
			}
		},
		{
			"to": [
				4.97848,
				4.7,
				8.2
			],
			"rotation": {
				"origin": [4.83924,5.3,8],
				"angle": -22.5,
				"axis": "z"
			},
			"from": [
				4.7,
				4.6,
				7.8
			],
			"faces": {
				"down": {"rotation": 90,"uv": [8.25,11.25,9,11.75],"texture": "#4"},
				"north": {"uv": [5.75,4,6.25,4.5],"texture": "#4"},
				"up": {"rotation": 90,"uv": [10.25,4,11,4.5],"texture": "#4"},
				"south": {"uv": [5.75,4,6.25,4.5],"texture": "#4"}
			}
		},
		{
			"to": [
				4.97848,
				6.2,
				8.2
			],
			"rotation": {
				"origin": [4.83924,5.3,8],
				"angle": 22.5,
				"axis": "z"
			},
			"from": [
				4.5,
				5.9,
				7.8
			],
			"faces": {
				"down": {"rotation": 180,"uv": [15.75,15.75,16,16],"texture": "#4"},
				"north": {"rotation": 180,"uv": [7.75,5.5,8.25,5.75],"texture": "#4"},
				"south": {"rotation": 180,"uv": [7.75,5.5,8.25,5.75],"texture": "#4"}
			}
		},
		{
			"to": [
				5.70348,
				4.7,
				8.2
			],
			"rotation": {
				"origin": [5.56424,5.3,8],
				"angle": 22.5,
				"axis": "z"
			},
			"from": [
				5.425,
				4.6,
				7.8
			],
			"faces": {
				"down": {"rotation": 270,"uv": [8.25,11.5,9,12],"texture": "#4"},
				"north": {"uv": [5.75,4,6.25,4.5],"texture": "#4"},
				"up": {"rotation": 90,"uv": [10.25,4,11,4.5],"texture": "#4"},
				"south": {"uv": [5.75,4,6.25,4.5],"texture": "#4"}
			}
		},
		{
			"to": [
				4.62294,
				5.93467,
				8.1005
			],
			"rotation": {
				"origin": [7.4,7.9,8],
				"angle": 0,
				"axis": "y"
			},
			"from": [
				4.47294,
				5.08467,
				7.9
			],
			"faces": {
				"down": {"rotation": 180,"uv": [15.75,15.75,16,16],"texture": "#4"},
				"west": {"rotation": 180,"uv": [15.75,15.75,16,16],"texture": "#4"},
				"east": {"uv": [9.5,10.75,10,12],"texture": "#4"},
				"north": {"rotation": 180,"uv": [8.75,4.75,9.75,5.75],"texture": "#4"},
				"south": {"rotation": 180,"uv": [8.75,4.75,9.75,5.75],"texture": "#4"}
			}
		},
		{
			"to": [
				4.55,
				6.05,
				8.1
			],
			"rotation": {
				"origin": [4.55,5.2,8.05],
				"angle": -22.5,
				"axis": "z"
			},
			"from": [
				4.425,
				5.375,
				7.9
			],
			"faces": {
				"east": {"uv": [9.5,7.75,10,9],"texture": "#4"},
				"north": {"rotation": 180,"uv": [8.75,5,9,5.75],"texture": "#4"},
				"south": {"rotation": 180,"uv": [8.75,5,9,5.75],"texture": "#4"}
			}
		},
		{
			"to": [
				5.3,
				5.8,
				8.1
			],
			"rotation": {
				"origin": [4.55,5.2,8.05],
				"angle": 22.5,
				"axis": "z"
			},
			"from": [
				4.775,
				5.6,
				7.9
			],
			"faces": {
				"down": {"rotation": 180,"uv": [15.75,15.75,16,16],"texture": "#4"},
				"east": {"rotation": 180,"uv": [15.75,15.75,16,16],"texture": "#4"},
				"north": {"rotation": 180,"uv": [8.75,5.25,9.75,5.75],"texture": "#4"},
				"south": {"rotation": 180,"uv": [8.75,5.25,9.75,5.75],"texture": "#4"}
			}
		},
		{
			"to": [
				4.49981,
				6.45028,
				8.701
			],
			"rotation": {
				"origin": [8,8,8.097],
				"angle": 0,
				"axis": "y"
			},
			"from": [
				4.34981,
				6.30028,
				7.299
			],
			"faces": {
				"north": {"uv": [14,13.5,15,14.5],"texture": "#0"},
				"south": {"rotation": 90,"uv": [13,14,14,15],"texture": "#0"}
			}
		},
		{
			"to": [
				7.89981,
				6.45028,
				8.701
			],
			"rotation": {
				"origin": [8,8,8.097],
				"angle": 0,
				"axis": "y"
			},
			"from": [
				7.74981,
				6.30028,
				7.799
			],
			"faces": {
				"south": {"rotation": 90,"uv": [14,13.5,15,14.5],"texture": "#0"}
			}
		},
		{
			"to": [
				8.99981,
				7.55028,
				8.201
			],
			"rotation": {
				"origin": [8,8,7.903],
				"angle": 0,
				"axis": "y"
			},
			"from": [
				8.84981,
				7.40028,
				7.299
			],
			"faces": {
				"north": {"uv": [13,14,14,15],"texture": "#0"}
			}
		},
		{
			"to": [
				5.19981,
				7.40028,
				8.701
			],
			"rotation": {
				"origin": [8,8,8.097],
				"angle": 0,
				"axis": "y"
			},
			"from": [
				4.99981,
				7.20028,
				7.299
			],
			"faces": {
				"north": {"uv": [7.5,13.5,9,15],"texture": "#0"},
				"south": {"uv": [9,13.5,7.5,15],"texture": "#0"}
			}
		},
		{
			"to": [
				16.75,
				7.21066,
				8.18897
			],
			"rotation": {
				"origin": [17.25,6.46066,8],
				"angle": 22.5,
				"axis": "x"
			},
			"from": [
				15.25,
				5.51066,
				7.81103
			],
			"faces": {
				"down": {"uv": [6.75,8,8.25,8.75],"texture": "#3"},
				"west": {"rotation": 180,"uv": [15.75,15.75,16,16],"texture": "#3"},
				"east": {"rotation": 180,"uv": [15.75,15.75,16,16],"texture": "#3"}
			}
		},
		{
			"to": [
				16.75,
				7.21066,
				8.18897
			],
			"rotation": {
				"origin": [17.25,6.46066,8],
				"angle": 45,
				"axis": "x"
			},
			"from": [
				15.249,
				5.51066,
				7.81103
			],
			"faces": {
				"down": {"rotation": 180,"uv": [7.75,10.75,9.25,11.5],"texture": "#3"},
				"west": {"rotation": 180,"uv": [10.25,8.25,10.5,8.5],"texture": "#3"},
				"east": {"rotation": 180,"uv": [5.5,8.25,5.75,8.5],"texture": "#3"}
			}
		},
		{
			"to": [
				16.75,
				6.64963,
				8.95
			],
			"rotation": {
				"origin": [17.25,6.46066,8],
				"angle": -22.5,
				"axis": "x"
			},
			"from": [
				15.25,
				6.27169,
				7.05
			],
			"faces": {
				"west": {"rotation": 180,"uv": [9.75,9.5,10,9.75],"texture": "#3"},
				"east": {"rotation": 180,"uv": [11,10,11.25,10.25],"texture": "#3"},
				"north": {"rotation": 180,"uv": [7.75,11.25,9.25,12],"texture": "#3"},
				"south": {"rotation": 180,"uv": [10.25,5,11.75,5.75],"texture": "#3"}
			}
		},
		{
			"to": [
				16.75,
				6.64963,
				8.95
			],
			"rotation": {
				"origin": [17.25,6.46066,8],
				"angle": 0,
				"axis": "x"
			},
			"from": [
				15.249,
				6.27169,
				7.05
			],
			"faces": {
				"west": {"rotation": 180,"uv": [8.25,10.75,8.5,11],"texture": "#3"},
				"east": {"rotation": 180,"uv": [11,10,11.25,10.25],"texture": "#3"},
				"north": {"uv": [9,12,10.5,12.75],"texture": "#3"},
				"south": {"uv": [9,12,10.5,12.75],"texture": "#3"}
			}
		},
		{
			"to": [
				16.75,
				6.64963,
				8.95
			],
			"rotation": {
				"origin": [17.25,6.46066,8],
				"angle": 22.5,
				"axis": "x"
			},
			"from": [
				15.25,
				6.27169,
				7.05
			],
			"faces": {
				"west": {"rotation": 180,"uv": [9.75,9.5,10,9.75],"texture": "#3"},
				"east": {"rotation": 180,"uv": [5.5,8.25,5.75,8.5],"texture": "#3"},
				"north": {"rotation": 180,"uv": [10.25,5,11.75,5.75],"texture": "#3"},
				"south": {"rotation": 180,"uv": [7.75,11.25,9.25,12],"texture": "#3"}
			}
		},
		{
			"to": [
				16.75,
				7.21066,
				8.18897
			],
			"rotation": {
				"origin": [17.25,6.46066,8],
				"angle": -45,
				"axis": "x"
			},
			"from": [
				15.249,
				5.51066,
				7.81103
			],
			"faces": {
				"down": {"rotation": 180,"uv": [7.75,10.75,9.25,11.5],"texture": "#3"},
				"west": {"rotation": 180,"uv": [10.25,8.25,10.5,8.5],"texture": "#3"},
				"east": {"rotation": 180,"uv": [6,8,6.25,8.25],"texture": "#3"}
			}
		},
		{
			"to": [
				16.75,
				7.21066,
				8.18897
			],
			"rotation": {
				"origin": [17.25,6.46066,8],
				"angle": -22.5,
				"axis": "x"
			},
			"from": [
				15.25,
				5.51066,
				7.81103
			],
			"faces": {
				"down": {"rotation": 180,"uv": [6.75,8,8.25,8.75],"texture": "#3"},
				"west": {"rotation": 180,"uv": [15.75,15.75,16,16],"texture": "#3"},
				"east": {"rotation": 180,"uv": [15.75,15.75,16,16],"texture": "#3"}
			}
		},
		{
			"to": [
				16.75,
				7.26066,
				8.18897
			],
			"rotation": {
				"origin": [17.25,6.46066,8],
				"angle": 0,
				"axis": "y"
			},
			"from": [
				15.249,
				5.51066,
				7.81103
			],
			"faces": {
				"down": {"rotation": 180,"uv": [15.75,15.75,16,16],"texture": "#4"},
				"west": {"rotation": 180,"uv": [15.75,15.75,16,16],"texture": "#3"},
				"east": {"rotation": 180,"uv": [15.75,15.75,16,16],"texture": "#3"}
			}
		},
		{
			"to": [
				16.7509,
				7.01066,
				8.81397
			],
			"rotation": {
				"origin": [17.25,6.46066,8],
				"angle": 0,
				"axis": "y"
			},
			"from": [
				15.251,
				6.61066,
				7.18603
			],
			"faces": {
				"west": {"rotation": 180,"uv": [9.5,8.25,9.75,8.5],"texture": "#3"},
				"east": {"rotation": 180,"uv": [11,10,11.25,10.25],"texture": "#3"},
				"north": {"rotation": 180,"uv": [10.25,5.5,11.75,5.75],"texture": "#3"},
				"up": {"uv": [8.75,4.75,10.25,7.25],"texture": "#4"},
				"south": {"rotation": 180,"uv": [10.25,5.5,11.75,5.75],"texture": "#3"}
			}
		},
		{
			"to": [
				23.35,
				7.26066,
				8.16908
			],
			"rotation": {
				"origin": [17.5,6.46066,8],
				"angle": 0,
				"axis": "y"
			},
			"from": [
				21.95,
				5.61066,
				7.83092
			],
			"faces": {
				"down": {"rotation": 180,"uv": [15.75,15.75,16,16],"texture": "#4"},
				"east": {"rotation": 180,"uv": [6.5,7.75,6.75,8.5],"texture": "#3"}
			}
		},
		{
			"to": [
				21.95,
				7.21066,
				8.16908
			],
			"rotation": {
				"origin": [17.5,6.46066,8],
				"angle": 0,
				"axis": "y"
			},
			"from": [
				17.75,
				5.61066,
				7.83092
			],
			"faces": {
				"down": {"uv": [2,4.5,16,4],"texture": "#0"}
			}
		},
		{
			"to": [
				21.95,
				6.62974,
				8.85
			],
			"rotation": {
				"origin": [17.5,6.46066,8],
				"angle": 22.5,
				"axis": "x"
			},
			"from": [
				17.75,
				6.29158,
				7.15
			],
			"faces": {
				"north": {"rotation": 180,"uv": [2,9,16,7.5],"texture": "#0"},
				"south": {"uv": [2,8,16,6.5],"texture": "#0"}
			}
		},
		{
			"to": [
				21.95,
				7.31066,
				8.16908
			],
			"rotation": {
				"origin": [17.5,6.46066,8],
				"angle": -45,
				"axis": "x"
			},
			"from": [
				17.75,
				5.61066,
				7.83092
			],
			"faces": {
				"down": {"uv": [2,6.5,16,5],"texture": "#0"},
				"up": {"uv": [2,7.5,16,6],"texture": "#0"}
			}
		},
		{
			"to": [
				21.95,
				7.31066,
				8.16908
			],
			"rotation": {
				"origin": [17.5,6.46066,8],
				"angle": -22.5,
				"axis": "x"
			},
			"from": [
				17.75,
				5.61066,
				7.83092
			],
			"faces": {
				"down": {"uv": [2,5.5,16,4],"texture": "#0"},
				"up": {"uv": [2,6.5,16,5],"texture": "#0"}
			}
		},
		{
			"to": [
				21.95,
				6.62974,
				8.85
			],
			"rotation": {
				"origin": [17.5,6.46066,8],
				"angle": -22.5,
				"axis": "x"
			},
			"from": [
				17.75,
				6.29158,
				7.15
			],
			"faces": {
				"north": {"rotation": 180,"uv": [2,6.5,16,8],"texture": "#0"},
				"south": {"uv": [2,7.5,16,9],"texture": "#0"}
			}
		},
		{
			"to": [
				21.95,
				7.31066,
				8.16908
			],
			"rotation": {
				"origin": [17.5,6.46066,8],
				"angle": 45,
				"axis": "x"
			},
			"from": [
				17.75,
				5.61066,
				7.83092
			],
			"faces": {
				"down": {"uv": [2,5.5,16,7],"texture": "#0"},
				"up": {"uv": [2,6,16,7.5],"texture": "#0"}
			}
		},
		{
			"to": [
				21.95,
				7.31066,
				8.16908
			],
			"rotation": {
				"origin": [17.5,6.46066,8],
				"angle": 22.5,
				"axis": "x"
			},
			"from": [
				17.75,
				5.61066,
				7.83092
			],
			"faces": {
				"down": {"uv": [2,4,16,5.5],"texture": "#0"},
				"up": {"uv": [2,4.5,16,6],"texture": "#0"}
			}
		},
		{
			"to": [
				17.75,
				7.31066,
				8.16908
			],
			"rotation": {
				"origin": [11.7,6.46066,8],
				"angle": 0,
				"axis": "y"
			},
			"from": [
				16.15,
				5.61066,
				7.83092
			],
			"faces": {
				"down": {"rotation": 180,"uv": [15.75,15.75,16,16],"texture": "#4"}
			}
		},
		{
			"to": [
				23.35,
				6.62974,
				8.85
			],
			"rotation": {
				"origin": [17.5,6.46066,8],
				"angle": -22.5,
				"axis": "x"
			},
			"from": [
				21.95,
				6.29158,
				7.15
			],
			"faces": {
				"east": {"rotation": 90,"uv": [6.5,7.75,6.75,8.5],"texture": "#3"},
				"north": {"uv": [13,5,15.25,5.75],"texture": "#3"},
				"south": {"rotation": 180,"uv": [11,4.75,13.25,5.5],"texture": "#3"}
			}
		},
		{
			"to": [
				17.75,
				6.62974,
				8.85
			],
			"rotation": {
				"origin": [11.7,6.46066,8],
				"angle": -22.5,
				"axis": "x"
			},
			"from": [
				16.15,
				6.29158,
				7.15
			],
			"faces": {
				"north": {"uv": [11,5,13.5,5.75],"texture": "#3"},
				"south": {"rotation": 180,"uv": [13.5,4.75,16,5.5],"texture": "#3"}
			}
		},
		{
			"to": [
				17.75,
				6.62974,
				8.85
			],
			"rotation": {
				"origin": [11.7,6.46066,8],
				"angle": 0,
				"axis": "x"
			},
			"from": [
				16.15,
				6.29158,
				7.15
			],
			"faces": {
				"north": {"rotation": 180,"uv": [2,11.75,4.5,12.5],"texture": "#3"},
				"south": {"rotation": 180,"uv": [3.75,11.75,6.25,12.5],"texture": "#3"}
			}
		},
		{
			"to": [
				23.35,
				6.62974,
				8.85
			],
			"rotation": {
				"origin": [17.5,6.46066,8],
				"angle": 22.5,
				"axis": "x"
			},
			"from": [
				21.95,
				6.29158,
				7.15
			],
			"faces": {
				"east": {"rotation": 90,"uv": [6.5,7.75,6.75,8.5],"texture": "#3"},
				"north": {"rotation": 180,"uv": [11.25,4.75,13.5,5.5],"texture": "#3"},
				"south": {"uv": [13,5,15.25,5.75],"texture": "#3"}
			}
		},
		{
			"to": [
				17.75,
				6.62974,
				8.85
			],
			"rotation": {
				"origin": [11.7,6.46066,8],
				"angle": 22.5,
				"axis": "x"
			},
			"from": [
				16.15,
				6.29158,
				7.15
			],
			"faces": {
				"north": {"rotation": 180,"uv": [8,4.75,10.5,5.5],"texture": "#3"},
				"south": {"uv": [13,5,15.5,5.75],"texture": "#3"}
			}
		},
		{
			"to": [
				23.35,
				7.31066,
				8.16908
			],
			"rotation": {
				"origin": [17.5,6.46066,8],
				"angle": -45,
				"axis": "x"
			},
			"from": [
				21.95,
				5.61066,
				7.83092
			],
			"faces": {
				"down": {"rotation": 180,"uv": [6.5,8,8.75,8.75],"texture": "#3"},
				"east": {"rotation": 180,"uv": [6.5,7.75,6.75,8.5],"texture": "#3"},
				"up": {"rotation": 180,"uv": [5.25,10.75,7.5,11.5],"texture": "#3"}
			}
		},
		{
			"to": [
				17.75,
				7.31066,
				8.16908
			],
			"rotation": {
				"origin": [11.7,6.46066,8],
				"angle": -45,
				"axis": "x"
			},
			"from": [
				16.15,
				5.61066,
				7.83092
			],
			"faces": {
				"down": {"rotation": 180,"uv": [6.5,8,9,8.75],"texture": "#3"},
				"west": {"rotation": 180,"uv": [6.5,7.75,6.75,8.5],"texture": "#3"},
				"up": {"rotation": 180,"uv": [5.25,10.75,7.75,11.5],"texture": "#3"}
			}
		},
		{
			"to": [
				23.35,
				7.31066,
				8.16908
			],
			"rotation": {
				"origin": [17.5,6.46066,8],
				"angle": -22.5,
				"axis": "x"
			},
			"from": [
				21.95,
				5.61066,
				7.83092
			],
			"faces": {
				"down": {"rotation": 180,"uv": [15.75,15.75,16,16],"texture": "#4"},
				"east": {"rotation": 180,"uv": [6.5,7.75,6.75,8.5],"texture": "#3"},
				"up": {"rotation": 180,"uv": [6.25,7.75,8.5,8.5],"texture": "#3"}
			}
		},
		{
			"to": [
				17.75,
				7.31066,
				8.16908
			],
			"rotation": {
				"origin": [11.7,6.46066,8],
				"angle": -22.5,
				"axis": "x"
			},
			"from": [
				16.15,
				5.61066,
				7.83092
			],
			"faces": {
				"down": {"rotation": 180,"uv": [15.75,15.75,16,16],"texture": "#4"},
				"up": {"rotation": 180,"uv": [6.25,7.75,8.75,8.5],"texture": "#3"}
			}
		},
		{
			"to": [
				23.35,
				7.31066,
				8.16908
			],
			"rotation": {
				"origin": [17.5,6.46066,8],
				"angle": 45,
				"axis": "x"
			},
			"from": [
				21.95,
				5.61066,
				7.83092
			],
			"faces": {
				"down": {"uv": [6.5,8,8.75,8.75],"texture": "#3"},
				"east": {"rotation": 180,"uv": [6.5,7.75,6.75,8.5],"texture": "#3"},
				"up": {"uv": [5,10.75,7.25,11.5],"texture": "#3"}
			}
		},
		{
			"to": [
				17.75,
				7.31066,
				8.16908
			],
			"rotation": {
				"origin": [11.7,6.46066,8],
				"angle": 45,
				"axis": "x"
			},
			"from": [
				16.15,
				5.61066,
				7.83092
			],
			"faces": {
				"down": {"uv": [6.5,8,9,8.75],"texture": "#3"},
				"west": {"rotation": 180,"uv": [6.5,7.75,6.75,8.5],"texture": "#3"},
				"up": {"uv": [5,10.75,7.5,11.5],"texture": "#3"}
			}
		},
		{
			"to": [
				23.35,
				7.31066,
				8.16908
			],
			"rotation": {
				"origin": [17.5,6.46066,8],
				"angle": 22.5,
				"axis": "x"
			},
			"from": [
				21.95,
				5.61066,
				7.83092
			],
			"faces": {
				"down": {"rotation": 180,"uv": [15.75,15.75,16,16],"texture": "#4"},
				"east": {"rotation": 180,"uv": [6.5,7.75,6.75,8.5],"texture": "#3"},
				"up": {"rotation": 180,"uv": [6.25,7.75,8.5,8.5],"texture": "#3"}
			}
		},
		{
			"to": [
				17.75,
				7.31066,
				8.16908
			],
			"rotation": {
				"origin": [11.7,6.46066,8],
				"angle": 22.5,
				"axis": "x"
			},
			"from": [
				16.15,
				5.61066,
				7.83092
			],
			"faces": {
				"down": {"rotation": 180,"uv": [15.75,15.75,16,16],"texture": "#4"},
				"up": {"rotation": 180,"uv": [6.25,7.75,8.75,8.5],"texture": "#3"}
			}
		},
		{
			"to": [
				31.8,
				8.025,
				8.08951
			],
			"rotation": {
				"origin": [31.3,7.575,8],
				"angle": 22.5,
				"axis": "x"
			},
			"from": [
				9,
				7.875,
				7.91049
			],
			"faces": {
				"down": {"rotation": 90,"uv": [15.75,15.75,16,16],"texture": "#4"},
				"east": {"uv": [3,1.75,3.5,2.25],"texture": "#4"},
				"up": {"uv": [0,4.5,16,5],"texture": "#2"}
			}
		},
		{
			"to": [
				15.96,
				8.115,
				8.10741
			],
			"rotation": {
				"origin": [15.98,7.575,8],
				"angle": 22.5,
				"axis": "x"
			},
			"from": [
				11,
				7.035,
				7.89259
			],
			"faces": {
				"down": {"uv": [0,8,8,8.5],"texture": "#4"},
				"east": {"uv": [3,7.75,3.25,8.5],"texture": "#4"},
				"up": {"uv": [0,4.5,8,5],"texture": "#2"}
			}
		},
		{
			"to": [
				31.8,
				8.025,
				8.08951
			],
			"rotation": {
				"origin": [11,8,8],
				"angle": 0,
				"axis": "y"
			},
			"from": [
				9,
				7.875,
				7.91049
			],
			"faces": {
				"down": {"rotation": 90,"uv": [15.75,15.75,16,16],"texture": "#4"},
				"east": {"uv": [4,1.75,4.5,2.25],"texture": "#4"},
				"up": {"uv": [0,3.25,16,3.75],"texture": "#2"}
			}
		},
		{
			"to": [
				15.96,
				8.115,
				8.10741
			],
			"rotation": {
				"origin": [15.98,7.575,8],
				"angle": 0,
				"axis": "y"
			},
			"from": [
				11,
				7.035,
				7.89259
			],
			"faces": {
				"down": {"rotation": 90,"uv": [15.75,15.75,16,16],"texture": "#4"},
				"east": {"uv": [3,7.75,3.25,8.5],"texture": "#4"},
				"up": {"uv": [0,3.25,8,3.75],"texture": "#2"}
			}
		},
		{
			"to": [
				31.8,
				8.025,
				8.08951
			],
			"rotation": {
				"origin": [31.3,7.575,8],
				"angle": 45,
				"axis": "x"
			},
			"from": [
				9,
				7.875,
				7.91049
			],
			"faces": {
				"down": {"rotation": 90,"uv": [10.25,8,10.5,8.25],"texture": "#4"},
				"east": {"uv": [4.5,1.75,5,2.25],"texture": "#4"},
				"up": {"uv": [0,4.5,16,5],"texture": "#4"}
			}
		},
		{
			"to": [
				15.96,
				8.115,
				8.10741
			],
			"rotation": {
				"origin": [15.98,7.575,8],
				"angle": 45,
				"axis": "x"
			},
			"from": [
				11,
				7.035,
				7.89259
			],
			"faces": {
				"down": {"rotation": 180,"uv": [0,9.25,8,9.75],"texture": "#4"},
				"east": {"uv": [3,7.75,3.25,8.5],"texture": "#4"},
				"up": {"uv": [0,4.5,8,5],"texture": "#4"}
			}
		},
		{
			"to": [
				31.8,
				7.66451,
				8.45
			],
			"rotation": {
				"origin": [31.3,7.575,8],
				"angle": -22.5,
				"axis": "x"
			},
			"from": [
				9,
				7.48549,
				8.3
			],
			"faces": {
				"east": {"rotation": 270,"uv": [5.75,4.5,6.25,5],"texture": "#4"},
				"north": {"rotation": 90,"uv": [10.5,8.25,10.75,8.5],"texture": "#4"},
				"south": {"rotation": 180,"uv": [0,11.75,16,12.25],"texture": "#4"}
			}
		},
		{
			"to": [
				15.96,
				7.68241,
				8.54
			],
			"rotation": {
				"origin": [15.98,7.575,8],
				"angle": -22.5,
				"axis": "x"
			},
			"from": [
				11,
				7.46759,
				7.46
			],
			"faces": {
				"east": {"rotation": 90,"uv": [3,7.75,3.25,8.5],"texture": "#4"},
				"north": {"rotation": 180,"uv": [0,10.75,8,11.25],"texture": "#4"},
				"south": {"rotation": 180,"uv": [0,11.75,8,12.25],"texture": "#4"}
			}
		},
		{
			"to": [
				31.8,
				7.66451,
				8.45
			],
			"rotation": {
				"origin": [11,8,8],
				"angle": 0,
				"axis": "y"
			},
			"from": [
				9,
				7.48549,
				8.3
			],
			"faces": {
				"east": {"rotation": 270,"uv": [5.75,4.75,6.25,5.25],"texture": "#4"},
				"north": {"rotation": 90,"uv": [10.5,8.5,10.75,8.75],"texture": "#4"},
				"south": {"rotation": 180,"uv": [0,11.25,16,11.75],"texture": "#4"}
			}
		},
		{
			"to": [
				15.96,
				7.68241,
				8.54
			],
			"rotation": {
				"origin": [15.98,7.575,8],
				"angle": 0,
				"axis": "y"
			},
			"from": [
				11,
				7.46759,
				7.46
			],
			"faces": {
				"east": {"rotation": 90,"uv": [3,7.75,3.25,8.5],"texture": "#4"},
				"north": {"rotation": 180,"uv": [0,11.25,8,11.75],"texture": "#4"},
				"south": {"rotation": 180,"uv": [0,11.25,8,11.75],"texture": "#4"}
			}
		},
		{
			"to": [
				31.8,
				7.66451,
				8.45
			],
			"rotation": {
				"origin": [31.3,7.575,8],
				"angle": 22.5,
				"axis": "x"
			},
			"from": [
				9,
				7.48549,
				8.3
			],
			"faces": {
				"east": {"rotation": 270,"uv": [0,7.25,0.5,7.75],"texture": "#4"},
				"north": {"rotation": 90,"uv": [0,7.25,0.25,7.5],"texture": "#4"},
				"south": {"rotation": 180,"uv": [0,10.75,16,11.25],"texture": "#4"}
			}
		},
		{
			"to": [
				31.8,
				7.275,
				8.08951
			],
			"rotation": {
				"origin": [31.3,7.575,8],
				"angle": -45,
				"axis": "x"
			},
			"from": [
				9,
				7.125,
				7.91049
			],
			"faces": {
				"down": {"rotation": 180,"uv": [0,9.25,16,9.75],"texture": "#4"},
				"east": {"rotation": 180,"uv": [1,7.25,1.5,7.75],"texture": "#4"},
				"up": {"rotation": 90,"uv": [15.75,7.25,16,7.5],"texture": "#4"}
			}
		},
		{
			"to": [
				31.8,
				7.275,
				8.08951
			],
			"rotation": {
				"origin": [11,8,8],
				"angle": 0,
				"axis": "y"
			},
			"from": [
				9,
				7.125,
				7.91049
			],
			"faces": {
				"down": {"rotation": 180,"uv": [15.75,15.75,16,16],"texture": "#4"},
				"east": {"rotation": 180,"uv": [1.5,7.25,2,7.75],"texture": "#4"},
				"up": {"uv": [13.75,3.75,14,4.25],"texture": "#4"}
			}
		},
		{
			"to": [
				31.8,
				7.275,
				8.08951
			],
			"rotation": {
				"origin": [31.3,7.575,8],
				"angle": -22.5,
				"axis": "x"
			},
			"from": [
				9,
				7.125,
				7.91049
			],
			"faces": {
				"down": {"rotation": 180,"uv": [0,8,16,8.5],"texture": "#4"},
				"east": {"rotation": 180,"uv": [1.5,7.25,2,7.75],"texture": "#4"},
				"up": {"uv": [14.5,4.25,14.75,4.75],"texture": "#4"}
			}
		},
		{
			"to": [
				31.8,
				7.275,
				8.08951
			],
			"rotation": {
				"origin": [31.3,7.575,8],
				"angle": 22.5,
				"axis": "x"
			},
			"from": [
				9,
				7.125,
				7.91049
			],
			"faces": {
				"down": {"uv": [0,8,16,8.5],"texture": "#4"},
				"east": {"rotation": 180,"uv": [1.5,7.25,2,7.75],"texture": "#4"},
				"up": {"rotation": 180,"uv": [14.5,4.25,14.75,4.75],"texture": "#4"}
			}
		},
		{
			"to": [
				31.8,
				7.275,
				8.08951
			],
			"rotation": {
				"origin": [31.3,7.575,8],
				"angle": 45,
				"axis": "x"
			},
			"from": [
				9,
				7.125,
				7.91049
			],
			"faces": {
				"down": {"rotation": 180,"uv": [0,9.25,16,9.75],"texture": "#4"},
				"east": {"rotation": 180,"uv": [1,7.25,1.5,7.75],"texture": "#4"},
				"up": {"rotation": 90,"uv": [15.75,7.25,16,7.5],"texture": "#4"}
			}
		},
		{
			"to": [
				31.8,
				7.66451,
				7.7
			],
			"rotation": {
				"origin": [31.3,7.575,8],
				"angle": -22.5,
				"axis": "x"
			},
			"from": [
				9,
				7.48549,
				7.55
			],
			"faces": {
				"east": {"rotation": 90,"uv": [0,7.25,0.5,7.75],"texture": "#4"},
				"north": {"rotation": 180,"uv": [0,10.75,16,11.25],"texture": "#4"},
				"south": {"rotation": 90,"uv": [0,7.25,0.25,7.5],"texture": "#4"}
			}
		},
		{
			"to": [
				31.8,
				7.66451,
				7.7
			],
			"rotation": {
				"origin": [11,8,8],
				"angle": 0,
				"axis": "y"
			},
			"from": [
				9,
				7.48549,
				7.55
			],
			"faces": {
				"east": {"rotation": 90,"uv": [5.75,4.75,6.25,5.25],"texture": "#4"},
				"north": {"rotation": 180,"uv": [0,11.25,16,11.75],"texture": "#4"},
				"south": {"rotation": 90,"uv": [10.5,8.5,10.75,8.75],"texture": "#4"}
			}
		},
		{
			"to": [
				31.8,
				7.66451,
				7.7
			],
			"rotation": {
				"origin": [31.3,7.575,8],
				"angle": 22.5,
				"axis": "x"
			},
			"from": [
				9,
				7.48549,
				7.55
			],
			"faces": {
				"east": {"rotation": 90,"uv": [5.75,4.5,6.25,5],"texture": "#4"},
				"north": {"rotation": 180,"uv": [0,11.75,16,12.25],"texture": "#4"},
				"south": {"rotation": 90,"uv": [10.5,8.25,10.75,8.5],"texture": "#4"}
			}
		},
		{
			"to": [
				15.96,
				7.68241,
				8.54
			],
			"rotation": {
				"origin": [15.98,7.575,8],
				"angle": 22.5,
				"axis": "x"
			},
			"from": [
				11,
				7.46759,
				7.46
			],
			"faces": {
				"east": {"rotation": 90,"uv": [3,7.75,3.25,8.5],"texture": "#4"},
				"north": {"rotation": 180,"uv": [0,11.75,8,12.25],"texture": "#4"},
				"south": {"rotation": 180,"uv": [0,10.75,8,11.25],"texture": "#4"}
			}
		},
		{
			"to": [
				31.8,
				8.025,
				8.08951
			],
			"rotation": {
				"origin": [31.3,7.575,8],
				"angle": -45,
				"axis": "x"
			},
			"from": [
				9,
				7.875,
				7.91049
			],
			"faces": {
				"down": {"rotation": 90,"uv": [10.25,8,10.5,8.25],"texture": "#4"},
				"east": {"uv": [4.5,1.75,5,2.25],"texture": "#4"},
				"up": {"rotation": 180,"uv": [0,4.5,16,5],"texture": "#4"}
			}
		},
		{
			"to": [
				15.96,
				8.115,
				8.10741
			],
			"rotation": {
				"origin": [15.98,7.575,8],
				"angle": -45,
				"axis": "x"
			},
			"from": [
				11,
				7.035,
				7.89259
			],
			"faces": {
				"down": {"rotation": 180,"uv": [0,9.25,8,9.75],"texture": "#4"},
				"east": {"uv": [3,7.75,3.25,8.5],"texture": "#4"},
				"up": {"rotation": 180,"uv": [0,4.5,8,5],"texture": "#4"}
			}
		},
		{
			"to": [
				31.8,
				8.025,
				8.08951
			],
			"rotation": {
				"origin": [31.3,7.575,8],
				"angle": -22.5,
				"axis": "x"
			},
			"from": [
				9,
				7.875,
				7.91049
			],
			"faces": {
				"down": {"rotation": 90,"uv": [15.75,15.75,16,16],"texture": "#4"},
				"east": {"uv": [5.5,1.75,6,2.25],"texture": "#4"},
				"up": {"rotation": 180,"uv": [0,4.5,16,5],"texture": "#2"}
			}
		},
		{
			"to": [
				15.96,
				8.115,
				8.10741
			],
			"rotation": {
				"origin": [15.98,7.575,8],
				"angle": -22.5,
				"axis": "x"
			},
			"from": [
				11,
				7.035,
				7.89259
			],
			"faces": {
				"down": {"rotation": 90,"uv": [15.75,15.75,16,16],"texture": "#4"},
				"east": {"uv": [3,7.75,3.25,8.5],"texture": "#4"},
				"up": {"rotation": 180,"uv": [0,4.5,8,5],"texture": "#2"}
			}
		},
		{
			"to": [
				-6.95,
				1.725,
				8.7
			],
			"rotation": {
				"origin": [0,7.6,7.775],
				"angle": 0,
				"axis": "y"
			},
			"from": [
				-7.05,
				1.625,
				7.3
			],
			"faces": {
				"north": {"rotation": 270,"uv": [9,4.5,9.25,5.25],"texture": "#4"},
				"west": {"uv": [9.25,5,11.25,5.75],"texture": "#4"},
				"up": {"rotation": 90,"uv": [9.25,4.75,11.25,5.5],"texture": "#4"},
				"down": {"rotation": 90,"uv": [9.25,5,11.25,5.75],"texture": "#4"},
				"east": {"uv": [9,4.25,11,5],"texture": "#4"},
				"south": {"rotation": 90,"uv": [9,4.5,9.25,5.25],"texture": "#4"}
			}
		},
		{
			"to": [
				31.525,
				6.525,
				8.7
			],
			"rotation": {
				"origin": [5,8.3,7.775],
				"angle": 0,
				"axis": "y"
			},
			"from": [
				31.425,
				6.425,
				7.3
			],
			"faces": {
				"north": {"rotation": 270,"uv": [9,4.5,9.25,5.25],"texture": "#4"},
				"west": {"uv": [9.25,5,11.25,5.75],"texture": "#4"},
				"up": {"rotation": 90,"uv": [9.25,4.75,11.25,5.5],"texture": "#4"},
				"down": {"rotation": 90,"uv": [9.25,5,11.25,5.75],"texture": "#4"},
				"east": {"uv": [9,4.25,11,5],"texture": "#4"},
				"south": {"rotation": 90,"uv": [9,4.5,9.25,5.25],"texture": "#4"}
			}
		},
		{
			"to": [
				-6.95,
				1.125,
				8.7
			],
			"rotation": {
				"origin": [0,7.6,7.775],
				"angle": 0,
				"axis": "y"
			},
			"from": [
				-7.05,
				1.025,
				7.3
			],
			"faces": {
				"north": {"rotation": 270,"uv": [9.25,5,9.5,5.75],"texture": "#4"},
				"west": {"uv": [9.25,5,11.25,5.75],"texture": "#4"},
				"up": {"rotation": 90,"uv": [9.5,4.5,11.5,5.25],"texture": "#4"},
				"down": {"rotation": 90,"uv": [9.25,5,11.25,5.75],"texture": "#4"},
				"east": {"uv": [9,4.25,11,5],"texture": "#4"},
				"south": {"rotation": 90,"uv": [9.25,5,9.5,5.75],"texture": "#4"}
			}
		},
		{
			"to": [
				31.525,
				5.925,
				8.7
			],
			"rotation": {
				"origin": [5,8.3,7.775],
				"angle": 0,
				"axis": "y"
			},
			"from": [
				31.425,
				5.825,
				7.3
			],
			"faces": {
				"north": {"rotation": 270,"uv": [9.25,5,9.5,5.75],"texture": "#4"},
				"west": {"uv": [9.25,5,11.25,5.75],"texture": "#4"},
				"up": {"rotation": 90,"uv": [9.5,4.5,11.5,5.25],"texture": "#4"},
				"down": {"rotation": 90,"uv": [9.25,5,11.25,5.75],"texture": "#4"},
				"east": {"uv": [9,4.25,11,5],"texture": "#4"},
				"south": {"rotation": 90,"uv": [9.25,5,9.5,5.75],"texture": "#4"}
			}
		},
		{
			"to": [
				-6.95,
				1.65,
				7.3
			],
			"rotation": {
				"origin": [0,7.6,7.775],
				"angle": 0,
				"axis": "y"
			},
			"from": [
				-7.05,
				1.1,
				7.2
			],
			"faces": {
				"north": {"rotation": 270,"uv": [9.5,4.5,11.5,5.25],"texture": "#4"},
				"west": {"rotation": 270,"uv": [9.25,5,11.25,5.75],"texture": "#4"},
				"up": {"rotation": 90,"uv": [9,4.5,9.25,5.25],"texture": "#4"},
				"down": {"rotation": 90,"uv": [9.25,5,9.5,5.75],"texture": "#4"},
				"east": {"rotation": 90,"uv": [9,4,11,4.75],"texture": "#4"},
				"south": {"rotation": 90,"uv": [9.25,4.75,11.25,5.5],"texture": "#4"}
			}
		},
		{
			"to": [
				31.525,
				6.45,
				7.3
			],
			"rotation": {
				"origin": [5,8.3,7.775],
				"angle": 0,
				"axis": "y"
			},
			"from": [
				31.425,
				5.9,
				7.2
			],
			"faces": {
				"north": {"rotation": 270,"uv": [9.5,4.5,11.5,5.25],"texture": "#4"},
				"west": {"rotation": 270,"uv": [9.25,5,11.25,5.75],"texture": "#4"},
				"up": {"rotation": 90,"uv": [9,4.5,9.25,5.25],"texture": "#4"},
				"down": {"rotation": 90,"uv": [9.25,5,9.5,5.75],"texture": "#4"},
				"east": {"rotation": 90,"uv": [9,4,11,4.75],"texture": "#4"},
				"south": {"rotation": 90,"uv": [9.25,4.75,11.25,5.5],"texture": "#4"}
			}
		},
		{
			"to": [
				-6.95,
				1.65,
				8.8
			],
			"rotation": {
				"origin": [0,7.6,7.775],
				"angle": 0,
				"axis": "y"
			},
			"from": [
				-7.05,
				1.1,
				8.7
			],
			"faces": {
				"north": {"rotation": 270,"uv": [9.25,4.75,11.25,5.5],"texture": "#4"},
				"west": {"rotation": 90,"uv": [9.25,5,11.25,5.75],"texture": "#4"},
				"up": {"rotation": 90,"uv": [9,4.5,9.25,5.25],"texture": "#4"},
				"down": {"rotation": 90,"uv": [9.25,5,9.5,5.75],"texture": "#4"},
				"east": {"rotation": 270,"uv": [9,4,11,4.75],"texture": "#4"},
				"south": {"rotation": 90,"uv": [9.5,4.5,11.5,5.25],"texture": "#4"}
			}
		},
		{
			"to": [
				31.525,
				6.45,
				8.8
			],
			"rotation": {
				"origin": [5,8.3,7.775],
				"angle": 0,
				"axis": "y"
			},
			"from": [
				31.425,
				5.9,
				8.7
			],
			"faces": {
				"north": {"rotation": 270,"uv": [9.25,4.75,11.25,5.5],"texture": "#4"},
				"west": {"rotation": 90,"uv": [9.25,5,11.25,5.75],"texture": "#4"},
				"up": {"rotation": 90,"uv": [9,4.5,9.25,5.25],"texture": "#4"},
				"down": {"rotation": 90,"uv": [9.25,5,9.5,5.75],"texture": "#4"},
				"east": {"rotation": 270,"uv": [9,4,11,4.75],"texture": "#4"},
				"south": {"rotation": 90,"uv": [9.5,4.5,11.5,5.25],"texture": "#4"}
			}
		},
		{
			"to": [
				-6.85,
				2.2,
				8.15
			],
			"rotation": {
				"origin": [0,7.6,7.975],
				"angle": 0,
				"axis": "y"
			},
			"from": [
				-7.15,
				1.5,
				7.85
			],
			"faces": {
				"down": {"rotation": 270,"uv": [12.5,15.5,13,16],"texture": "#0"},
				"west": {"rotation": 270,"uv": [11,14.5,12.5,16],"texture": "#0"},
				"east": {"rotation": 270,"uv": [12,12.5,13.5,14],"texture": "#0"},
				"north": {"rotation": 270,"uv": [12.5,14,14,15.5],"texture": "#0"},
				"south": {"rotation": 90,"uv": [11.5,14,13,15.5],"texture": "#0"}
			}
		},
		{
			"to": [
				26.775,
				5.875,
				8.15
			],
			"rotation": {
				"origin": [1,8,7.975],
				"angle": 0,
				"axis": "y"
			},
			"from": [
				26.075,
				5.575,
				7.85
			],
			"faces": {
				"down": {"rotation": 180,"uv": [10.5,5.5,11.25,6.25],"texture": "#4"},
				"west": {"uv": [0.5,6.5,1.25,7.5],"texture": "#4"},
				"east": {"rotation": 180,"uv": [7.25,1.75,8,2.75],"texture": "#4"},
				"north": {"rotation": 180,"uv": [12.25,12.5,13,13.5],"texture": "#4"},
				"south": {"rotation": 180,"uv": [12.25,12.5,13,13.5],"texture": "#4"}
			}
		},
		{
			"to": [
				-0.84511,
				4.31298,
				8.5505
			],
			"rotation": {
				"origin": [-4.59511,2.94898,8.05],
				"angle": 22.5,
				"axis": "z"
			},
			"from": [
				-8.44511,
				2.81298,
				7.4495
			],
			"faces": {
				"down": {"rotation": 180,"uv": [12.75,7.5,5.25,8.5],"texture": "#4"},
				"north": {"rotation": 180,"uv": [12.5,9.25,5,10.75],"texture": "#3"},
				"south": {"rotation": 180,"uv": [12.5,9.25,5,10.75],"texture": "#3"}
			}
		},
		{
			"to": [
				2.36,
				0.545,
				8.6005
			],
			"rotation": {
				"origin": [-5.9,2.65,7.9],
				"angle": 45,
				"axis": "z"
			},
			"from": [
				0.235,
				-0.955,
				7.3995
			],
			"faces": {
				"down": {"uv": [12,5.25,14,6.5],"texture": "#4"},
				"north": {"uv": [9.5,5,11.5,6.5],"texture": "#3"},
				"up": {"rotation": 180,"uv": [7.75,8.25,9.75,9.5],"texture": "#2"},
				"south": {"uv": [9.5,5,11.5,6.5],"texture": "#3"}
			}
		},
		{
			"to": [
				0.015,
				7.51,
				8.601
			],
			"rotation": {
				"origin": [-5.9,2.65,7.8995],
				"angle": -22.5,
				"axis": "z"
			},
			"from": [
				-1.61,
				5.785,
				7.399
			],
			"faces": {
				"down": {"rotation": 180,"uv": [1.5,9.5,0,10.75],"texture": "#4"},
				"west": {"rotation": 180,"uv": [6.25,7.75,5,9.25],"texture": "#4"},
				"east": {"rotation": 90,"uv": [8,5.25,6.5,6.5],"texture": "#4"},
				"north": {"rotation": 90,"uv": [1.5,12,0,10.5],"texture": "#3"},
				"south": {"rotation": 90,"uv": [1.5,10.5,0,12],"texture": "#3"}
			}
		},
		{
			"to": [
				0.1,
				6.96,
				8.25
			],
			"rotation": {
				"origin": [8.3999,7.21,8.05711],
				"angle": 0,
				"axis": "y"
			},
			"from": [
				-9.4,
				6.61,
				7.75
			],
			"faces": {
				"up": {"rotation": 180,"uv": [2.25,12.25,10.5,12.75],"texture": "#3"}
			}
		},
		{
			"to": [
				-9.3998,
				7.05,
				8.40711
			],
			"rotation": {
				"origin": [6.9,7.3,8],
				"angle": 0,
				"axis": "y"
			},
			"from": [
				-10.6998,
				6.7,
				7.59289
			],
			"faces": {
				"west": {"rotation": 180,"uv": [0.75,12.5,1.75,13],"texture": "#4"},
				"east": {"rotation": 180,"uv": [8.5,10,8.75,10.25],"texture": "#4"},
				"up": {"rotation": 270,"uv": [6.5,11.5,7.5,13],"texture": "#4"}
			}
		},
		{
			"to": [
				0.9,
				6.96,
				8.25
			],
			"rotation": {
				"origin": [0.1,6.96,7.95711],
				"angle": -22.5,
				"axis": "z"
			},
			"from": [
				0.1,
				6.61,
				7.75
			],
			"faces": {
				"north": {"rotation": 180,"uv": [1.25,11.75,1.75,12.25],"texture": "#3"},
				"up": {"rotation": 180,"uv": [2.25,12.25,3,12.75],"texture": "#3"},
				"south": {"rotation": 180,"uv": [1.25,11.75,1.75,12.25],"texture": "#3"}
			}
		},
		{
			"to": [
				-9.4,
				6.76,
				8.7
			],
			"rotation": {
				"origin": [8,6.5,7.9],
				"angle": 0,
				"axis": "y"
			},
			"from": [
				-10.7,
				1.25,
				7.3
			],
			"faces": {
				"down": {"rotation": 270,"uv": [6.75,10.5,8.75,12],"texture": "#4"},
				"west": {"rotation": 270,"uv": [0.75,11.5,8.25,13],"texture": "#4"},
				"east": {"rotation": 180,"uv": [8.5,10,8.75,10.25],"texture": "#4"},
				"north": {"rotation": 90,"uv": [6.75,10.5,14.25,12],"texture": "#4"},
				"south": {"rotation": 270,"uv": [6.75,10.5,14.25,12],"texture": "#4"}
			}
		},
		{
			"to": [
				0.1,
				6.96,
				8.26005
			],
			"rotation": {
				"origin": [-8.5001,6.46,8.0429],
				"angle": 45,
				"axis": "x"
			},
			"from": [
				-9.4,
				6.61,
				7.83579
			],
			"faces": {
				"east": {"uv": [1.25,11.75,1.75,12.25],"texture": "#3"},
				"up": {"rotation": 180,"uv": [7.75,12.5,16,13],"texture": "#3"}
			}
		},
		{
			"to": [
				-9.3999,
				7.05,
				8.40711
			],
			"rotation": {
				"origin": [-10,6.55,8.2],
				"angle": 45,
				"axis": "x"
			},
			"from": [
				-10.6999,
				6.7,
				7.99289
			],
			"faces": {
				"west": {"rotation": 180,"uv": [0.75,12.5,1.75,13],"texture": "#4"},
				"east": {"rotation": 180,"uv": [8.5,10,8.75,10.25],"texture": "#4"},
				"up": {"rotation": 270,"uv": [6.75,11,7.75,12.5],"texture": "#4"}
			}
		},
		{
			"to": [
				0.1,
				6.9529,
				8.16716
			],
			"rotation": {
				"origin": [-8.5001,6.4529,7.95],
				"angle": -45,
				"axis": "x"
			},
			"from": [
				-9.4,
				6.6029,
				7.74289
			],
			"faces": {
				"east": {"uv": [1.25,11.75,1.75,12.25],"texture": "#3"},
				"up": {"uv": [2,11.75,10.25,12.25],"texture": "#3"}
			}
		},
		{
			"to": [
				-9.3999,
				7.05,
				8.00711
			],
			"rotation": {
				"origin": [-10,6.55,7.8],
				"angle": -45,
				"axis": "x"
			},
			"from": [
				-10.6999,
				6.7,
				7.59289
			],
			"faces": {
				"west": {"rotation": 180,"uv": [0.75,12,1.75,12.5],"texture": "#4"},
				"east": {"rotation": 180,"uv": [8.5,10,8.75,10.25],"texture": "#4"},
				"up": {"rotation": 270,"uv": [6.75,11,7.75,12.5],"texture": "#4"}
			}
		},
		{
			"to": [
				1.125,
				6.66,
				8.55
			],
			"rotation": {
				"origin": [8,6.5,8.05],
				"angle": 0,
				"axis": "y"
			},
			"from": [
				-5.125,
				4.175,
				7.45
			],
			"faces": {
				"down": {"rotation": 180,"uv": [2.75,7.5,8.75,8.5],"texture": "#4"},
				"north": {"rotation": 180,"uv": [3.5,9.75,9.5,12],"texture": "#3"},
				"up": {"uv": [6,11.75,0,13],"texture": "#3"},
				"south": {"rotation": 180,"uv": [0,9.75,6,12],"texture": "#3"}
			}
		},
		{
			"to": [
				-5.125,
				6.66,
				8.55
			],
			"rotation": {
				"origin": [8,6.5,8.05],
				"angle": 0,
				"axis": "y"
			},
			"from": [
				-9.4,
				2.975,
				7.45
			],
			"faces": {
				"north": {"rotation": 180,"uv": [8.75,8.75,12.25,12],"texture": "#3"},
				"south": {"rotation": 180,"uv": [8.75,8.75,12.25,12],"texture": "#3"}
			}
		},
		{
			"to": [
				-8.1,
				2.975,
				8.55
			],
			"rotation": {
				"origin": [8,4.9,8.05],
				"angle": 0,
				"axis": "y"
			},
			"from": [
				-9.4,
				1.35,
				7.45
			],
			"faces": {
				"down": {"rotation": 180,"uv": [7.25,7.5,8.5,8.5],"texture": "#4"},
				"north": {"rotation": 180,"uv": [7,8,8.25,9.75],"texture": "#3"},
				"south": {"rotation": 180,"uv": [7,8,8.25,9.75],"texture": "#3"}
			}
		},
		{
			"to": [
				23.35,
				6.62974,
				8.85
			],
			"rotation": {
				"origin": [17.5,6.46066,8],
				"angle": 0,
				"axis": "x"
			},
			"from": [
				21.95,
				6.29158,
				7.15
			],
			"faces": {
				"east": {"rotation": 90,"uv": [6.5,7.75,6.75,8.5],"texture": "#3"},
				"north": {"rotation": 180,"uv": [9.75,11.75,12,12.5],"texture": "#3"},
				"south": {"rotation": 180,"uv": [9.75,11.75,12,12.5],"texture": "#3"}
			}
		},
		{
			"to": [
				21.95,
				6.62974,
				8.85
			],
			"rotation": {
				"origin": [17.5,6.46066,8],
				"angle": 0,
				"axis": "x"
			},
			"from": [
				17.75,
				6.29158,
				7.15
			],
			"faces": {
				"north": {"rotation": 180,"uv": [2,8,16,9.49],"texture": "#0"},
				"south": {"uv": [2,9.49,16,8],"texture": "#0"}
			}
		},
		{
			"to": [
				8.77481,
				8.327,
				8.1375
			],
			"rotation": {
				"origin": [2.99981,7.40028,7.9625],
				"angle": 0,
				"axis": "x"
			},
			"from": [
				8.49981,
				7.15,
				7.8625
			],
			"faces": {
				"up": {"rotation": 90,"uv": [6.5,10,4,12.5],"texture": "#0"}
			}
		},
		{
			"to": [
				10.951,
				8.25,
				8.11935
			],
			"from": [
				6.875,
				7.5,
				7.88065
			],
			"faces": {
				"west": {"rotation": 90,"uv": [4,10,4.25,10.25],"texture": "#2"},
				"east": {"rotation": 90,"uv": [4,10,4.25,10.25],"texture": "#2"},
				"north": {"rotation": 90,"uv": [4,10,4.25,10.25],"texture": "#2"},
				"up": {"rotation": 180,"uv": [0,13.25,16,14.25],"texture": "#2"},
				"south": {"rotation": 90,"uv": [4,10,4.25,10.25],"texture": "#2"}
			}
		},
		{
			"to": [
				8.951,
				8.325,
				8.5
			],
			"rotation": {
				"origin": [7.5,8.125,8.11935],
				"angle": 0,
				"axis": "y"
			},
			"from": [
				5.675,
				8.2,
				7.5
			],
			"faces": {
				"north": {"rotation": 180,"uv": [5,11.25,10.5,11.5],"texture": "#3"},
				"west": {"rotation": 180,"uv": [4.25,8.25,5.5,8.5],"texture": "#3"},
				"up": {"rotation": 180,"uv": [0,6.5,5.5,8.25],"texture": "#4"},
				"down": {"rotation": 180,"uv": [1.25,8.25,6.75,10],"texture": "#4"},
				"east": {"rotation": 180,"uv": [6,11.5,7.25,11.75],"texture": "#3"},
				"south": {"rotation": 180,"uv": [5,11.25,10.5,11.5],"texture": "#3"}
			}
		},
		{
			"to": [
				8.075,
				8.5,
				8.35
			],
			"rotation": {
				"origin": [7.4,8.25,8.16935],
				"angle": 0,
				"axis": "y"
			},
			"from": [
				5.775,
				8.325,
				7.65
			],
			"faces": {
				"north": {"rotation": 180,"uv": [8,2.5,12.5,3],"texture": "#0"},
				"west": {"rotation": 180,"uv": [8,1,12.5,1.5],"texture": "#0"},
				"up": {"uv": [6.25,10.5,10.25,11.75],"texture": "#4"},
				"down": {"rotation": 180,"uv": [1.25,8.25,6.75,10],"texture": "#4"},
				"east": {"rotation": 180,"uv": [8,2.5,12.5,3],"texture": "#0"},
				"south": {"rotation": 180,"uv": [8,2.5,12.5,3],"texture": "#0"}
			}
		},
		{
			"to": [
				8.251,
				8.475,
				8.5
			],
			"rotation": {
				"origin": [7.5,8.325,8.11935],
				"angle": 0,
				"axis": "y"
			},
			"from": [
				5.675,
				8.325,
				8.4
			],
			"faces": {
				"east": {"rotation": 180,"uv": [6,11.75,6.25,12],"texture": "#3"},
				"north": {"rotation": 180,"uv": [9.75,8,5.5,8.25],"texture": "#3"},
				"up": {"uv": [5,2,9.25,2.25],"texture": "#4"},
				"south": {"rotation": 180,"uv": [5,11.5,9.25,11.75],"texture": "#3"}
			}
		},
		{
			"to": [
				6.126,
				9.175,
				8.501
			],
			"rotation": {
				"origin": [5.963,8.575,8],
				"angle": 0,
				"axis": "z"
			},
			"from": [
				5.675,
				8.325,
				8.401
			],
			"faces": {
				"west": {"uv": [5,7.25,5.25,8.5],"texture": "#3"},
				"north": {"rotation": 180,"uv": [0.5,9,1.25,10.25],"texture": "#3"},
				"up": {"rotation": 270,"uv": [7.25,4.5,7.5,5.25],"texture": "#3"},
				"south": {"rotation": 180,"uv": [5,10.5,5.75,11.75],"texture": "#3"}
			}
		},
		{
			"to": [
				6.59801,
				9.23548,
				8.5005
			],
			"rotation": {
				"origin": [6.43501,8.63548,8],
				"angle": 45,
				"axis": "z"
			},
			"from": [
				5.94701,
				8.21048,
				8.4005
			],
			"faces": {
				"east": {"rotation": 180,"uv": [7.75,5,8,6.75],"texture": "#3"},
				"north": {"rotation": 180,"uv": [0.75,9,1.5,10.25],"texture": "#3"},
				"south": {"uv": [1.5,13.5,3.5,10],"texture": "#0"}
			}
		},
		{
			"to": [
				6.59801,
				9.23548,
				7.5995
			],
			"rotation": {
				"origin": [6.43501,8.63548,8],
				"angle": 45,
				"axis": "z"
			},
			"from": [
				5.94701,
				8.21048,
				7.4995
			],
			"faces": {
				"east": {"rotation": 180,"uv": [8,5,7.75,6.75],"texture": "#3"},
				"north": {"uv": [3.5,13.5,1.5,10],"texture": "#0"},
				"south": {"rotation": 180,"uv": [1.5,9,0.75,10.25],"texture": "#3"}
			}
		},
		{
			"to": [
				6.126,
				9.175,
				7.599
			],
			"rotation": {
				"origin": [5.963,8.575,8],
				"angle": 0,
				"axis": "z"
			},
			"from": [
				5.675,
				8.325,
				7.499
			],
			"faces": {
				"west": {"uv": [5.25,7.25,5,8.5],"texture": "#3"},
				"north": {"rotation": 180,"uv": [5.75,10.5,5,11.75],"texture": "#3"},
				"up": {"rotation": 270,"uv": [7.5,4.5,7.25,5.25],"texture": "#3"},
				"south": {"rotation": 180,"uv": [1.75,9,1,10.25],"texture": "#3"}
			}
		},
		{
			"to": [
				8.251,
				8.475,
				7.6
			],
			"rotation": {
				"origin": [7.5,8.325,7.88065],
				"angle": 0,
				"axis": "y"
			},
			"from": [
				5.675,
				8.325,
				7.5
			],
			"faces": {
				"east": {"rotation": 180,"uv": [6.25,11.75,6,12],"texture": "#3"},
				"north": {"rotation": 180,"uv": [7.75,11.5,3.5,11.75],"texture": "#3"},
				"up": {"uv": [4.75,2.25,9,2],"texture": "#4"},
				"south": {"rotation": 180,"uv": [10,8,5.75,8.25],"texture": "#3"}
			}
		},
		{
			"to": [
				6.093,
				8.605,
				8.03978
			],
			"rotation": {
				"origin": [6.073,8.725,8],
				"angle": -22.5,
				"axis": "x"
			},
			"from": [
				6.013,
				8.365,
				7.88022
			],
			"faces": {
				"down": {"rotation": 180,"uv": [4.25,9.25,4.75,9.75],"texture": "#4"},
				"west": {"rotation": 90,"uv": [7,10,7.25,10.25],"texture": "#4"},
				"east": {"rotation": 90,"uv": [7,10,7.25,10.25],"texture": "#4"},
				"up": {"rotation": 180,"uv": [5,8.25,5.5,8.75],"texture": "#4"},
				"south": {"rotation": 90,"uv": [7,10,7.25,10.25],"texture": "#4"}
			}
		},
		{
			"to": [
				6.0922,
				8.605,
				8.03978
			],
			"rotation": {
				"origin": [6.073,8.725,8],
				"angle": 0,
				"axis": "z"
			},
			"from": [
				6.0122,
				8.525,
				7.96022
			],
			"faces": {
				"down": {"rotation": 180,"uv": [4.25,9.25,4.75,9.75],"texture": "#4"},
				"west": {"rotation": 90,"uv": [4.75,10.5,5.25,11],"texture": "#4"},
				"up": {"rotation": 180,"uv": [5,8.25,5.5,8.75],"texture": "#4"}
			}
		},
		{
			"to": [
				6.0922,
				8.605,
				8.03978
			],
			"rotation": {
				"origin": [6.073,8.725,8],
				"angle": 45,
				"axis": "x"
			},
			"from": [
				6.0122,
				8.525,
				7.96022
			],
			"faces": {
				"down": {"rotation": 180,"uv": [4.25,9.25,4.75,9.75],"texture": "#4"},
				"west": {"rotation": 90,"uv": [4.75,10.5,5.25,11],"texture": "#4"},
				"east": {"rotation": 90,"uv": [7,10,7.25,10.25],"texture": "#4"},
				"up": {"rotation": 180,"uv": [5,8.25,5.5,8.75],"texture": "#4"}
			}
		},
		{
			"to": [
				6.093,
				8.605,
				8.11978
			],
			"rotation": {
				"origin": [6.073,8.725,8],
				"angle": 22.5,
				"axis": "x"
			},
			"from": [
				6.013,
				8.365,
				7.96022
			],
			"faces": {
				"down": {"rotation": 180,"uv": [4.25,9.25,4.75,9.75],"texture": "#4"},
				"west": {"rotation": 90,"uv": [7,10,7.25,10.25],"texture": "#4"},
				"east": {"rotation": 90,"uv": [7,10,7.25,10.25],"texture": "#4"},
				"north": {"rotation": 90,"uv": [7,10,7.25,10.25],"texture": "#4"},
				"up": {"rotation": 180,"uv": [5,8.25,5.5,8.75],"texture": "#4"}
			}
		},
		{
			"to": [
				6.093,
				8.76478,
				7.88
			],
			"rotation": {
				"origin": [6.073,8.725,8],
				"angle": -22.5,
				"axis": "x"
			},
			"from": [
				6.013,
				8.68522,
				7.8
			],
			"faces": {
				"west": {"rotation": 90,"uv": [0.25,11.25,0.75,11.75],"texture": "#4"},
				"east": {"rotation": 90,"uv": [7,10,7.25,10.25],"texture": "#4"},
				"north": {"uv": [5,8.25,5.5,8.75],"texture": "#4"},
				"south": {"rotation": 180,"uv": [4.25,9.25,4.75,9.75],"texture": "#4"}
			}
		},
		{
			"to": [
				6.0922,
				8.76478,
				7.88
			],
			"rotation": {
				"origin": [6.073,8.725,8],
				"angle": 0,
				"axis": "x"
			},
			"from": [
				6.0122,
				8.68522,
				7.8
			],
			"faces": {
				"west": {"rotation": 90,"uv": [0,11.5,0.5,12],"texture": "#4"},
				"east": {"rotation": 90,"uv": [7,10,7.25,10.25],"texture": "#4"},
				"north": {"uv": [5,8.25,5.5,8.75],"texture": "#4"},
				"south": {"rotation": 180,"uv": [4.25,9.25,4.75,9.75],"texture": "#4"}
			}
		},
		{
			"to": [
				6.0922,
				8.76478,
				7.88
			],
			"rotation": {
				"origin": [6.073,8.725,8],
				"angle": 45,
				"axis": "x"
			},
			"from": [
				6.0122,
				8.68522,
				7.8
			],
			"faces": {
				"west": {"rotation": 90,"uv": [0,11.75,0.5,12.25],"texture": "#4"},
				"east": {"rotation": 90,"uv": [7,10,7.25,10.25],"texture": "#4"},
				"north": {"uv": [4.25,9.25,4.75,9.75],"texture": "#4"},
				"south": {"rotation": 180,"uv": [5,8.25,5.5,8.75],"texture": "#4"}
			}
		},
		{
			"to": [
				6.093,
				8.76478,
				7.88
			],
			"rotation": {
				"origin": [6.073,8.725,8],
				"angle": 22.5,
				"axis": "x"
			},
			"from": [
				6.013,
				8.68522,
				7.8
			],
			"faces": {
				"west": {"rotation": 90,"uv": [4.25,11.5,4.75,12],"texture": "#4"},
				"east": {"rotation": 90,"uv": [7,10,7.25,10.25],"texture": "#4"},
				"north": {"uv": [5,8.25,5.5,8.75],"texture": "#4"},
				"south": {"rotation": 180,"uv": [4.25,9.25,4.75,9.75],"texture": "#4"}
			}
		},
		{
			"to": [
				6.093,
				8.925,
				8.03978
			],
			"rotation": {
				"origin": [6.073,8.725,8],
				"angle": -22.5,
				"axis": "x"
			},
			"from": [
				6.013,
				8.845,
				7.96022
			],
			"faces": {
				"down": {"rotation": 180,"uv": [5,8.25,5.5,8.75],"texture": "#4"},
				"west": {"rotation": 180,"uv": [4.25,11.75,4.75,12.25],"texture": "#4"},
				"east": {"rotation": 90,"uv": [7,10,7.25,10.25],"texture": "#4"},
				"up": {"rotation": 180,"uv": [4.25,9.25,4.75,9.75],"texture": "#4"}
			}
		},
		{
			"to": [
				6.0922,
				8.925,
				8.03978
			],
			"rotation": {
				"origin": [6.073,8.725,8],
				"angle": 0,
				"axis": "x"
			},
			"from": [
				6.0122,
				8.845,
				7.96022
			],
			"faces": {
				"down": {"rotation": 180,"uv": [5,8.25,5.5,8.75],"texture": "#4"},
				"west": {"rotation": 180,"uv": [4.25,11.75,4.75,12.25],"texture": "#4"},
				"east": {"rotation": 90,"uv": [7,10,7.25,10.25],"texture": "#4"},
				"up": {"rotation": 180,"uv": [4.25,9.25,4.75,9.75],"texture": "#4"}
			}
		},
		{
			"to": [
				6.093,
				8.925,
				8.03978
			],
			"rotation": {
				"origin": [6.073,8.725,8],
				"angle": 22.5,
				"axis": "x"
			},
			"from": [
				6.013,
				8.845,
				7.96022
			],
			"faces": {
				"down": {"rotation": 180,"uv": [5,8.25,5.5,8.75],"texture": "#4"},
				"west": {"rotation": 180,"uv": [4.25,11.75,4.75,12.25],"texture": "#4"},
				"east": {"rotation": 90,"uv": [7,10,7.25,10.25],"texture": "#4"},
				"up": {"rotation": 180,"uv": [4.25,9.25,4.75,9.75],"texture": "#4"}
			}
		},
		{
			"to": [
				6.0922,
				8.925,
				8.03978
			],
			"rotation": {
				"origin": [6.073,8.725,8],
				"angle": 45,
				"axis": "x"
			},
			"from": [
				6.0122,
				8.845,
				7.96022
			],
			"faces": {
				"down": {"rotation": 180,"uv": [5,8.25,5.5,8.75],"texture": "#4"},
				"west": {"rotation": 90,"uv": [0,11.75,0.5,12.25],"texture": "#4"},
				"east": {"rotation": 90,"uv": [7,10,7.25,10.25],"texture": "#4"},
				"up": {"rotation": 180,"uv": [4.25,9.25,4.75,9.75],"texture": "#4"}
			}
		},
		{
			"to": [
				6.093,
				8.76478,
				8.2
			],
			"rotation": {
				"origin": [6.073,8.725,8],
				"angle": -22.5,
				"axis": "x"
			},
			"from": [
				6.013,
				8.68522,
				8.12
			],
			"faces": {
				"west": {"rotation": 270,"uv": [4.25,11.5,4.75,12],"texture": "#4"},
				"east": {"rotation": 90,"uv": [7,10,7.25,10.25],"texture": "#4"},
				"north": {"uv": [4.25,9.25,4.75,9.75],"texture": "#4"},
				"south": {"rotation": 180,"uv": [5,8.25,5.5,8.75],"texture": "#4"}
			}
		},
		{
			"to": [
				6.0922,
				8.76478,
				8.2
			],
			"rotation": {
				"origin": [6.073,8.725,8],
				"angle": 0,
				"axis": "x"
			},
			"from": [
				6.0122,
				8.68522,
				8.12
			],
			"faces": {
				"west": {"rotation": 270,"uv": [0,12,0.5,11.5],"texture": "#4"},
				"east": {"rotation": 90,"uv": [7,10,7.25,10.25],"texture": "#4"},
				"north": {"uv": [4.25,9.25,4.75,9.75],"texture": "#4"},
				"south": {"rotation": 180,"uv": [5,8.25,5.5,8.75],"texture": "#4"}
			}
		},
		{
			"to": [
				6.093,
				8.76478,
				8.2
			],
			"rotation": {
				"origin": [6.073,8.725,8],
				"angle": 22.5,
				"axis": "x"
			},
			"from": [
				6.013,
				8.68522,
				8.12
			],
			"faces": {
				"west": {"rotation": 270,"uv": [0.25,11.25,0.75,11.75],"texture": "#4"},
				"east": {"rotation": 90,"uv": [7,10,7.25,10.25],"texture": "#4"},
				"north": {"uv": [4.25,9.25,4.75,9.75],"texture": "#4"},
				"south": {"rotation": 180,"uv": [5,8.25,5.5,8.75],"texture": "#4"}
			}
		},
		{
			"to": [
				6.0922,
				8.605,
				8.03978
			],
			"rotation": {
				"origin": [6.073,8.725,8],
				"angle": -45,
				"axis": "x"
			},
			"from": [
				6.0122,
				8.525,
				7.96022
			],
			"faces": {
				"down": {"rotation": 180,"uv": [4.25,9.25,4.75,9.75],"texture": "#4"},
				"west": {"rotation": 90,"uv": [4.75,10.5,5.25,11],"texture": "#4"},
				"east": {"rotation": 90,"uv": [7,10,7.25,10.25],"texture": "#4"},
				"up": {"rotation": 180,"uv": [5,8.25,5.5,8.75],"texture": "#4"}
			}
		}
	],
	"display": {
		"thirdperson_righthand": {
			"rotation": [
				0,
				90,
				0
			],
			"scale": [
				0.65,
				0.65,
				0.65
			],
			"translation": [
				-1,
				1,
				-1.25
			]
		},
		"head": {
			"scale": [
				1.3,
				1.3,
				1.3
			]
		},
		"thirdperson_lefthand": {
			"rotation": [
				0,
				-90,
				190
			],
			"scale": [
				0.65,
				0.65,
				0.65
			],
			"translation": [
				-1.75,
				-5.5,
				5
			]
		},
		"gui": {
			"rotation": [
				0,
				0,
				45
			],
			"scale": [
				0.65,
				0.65,
				0.65
			],
			"translation": [
				-1.25,
				0.5,
				0
			]
		},
		"firstperson_lefthand": {
			"scale": [
				0,
				0,
				0
			]
		},
		"firstperson_righthand": {
			"rotation": [
				0,
				90,
				0
			],
			"scale": [
				1.3,
				1.3,
				1.3
			],
			"translation": [
				-8.960149253731343,
				7.377649253731341,
				2.25
			]
		},
		"fixed": {
			"translation": [
				0,
				1.5,
				-2.2
			],
			"scale": [
				-1.3,
				1.3,
				-1.3
			]
		},
		"ground": {
			"translation": [
				0,
				1.75,
				0
			],
			"scale": [
				0.65,
				0.65,
				0.65
			]
		}
	},
	"credit": "thebradqq's guns"
}
