{
	"parent": "bar",
	"textures": {
		"particle": "mgs:item/mp7details",
		"1": "mgs:item/brass",
		"0": "mgs:item/mp7details",
		"2": "mgs:item/metal_dark",
		"1_2": "mgs:item/copper",
		"1_0": "mgs:item/metal_bright"
	},
	"ambientocclusion": false,
	"gui_light": "front",
	"credit": "thebradqq's guns",
	"elements": [
		{
			"to": [
				8.47231,
				26.62327,
				9.43261
			],
			"rotation": {
				"origin": [6.62231,25.485,9.525],
				"angle": -22.5,
				"axis": "x"
			},
			"from": [
				5.07231,
				25.52327,
				9.23261
			],
			"faces": {
				"west": {"uv": [5.5,8,5.75,8.25],"texture": "#2"},
				"east": {"uv": [7.5,10,8,9.5],"texture": "#2"},
				"north": {"uv": [7,8,8,8.5],"texture": "#2"},
				"up": {"uv": [1,11.5,2,12],"texture": "#2"},
				"south": {"rotation": 90,"uv": [0,8.25,0.75,9.25],"texture": "#2"}
			}
		},
		{
			"to": [
				8.47231,
				26.62327,
				6.75738
			],
			"rotation": {
				"origin": [6.62231,25.485,6.46499],
				"angle": 22.5,
				"axis": "x"
			},
			"from": [
				5.07231,
				25.52327,
				6.55738
			],
			"faces": {
				"west": {"uv": [5.5,8,5.75,8.25],"texture": "#2"},
				"east": {"uv": [7.5,10,8,9.5],"texture": "#2"},
				"north": {"rotation": 270,"uv": [0,8.25,0.75,9.25],"texture": "#2"},
				"up": {"rotation": 180,"uv": [1,11.5,2,12],"texture": "#2"},
				"south": {"uv": [7,8,8,8.5],"texture": "#2"}
			}
		},
		{
			"to": [
				12.17396,
				9.205,
				9.64513
			],
			"rotation": {
				"origin": [7.78782,16.02504,-13.12487],
				"angle": 0,
				"axis": "y"
			},
			"from": [
				4.93231,
				4.805,
				6.34513
			],
			"faces": {
				"west": {"rotation": 270,"uv": [12.5,11,11,9.5],"texture": "#0"},
				"east": {"rotation": 270,"uv": [9.25,12,10.5,10.75],"texture": "#2"},
				"north": {"rotation": 270,"uv": [13,9.5,11,12.5],"texture": "#0"},
				"south": {"rotation": 270,"uv": [12.5,12.5,11,9.5],"texture": "#0"}
			}
		},
		{
			"to": [
				12.17396,
				10.085,
				10.305
			],
			"rotation": {
				"origin": [7.78782,20.42504,-13.565],
				"angle": 0,
				"axis": "y"
			},
			"from": [
				4.49231,
				9.205,
				5.685
			],
			"faces": {
				"north": {"uv": [3.75,7.5,0,8],"texture": "#2"},
				"west": {"uv": [2,7.75,0,8.25],"texture": "#2"},
				"up": {"uv": [7.75,9.5,4,11],"texture": "#2"},
				"down": {"uv": [16,15.75,15.75,16],"texture": "#2"},
				"east": {"uv": [16,7.5,14,8],"texture": "#2"},
				"south": {"uv": [3.75,7.5,0,8],"texture": "#2"}
			}
		},
		{
			"to": [
				5.13396,
				25.484,
				9.425
			],
			"rotation": {
				"origin": [7.78782,21.30504,-12.905],
				"angle": 0,
				"axis": "y"
			},
			"from": [
				5.07231,
				10.085,
				6.565
			],
			"faces": {
				"west": {"rotation": 270,"uv": [9.5,8.25,4.5,9.5],"texture": "#2"},
				"east": {"rotation": 270,"uv": [16,15.75,15.75,16],"texture": "#2"},
				"up": {"rotation": 270,"uv": [7.75,9.75,7.25,10],"texture": "#2"}
			}
		},
		{
			"to": [
				12.03396,
				25.484,
				9.425
			],
			"rotation": {
				"origin": [7.78782,21.30504,-12.905],
				"angle": 0,
				"axis": "y"
			},
			"from": [
				11.97231,
				10.085,
				6.565
			],
			"faces": {
				"west": {"rotation": 270,"uv": [16,15.75,15.75,16],"texture": "#2"},
				"east": {"rotation": 90,"uv": [5,11,0,12.25],"texture": "#2"},
				"up": {"rotation": 270,"uv": [7.75,9.75,7.25,10],"texture": "#2"}
			}
		},
		{
			"to": [
				12.03396,
				25.485,
				9.425
			],
			"rotation": {
				"origin": [7.78782,21.30504,-12.905],
				"angle": 0,
				"axis": "y"
			},
			"from": [
				5.07231,
				10.085,
				9.265
			],
			"faces": {
				"north": {"rotation": 270,"uv": [16,15.75,15.75,16],"texture": "#2"},
				"up": {"uv": [2,7.5,6.25,8],"texture": "#2"},
				"south": {"rotation": 270,"uv": [5,9.5,0,7.75],"texture": "#2"}
			}
		},
		{
			"to": [
				12.03396,
				25.485,
				6.735
			],
			"rotation": {
				"origin": [7.78782,21.30504,28.905],
				"angle": 0,
				"axis": "y"
			},
			"from": [
				5.07231,
				10.085,
				6.575
			],
			"faces": {
				"north": {"rotation": 270,"uv": [5,7.75,0,9.5],"texture": "#2"},
				"up": {"uv": [2,8,6.25,7.5],"texture": "#2"},
				"south": {"rotation": 270,"uv": [16,16,15.75,15.75],"texture": "#2"}
			}
		},
		{
			"to": [
				16.02836,
				7.13431,
				9.64513
			],
			"rotation": {
				"origin": [12.71463,-3.71903,7.99293],
				"angle": 22.5,
				"axis": "z"
			},
			"from": [
				8.78671,
				-6.06569,
				6.34073
			],
			"faces": {
				"west": {"rotation": 270,"uv": [16,11,13.5,9.5],"texture": "#0"},
				"east": {"rotation": 270,"uv": [16,12.25,11.25,11],"texture": "#2"},
				"north": {"rotation": 270,"uv": [16,9.5,13.5,12.5],"texture": "#0"},
				"south": {"rotation": 270,"uv": [16,12.5,13.5,9.5],"texture": "#0"}
			}
		},
		{
			"to": [
				16.37671,
				-6.06569,
				10.41293
			],
			"rotation": {
				"origin": [12.71463,-3.71903,7.99293],
				"angle": 22.5,
				"axis": "z"
			},
			"from": [
				8.78671,
				-7.67903,
				5.57293
			],
			"faces": {
				"north": {"uv": [11.5,9.5,8.5,10.5],"texture": "#0"},
				"west": {"uv": [9.25,8.5,9.5,8.75],"texture": "#2"},
				"up": {"rotation": 270,"uv": [1.5,10.75,2.5,12.25],"texture": "#2"},
				"down": {"uv": [8.75,10.75,9,11],"texture": "#2"},
				"east": {"uv": [6.5,7.25,7.5,7.75],"texture": "#2"},
				"south": {"uv": [8.5,9.5,11.5,10.5],"texture": "#0"}
			}
		},
		{
			"to": [
				11.95,
				25.401,
				9.4
			],
			"rotation": {
				"origin": [8.35,16.5,9.3],
				"angle": 0,
				"axis": "z"
			},
			"from": [
				5.15,
				24.2,
				6.6
			],
			"faces": {
				"up": {"uv": [0,7.75,1,6.75],"texture": "#2"}
			}
		},
		{
			"to": [
				9.35,
				25.901,
				7.93333
			],
			"rotation": {
				"origin": [6.95,16.5,9.63333],
				"angle": 0,
				"axis": "z"
			},
			"from": [
				5.45,
				25.2,
				7.03333
			],
			"faces": {
				"west": {"uv": [6.5,10.75,7,10.25],"texture": "#2"},
				"north": {"uv": [6.25,11.75,6.75,11.25],"texture": "#2"},
				"up": {"rotation": 180,"uv": [5.25,12.5,6.25,11.75],"texture": "#2"},
				"south": {"uv": [6.5,12,7,11.5],"texture": "#2"}
			}
		},
		{
			"to": [
				10.34356,
				26.71218,
				7.93333
			],
			"rotation": {
				"origin": [7.20774,25.78766,7.23333],
				"angle": -22.5,
				"axis": "z"
			},
			"from": [
				9.14356,
				26.01118,
				7.03333
			],
			"faces": {
				"north": {"uv": [6.25,11.75,6.75,11.25],"texture": "#2"},
				"up": {"rotation": 180,"uv": [5.25,12.5,6.25,11.75],"texture": "#2"},
				"south": {"uv": [6.5,12,7,11.5],"texture": "#2"}
			}
		}
	],
	"display": {
		"thirdperson_righthand": {
			"rotation": [
				25,
				111,
				-23
			],
			"scale": [
				0.2,
				0.2,
				0.2
			],
			"translation": [
				-0.5,
				-2,
				0
			]
		},
		"head": {
			"scale": [
				0.5,
				0.5,
				0.5
			]
		},
		"thirdperson_lefthand": {
			"rotation": [
				69,
				-71,
				65
			],
			"scale": [
				0.2,
				0.2,
				0.2
			],
			"translation": [
				-0.25,
				-2.5,
				0
			]
		},
		"gui": {
			"rotation": [
				0,
				180,
				26
			],
			"scale": [
				0.55,
				0.55,
				0.55
			],
			"translation": [
				0.5,
				-0.75,
				0
			]
		},
		"firstperson_lefthand": {
			"rotation": [
				-40,
				-110,
				-27
			],
			"scale": [
				0.4,
				0.4,
				0.4
			],
			"translation": [
				4.25,
				-3,
				0
			]
		},
		"firstperson_righthand": {
			"rotation": [
				-87,
				65,
				68
			],
			"scale": [
				0.4,
				0.4,
				0.4
			],
			"translation": [
				5.5,
				-3,
				0
			]
		},
		"fixed": {
			"rotation": [
				0,
				180,
				0
			],
			"scale": [
				0.4,
				0.4,
				0.4
			],
			"translation": [
				0,
				-0.5,
				-2
			]
		},
		"ground": {
			"translation": [
				0,
				3.5,
				0
			],
			"scale": [
				0.2,
				0.2,
				0.2
			]
		}
	}
}
