{
	"parent": "item/generated",
	"textures": {
		"particle": "mgs:item/tan_polymer",
		"1": "mgs:item/brass",
		"0": "mgs:item/metal_bright",
		"2": "mgs:item/copper",
		"1_3": "mgs:item/tan_polymer",
		"1_1": "mgs:item/metal_dark"
	},
	"gui_light": "front",
	"elements": [
		{
			"to": [
				7.11517,
				12.35781,
				9.59389
			],
			"rotation": {
				"origin": [9.63359,14.39322,8],
				"angle": 0,
				"axis": "y"
			},
			"from": [
				5.31517,
				2.45781,
				6.55389
			],
			"faces": {
				"down": {"rotation": 180,"uv": [3.25,9,3.75,10],"texture": "#1_3"},
				"west": {"rotation": 90,"uv": [10.25,11,14.25,12],"texture": "#1_3"},
				"east": {"rotation": 90,"uv": [10.5,11.75,14.5,12],"texture": "#1_3"},
				"north": {"rotation": 90,"uv": [10.25,11.75,14.25,12.25],"texture": "#1_3"},
				"south": {"rotation": 270,"uv": [10.25,11.75,14.25,12.25],"texture": "#1_3"}
			}
		},
		{
			"to": [
				11.91517,
				12.35781,
				9.59389
			],
			"rotation": {
				"origin": [9.63359,14.39322,8],
				"angle": 0,
				"axis": "y"
			},
			"from": [
				7.51517,
				2.45781,
				6.55389
			],
			"faces": {
				"down": {"rotation": 270,"uv": [9.5,10.25,9.75,10.5],"texture": "#1_3"},
				"west": {"rotation": 90,"uv": [10.5,11.75,14.5,12],"texture": "#1_3"},
				"east": {"rotation": 90,"uv": [10.5,11.75,14.5,12],"texture": "#1_3"},
				"north": {"rotation": 90,"uv": [9.25,14.75,13.25,16],"texture": "#1_3"},
				"south": {"rotation": 270,"uv": [9.25,14.75,13.25,16],"texture": "#1_3"}
			}
		},
		{
			"to": [
				12.31517,
				12.35781,
				9.41389
			],
			"rotation": {
				"origin": [9.63359,14.39322,8],
				"angle": 0,
				"axis": "y"
			},
			"from": [
				7.11517,
				2.45781,
				6.73389
			],
			"faces": {
				"down": {"rotation": 270,"uv": [9.5,10.25,9.75,10.5],"texture": "#1_3"},
				"north": {"rotation": 90,"uv": [10.5,11.75,14.5,12],"texture": "#1_3"},
				"south": {"rotation": 90,"uv": [10.5,11.75,14.5,12],"texture": "#1_3"}
			}
		},
		{
			"to": [
				14.11517,
				12.35781,
				9.59389
			],
			"rotation": {
				"origin": [9.63359,14.39322,8],
				"angle": 0,
				"axis": "y"
			},
			"from": [
				12.31517,
				2.45781,
				6.55389
			],
			"faces": {
				"down": {"rotation": 180,"uv": [4.75,9,5.25,10],"texture": "#1_3"},
				"west": {"rotation": 90,"uv": [10.5,11.75,14.5,12],"texture": "#1_3"},
				"east": {"rotation": 90,"uv": [10.25,11.75,14.25,12.75],"texture": "#1_3"},
				"north": {"rotation": 270,"uv": [10.5,4.25,14.5,4.75],"texture": "#1_3"},
				"south": {"rotation": 90,"uv": [10.5,4.25,14.5,4.75],"texture": "#1_3"}
			}
		},
		{
			"to": [
				5.51517,
				18.25781,
				9.59389
			],
			"rotation": {
				"origin": [9.63359,14.39322,8],
				"angle": 0,
				"axis": "y"
			},
			"from": [
				5.31517,
				12.35781,
				6.55389
			],
			"faces": {
				"west": {"rotation": 90,"uv": [10.25,11,12.5,12],"texture": "#1_1"},
				"east": {"rotation": 180,"uv": [9.5,10,9.75,12.25],"texture": "#1_1"},
				"up": {"rotation": 180,"uv": [8,6.75,8.25,7.75],"texture": "#1_1"}
			}
		},
		{
			"to": [
				14.11517,
				17.95367,
				10.95148
			],
			"rotation": {
				"origin": [9.63359,14.39322,8],
				"angle": -22.5,
				"axis": "x"
			},
			"from": [
				5.31517,
				17.35367,
				10.70876
			],
			"faces": {
				"down": {"uv": [7.75,8.25,10.25,8],"texture": "#1_1"},
				"west": {"rotation": 90,"uv": [10,11.75,10.25,11.5],"texture": "#1_1"},
				"east": {"rotation": 90,"uv": [8.5,12.25,8.75,12],"texture": "#1_1"},
				"north": {"uv": [7.25,11,4.75,11.5],"texture": "#1_1"},
				"south": {"uv": [2.5,4.75,0,5],"texture": "#1_1"}
			}
		},
		{
			"to": [
				14.11517,
				17.15317,
				12.08934
			],
			"rotation": {
				"origin": [9.63359,14.39322,8],
				"angle": -45,
				"axis": "x"
			},
			"from": [
				5.31517,
				16.55317,
				11.84662
			],
			"faces": {
				"west": {"rotation": 90,"uv": [10,11.75,10.25,11.5],"texture": "#1_1"},
				"east": {"rotation": 90,"uv": [8.5,12.25,8.75,12],"texture": "#1_1"},
				"north": {"uv": [7.25,11,4.75,11.5],"texture": "#1_1"},
				"up": {"uv": [12.75,4.75,15.25,4.5],"texture": "#1_1"},
				"south": {"uv": [2.5,4.5,0,4.75],"texture": "#1_1"}
			}
		},
		{
			"to": [
				14.11517,
				17.25767,
				4.25789
			],
			"rotation": {
				"origin": [9.63359,14.39322,8],
				"angle": 45,
				"axis": "x"
			},
			"from": [
				5.31517,
				16.65767,
				4.01517
			],
			"faces": {
				"west": {"rotation": 90,"uv": [10,11.5,10.25,11.75],"texture": "#1_1"},
				"east": {"rotation": 90,"uv": [8.5,11.75,8.75,12],"texture": "#1_1"},
				"north": {"uv": [0,4.5,2.5,4.75],"texture": "#1_1"},
				"up": {"uv": [12.75,4.5,15.25,4.75],"texture": "#1_1"},
				"south": {"uv": [4.75,11,7.25,11.5],"texture": "#1_1"}
			}
		},
		{
			"to": [
				14.11517,
				18.01023,
				5.42778
			],
			"rotation": {
				"origin": [9.63359,14.39322,8],
				"angle": 22.5,
				"axis": "x"
			},
			"from": [
				5.31517,
				17.41023,
				5.18506
			],
			"faces": {
				"down": {"uv": [7.75,8,10.25,8.25],"texture": "#1_1"},
				"west": {"rotation": 90,"uv": [10,11.5,10.25,11.75],"texture": "#1_1"},
				"east": {"rotation": 90,"uv": [8.5,11.75,8.75,12],"texture": "#1_1"},
				"north": {"uv": [0,4.75,2.5,5],"texture": "#1_1"},
				"south": {"uv": [4.75,11,7.25,11.5],"texture": "#1_1"}
			}
		},
		{
			"to": [
				8.81517,
				16.25781,
				6.78989
			],
			"rotation": {
				"origin": [9.63359,14.39322,8],
				"angle": 0,
				"axis": "y"
			},
			"from": [
				7.51517,
				15.55781,
				6.54989
			],
			"faces": {
				"north": {"rotation": 270,"uv": [15.75,16,16,15.75],"texture": "#1_1"}
			}
		},
		{
			"to": [
				14.11517,
				18.25781,
				9.59389
			],
			"rotation": {
				"origin": [9.63359,14.39322,8],
				"angle": 0,
				"axis": "y"
			},
			"from": [
				13.91517,
				12.35781,
				6.55389
			],
			"faces": {
				"west": {"rotation": 180,"uv": [9.5,10,9.75,12.25],"texture": "#1_1"},
				"east": {"rotation": 90,"uv": [10.25,11.75,12.5,12.75],"texture": "#1_1"},
				"up": {"rotation": 180,"uv": [8,6.75,8.25,7.75],"texture": "#1_1"}
			}
		},
		{
			"to": [
				11.91517,
				18.25781,
				6.79389
			],
			"rotation": {
				"origin": [9.63359,14.39322,8],
				"angle": 0,
				"axis": "y"
			},
			"from": [
				7.51517,
				12.35781,
				6.55389
			],
			"faces": {
				"west": {"rotation": 90,"uv": [10.5,11.75,12.75,12],"texture": "#1_1"},
				"east": {"rotation": 90,"uv": [10.5,11.75,12.75,12],"texture": "#1_1"},
				"north": {"rotation": 90,"uv": [9.25,14.75,11.5,16],"texture": "#1_1"}
			}
		},
		{
			"to": [
				14.01517,
				18.25781,
				6.79389
			],
			"rotation": {
				"origin": [9.63359,14.39322,8],
				"angle": 0,
				"axis": "y"
			},
			"from": [
				5.41517,
				12.35781,
				6.73389
			],
			"faces": {
				"north": {"rotation": 90,"uv": [6.25,9.25,8.5,9.5],"texture": "#1_1"},
				"south": {"rotation": 180,"uv": [9.5,9.5,9.75,11.75],"texture": "#1_1"}
			}
		},
		{
			"to": [
				14.11517,
				18.25781,
				6.79389
			],
			"rotation": {
				"origin": [9.63359,14.39322,8],
				"angle": 0,
				"axis": "y"
			},
			"from": [
				12.31517,
				12.35781,
				6.55389
			],
			"faces": {
				"west": {"rotation": 90,"uv": [10.5,11.75,12.75,12],"texture": "#1_1"},
				"north": {"rotation": 270,"uv": [2.75,4.5,5,5],"texture": "#1_1"}
			}
		},
		{
			"to": [
				7.11517,
				18.25781,
				6.79389
			],
			"rotation": {
				"origin": [9.63359,14.39322,8],
				"angle": 0,
				"axis": "y"
			},
			"from": [
				5.31517,
				12.35781,
				6.55389
			],
			"faces": {
				"east": {"rotation": 90,"uv": [10.5,11.75,12.75,12],"texture": "#1_1"},
				"north": {"rotation": 90,"uv": [10.25,11.75,12.5,12.25],"texture": "#1_1"}
			}
		},
		{
			"to": [
				7.11517,
				18.25781,
				9.59389
			],
			"rotation": {
				"origin": [9.63359,14.39322,8],
				"angle": 0,
				"axis": "y"
			},
			"from": [
				5.31517,
				12.35781,
				9.35389
			],
			"faces": {
				"east": {"rotation": 90,"uv": [10.5,11.75,12.75,12],"texture": "#1_1"},
				"south": {"rotation": 270,"uv": [10.25,11.75,12.5,12.25],"texture": "#1_1"}
			}
		},
		{
			"to": [
				14.01517,
				18.25781,
				9.41389
			],
			"rotation": {
				"origin": [9.63359,14.39322,8],
				"angle": 0,
				"axis": "y"
			},
			"from": [
				5.41517,
				12.35781,
				9.35389
			],
			"faces": {
				"north": {"rotation": 180,"uv": [9.5,9.5,9.75,11.75],"texture": "#1_1"},
				"south": {"rotation": 90,"uv": [7,9.5,9.25,9.75],"texture": "#1_1"}
			}
		},
		{
			"to": [
				11.91517,
				18.25781,
				9.59389
			],
			"rotation": {
				"origin": [9.63359,14.39322,8],
				"angle": 0,
				"axis": "y"
			},
			"from": [
				7.51517,
				12.35781,
				9.35389
			],
			"faces": {
				"west": {"rotation": 90,"uv": [10.5,11.75,12.75,12],"texture": "#1_1"},
				"east": {"rotation": 90,"uv": [10.5,11.75,12.75,12],"texture": "#1_1"},
				"south": {"rotation": 270,"uv": [9.25,14.75,11.5,16],"texture": "#1_1"}
			}
		},
		{
			"to": [
				14.11517,
				18.25781,
				9.59389
			],
			"rotation": {
				"origin": [9.63359,14.39322,8],
				"angle": 0,
				"axis": "y"
			},
			"from": [
				12.31517,
				12.35781,
				9.35389
			],
			"faces": {
				"west": {"rotation": 90,"uv": [10.5,11.75,12.75,12],"texture": "#1_1"},
				"south": {"rotation": 90,"uv": [2.75,4.5,5,5],"texture": "#1_1"}
			}
		},
		{
			"to": [
				14.01517,
				18.05781,
				9.39389
			],
			"rotation": {
				"origin": [9.63359,15.39322,12.5],
				"angle": 0,
				"axis": "y"
			},
			"from": [
				5.41517,
				16.85781,
				6.75389
			],
			"faces": {
				"up": {"rotation": 180,"uv": [0,6.75,2.25,7.75],"texture": "#1_1"}
			}
		},
		{
			"to": [
				11.71517,
				18.72817,
				7.98934
			],
			"rotation": {
				"origin": [9.63359,15.96822,3.4],
				"angle": 0,
				"axis": "x"
			},
			"from": [
				5.71517,
				18.12817,
				7.04662
			],
			"faces": {
				"west": {"rotation": 90,"uv": [10,11.75,10.25,11.5],"texture": "#1_1"},
				"north": {"uv": [7.25,11,4.75,11.5],"texture": "#1_1"},
				"up": {"uv": [5.5,5.25,8,4.75],"texture": "#1_1"},
				"south": {"uv": [2.5,4.75,0,5],"texture": "#1_1"}
			}
		},
		{
			"to": [
				13.272,
				17.60296,
				7.98934
			],
			"rotation": {
				"origin": [14.372,17.30296,7.51798],
				"angle": -22.5,
				"axis": "z"
			},
			"from": [
				11.372,
				17.00296,
				7.04662
			],
			"faces": {
				"north": {"uv": [7.25,11,8,11.5],"texture": "#1_1"},
				"up": {"uv": [8,2.5,8.75,2],"texture": "#1_1"},
				"south": {"uv": [6,4.75,6.75,5],"texture": "#1_1"}
			}
		}
	],
	"display": {
		"thirdperson_righthand": {
			"rotation": [
				0,
				100,
				0
			],
			"scale": [
				0.25,
				0.25,
				0.25
			],
			"translation": [
				0,
				-1.5,
				0
			]
		},
		"head": {
			"scale": [
				0.5,
				0.5,
				0.5
			]
		},
		"thirdperson_lefthand": {
			"rotation": [
				0,
				-80,
				0
			],
			"scale": [
				0.25,
				0.25,
				0.25
			],
			"translation": [
				0,
				-1.5,
				0
			]
		},
		"gui": {
			"rotation": [
				0,
				0,
				-30
			],
			"translation": [
				-3,
				-1.5,
				0
			]
		},
		"firstperson_lefthand": {
			"rotation": [
				123,
				-71,
				140
			],
			"scale": [
				0.5,
				0.5,
				0.5
			],
			"translation": [
				1.5,
				0,
				3
			]
		},
		"firstperson_righthand": {
			"rotation": [
				-71,
				71,
				60
			],
			"scale": [
				0.5,
				0.5,
				0.5
			],
			"translation": [
				1.5,
				0,
				3
			]
		},
		"fixed": {
			"rotation": [
				0,
				-180,
				0
			],
			"scale": [
				0.5,
				0.5,
				0.5
			],
			"translation": [
				0.75,
				-2,
				-1
			]
		},
		"ground": {
			"translation": [
				0,
				1.5,
				0
			],
			"scale": [
				0.25,
				0.25,
				0.25
			]
		}
	},
	"credit": "thebradqq's guns"
}
