{
	"parent": "item/generated",
	"textures": {
		"particle": "mgs:item/metal",
		"1": "mgs:item/metal",
		"0": "mgs:item/metal_bright",
		"3": "mgs:item/brass",
		"2": "mgs:item/metal_dark",
		"4": "mgs:item/copper"
	},
	"gui_light": "front",
	"elements": [
		{
			"to": [
				10.9,
				-8.995,
				9.7625
			],
			"rotation": {
				"origin": [28.995,-21.0725,8.185],
				"angle": 0,
				"axis": "x"
			},
			"from": [
				5.29,
				-9.565,
				6.2375
			],
			"faces": {
				"north": {"uv": [4.75,12.25,7.25,12.5],"texture": "#1"},
				"west": {"rotation": 90,"uv": [8,10.25,8.25,11.75],"texture": "#0"},
				"up": {"rotation": 180,"uv": [6.75,10.75,9.25,12.25],"texture": "#2"},
				"down": {"uv": [0.25,9.75,2.75,11.25],"texture": "#1"},
				"east": {"rotation": 270,"uv": [7,10.25,7.25,11.75],"texture": "#0"},
				"south": {"rotation": 180,"uv": [5.25,12.25,7.75,12.5],"texture": "#2"}
			}
		},
		{
			"to": [
				10.85,
				24.535,
				9.3325
			],
			"rotation": {
				"origin": [28.995,-21.0725,7.69],
				"angle": 0,
				"axis": "x"
			},
			"from": [
				5.34,
				-9.565,
				6.6675
			],
			"faces": {
				"west": {"rotation": 270,"uv": [0,7.5,16,8.75],"texture": "#0"},
				"east": {"rotation": 270,"uv": [0,10.5,16,11.75],"texture": "#0"},
				"north": {"rotation": 90,"uv": [0,9.25,16,11.75],"texture": "#0"},
				"south": {"rotation": 270,"uv": [0,9.25,16,11.75],"texture": "#0"}
			}
		},
		{
			"to": [
				10.25,
				24.535,
				9.5325
			],
			"rotation": {
				"origin": [28.995,-21.0725,7.465],
				"angle": 0,
				"axis": "x"
			},
			"from": [
				5.24,
				15.935,
				9.3175
			],
			"faces": {
				"down": {"rotation": 90,"uv": [7,10.25,7.5,10.75],"texture": "#1"},
				"east": {"rotation": 90,"uv": [0,9,4,10.5],"texture": "#1"},
				"north": {"rotation": 90,"uv": [8,8.75,12,11.25],"texture": "#1"},
				"up": {"rotation": 90,"uv": [15.75,15.75,16,16],"texture": "#1"},
				"south": {"rotation": 270,"uv": [0,9.5,4,12],"texture": "#0"}
			}
		},
		{
			"to": [
				10.25,
				24.535,
				6.6825
			],
			"rotation": {
				"origin": [28.995,-21.0725,7.465],
				"angle": 0,
				"axis": "x"
			},
			"from": [
				5.24,
				15.935,
				6.4675
			],
			"faces": {
				"down": {"rotation": 90,"uv": [7,10.25,7.5,10.75],"texture": "#1"},
				"east": {"rotation": 90,"uv": [0,9,4,10.5],"texture": "#1"},
				"north": {"rotation": 90,"uv": [0,9.5,4,12],"texture": "#0"},
				"up": {"rotation": 90,"uv": [15.75,15.75,16,16],"texture": "#1"},
				"south": {"rotation": 90,"uv": [8,8.75,12,11.25],"texture": "#1"}
			}
		},
		{
			"to": [
				10.85,
				24.535,
				9.3325
			],
			"rotation": {
				"origin": [28.995,-21.0725,7.465],
				"angle": 0,
				"axis": "x"
			},
			"from": [
				10.64,
				17.435,
				6.6675
			],
			"faces": {
				"west": {"rotation": 90,"uv": [0,9,4,10.25],"texture": "#1"},
				"up": {"rotation": 180,"uv": [0,10.5,0.25,11.75],"texture": "#0"}
			}
		},
		{
			"to": [
				10.64,
				24.535,
				6.8775
			],
			"rotation": {
				"origin": [9.3075,20.985,6.7725],
				"angle": 0,
				"axis": "y"
			},
			"from": [
				5.45,
				17.435,
				6.6675
			],
			"faces": {
				"up": {"rotation": 90,"uv": [0.5,9,0.75,10.25],"texture": "#1"},
				"south": {"rotation": 90,"uv": [0,9,4,10.25],"texture": "#1"}
			}
		},
		{
			"to": [
				10.64,
				24.535,
				9.3325
			],
			"rotation": {
				"origin": [9.3075,20.985,9.2275],
				"angle": 0,
				"axis": "y"
			},
			"from": [
				5.45,
				17.435,
				9.1225
			],
			"faces": {
				"north": {"rotation": 90,"uv": [0,10.25,4,9],"texture": "#1"},
				"up": {"rotation": 90,"uv": [0.75,9,0.5,10.25],"texture": "#1"}
			}
		},
		{
			"to": [
				5.45,
				24.535,
				9.5325
			],
			"rotation": {
				"origin": [28.995,-21.0725,7.465],
				"angle": 0,
				"axis": "x"
			},
			"from": [
				5.24,
				15.935,
				6.4675
			],
			"faces": {
				"down": {"rotation": 90,"uv": [7,10.25,7.5,10.75],"texture": "#1"},
				"west": {"rotation": 90,"uv": [0,9,4,10.5],"texture": "#0"},
				"east": {"rotation": 90,"uv": [0,9,4,10.5],"texture": "#1"},
				"up": {"rotation": 180,"uv": [7,6.5,7.25,8],"texture": "#0"}
			}
		},
		{
			"to": [
				5.449,
				20.535,
				8.5325
			],
			"rotation": {
				"origin": [28.995,-21.0725,7.465],
				"angle": 0,
				"axis": "x"
			},
			"from": [
				5.239,
				17.935,
				7.4675
			],
			"faces": {
				"west": {"rotation": 90,"uv": [5.5,11.25,6.75,11.75],"texture": "#2"}
			}
		},
		{
			"to": [
				10.25,
				26.14253,
				6.93237
			],
			"rotation": {
				"origin": [7.745,25.24253,6.84987],
				"angle": 22.5,
				"axis": "x"
			},
			"from": [
				5.24,
				24.44253,
				6.76737
			],
			"faces": {
				"west": {"rotation": 180,"uv": [1.5,10.5,1.75,11.75],"texture": "#0"},
				"east": {"rotation": 180,"uv": [4,8,4.25,9.25],"texture": "#0"},
				"north": {"rotation": 180,"uv": [1.25,11,3.75,12.25],"texture": "#0"},
				"up": {"rotation": 180,"uv": [0.5,11.5,3,11.75],"texture": "#0"},
				"south": {"rotation": 270,"uv": [5.75,9,9.75,11.5],"texture": "#1"}
			}
		},
		{
			"to": [
				5.451,
				26.15,
				8.23237
			],
			"rotation": {
				"origin": [7.745,25.24253,6.84987],
				"angle": 22.5,
				"axis": "x"
			},
			"from": [
				5.241,
				24.45,
				6.76737
			],
			"faces": {
				"west": {"rotation": 180,"uv": [1.5,10.5,1.75,11.75],"texture": "#0"},
				"east": {"rotation": 180,"uv": [4,8,4.25,9.25],"texture": "#1"},
				"up": {"rotation": 90,"uv": [4,9.75,4.75,10],"texture": "#0"}
			}
		},
		{
			"to": [
				5.45,
				25.8,
				8.4825
			],
			"rotation": {
				"origin": [7.745,25.24253,6.9],
				"angle": 0,
				"axis": "x"
			},
			"from": [
				5.24,
				24.525,
				7.5175
			],
			"faces": {
				"west": {"rotation": 180,"uv": [1.5,10.5,1.75,11.75],"texture": "#0"},
				"east": {"rotation": 180,"uv": [4,8,4.25,9.25],"texture": "#1"},
				"up": {"rotation": 90,"uv": [4,9.75,4.75,10],"texture": "#0"}
			}
		},
		{
			"to": [
				5.451,
				26.15,
				9.23263
			],
			"rotation": {
				"origin": [7.745,25.24253,9.15013],
				"angle": -22.5,
				"axis": "x"
			},
			"from": [
				5.241,
				24.45,
				7.86763
			],
			"faces": {
				"west": {"rotation": 180,"uv": [1.75,10.5,1.5,11.75],"texture": "#0"},
				"east": {"rotation": 180,"uv": [4.25,8,4,9.25],"texture": "#1"},
				"up": {"rotation": 90,"uv": [4.75,9.75,4,10],"texture": "#0"}
			}
		},
		{
			"to": [
				10.25,
				26.14253,
				9.23263
			],
			"rotation": {
				"origin": [7.745,25.24253,9.15013],
				"angle": -22.5,
				"axis": "x"
			},
			"from": [
				5.24,
				24.44253,
				9.06763
			],
			"faces": {
				"west": {"rotation": 180,"uv": [4.25,10.5,4,11.75],"texture": "#0"},
				"east": {"rotation": 180,"uv": [4.25,8,4,9.25],"texture": "#0"},
				"north": {"rotation": 270,"uv": [5.75,11.5,9.75,9],"texture": "#1"},
				"up": {"rotation": 180,"uv": [0.5,11.75,3,11.5],"texture": "#0"},
				"south": {"rotation": 180,"uv": [3.75,11,1.25,12.25],"texture": "#0"}
			}
		},
		{
			"to": [
				5.80585,
				26.54938,
				8.15404
			],
			"rotation": {
				"origin": [8.06314,25.775,8],
				"angle": 0,
				"axis": "y"
			},
			"from": [
				5.67301,
				25.00063,
				7.84597
			],
			"faces": {
				"down": {"rotation": 180,"uv": [6.25,8,6.75,8.25],"texture": "#3"},
				"west": {"uv": [8.25,4,8.75,6],"texture": "#3"},
				"east": {"uv": [12.5,7.5,13,8],"texture": "#3"},
				"up": {"rotation": 180,"uv": [3.5,3.75,4,4.25],"texture": "#3"}
			}
		},
		{
			"to": [
				5.73859,
				26.129,
				8.07042
			],
			"rotation": {
				"origin": [8.06314,25.775,8],
				"angle": 0,
				"axis": "y"
			},
			"from": [
				5.65009,
				25.421,
				7.92959
			],
			"faces": {
				"down": {"uv": [9.5,8,9.75,8.25],"texture": "#3"},
				"west": {"uv": [6.25,4.5,6.75,5.25],"texture": "#3"},
				"up": {"uv": [3.25,4,3.5,4.5],"texture": "#3"}
			}
		},
		{
			"to": [
				8.95014,
				26.54938,
				8.15404
			],
			"rotation": {
				"origin": [8.06314,25.775,8],
				"angle": 0,
				"axis": "y"
			},
			"from": [
				6.04914,
				25.00063,
				7.84597
			],
			"faces": {
				"down": {"rotation": 180,"uv": [5.5,7.75,7.5,8.25],"texture": "#3"},
				"west": {"uv": [12.5,7.5,13,8],"texture": "#3"},
				"east": {"uv": [5.25,10.5,5.75,11],"texture": "#3"},
				"up": {"uv": [2,3.25,4,3.75],"texture": "#3"}
			}
		},
		{
			"to": [
				8.95014,
				26.54938,
				8.15403
			],
			"rotation": {
				"origin": [8.06314,25.775,8],
				"angle": 22.5,
				"axis": "x"
			},
			"from": [
				6.04914,
				25.00063,
				7.84596
			],
			"faces": {
				"down": {"rotation": 180,"uv": [3,9,5,9.5],"texture": "#3"},
				"west": {"uv": [12.5,7.5,13,8],"texture": "#3"},
				"east": {"uv": [5.25,10.5,5.75,11],"texture": "#3"},
				"up": {"uv": [2,3.75,4,4.25],"texture": "#3"}
			}
		},
		{
			"to": [
				8.95014,
				26.54938,
				8.15404
			],
			"rotation": {
				"origin": [8.06314,25.775,8],
				"angle": -22.5,
				"axis": "x"
			},
			"from": [
				6.04914,
				25.00063,
				7.84597
			],
			"faces": {
				"down": {"rotation": 180,"uv": [3.5,8,5.5,8.5],"texture": "#3"},
				"west": {"uv": [12.5,7.5,13,8],"texture": "#3"},
				"east": {"uv": [5.25,10.5,5.75,11],"texture": "#3"},
				"up": {"uv": [0,3.25,2,3.75],"texture": "#3"}
			}
		},
		{
			"to": [
				8.95014,
				26.54938,
				8.15403
			],
			"rotation": {
				"origin": [8.06314,25.775,8],
				"angle": 45,
				"axis": "x"
			},
			"from": [
				6.04914,
				25.00063,
				7.84596
			],
			"faces": {
				"down": {"rotation": 180,"uv": [5.75,5.5,7.75,6],"texture": "#3"},
				"west": {"uv": [12.5,7.5,13,8],"texture": "#3"},
				"east": {"uv": [5.25,10.5,5.75,11],"texture": "#3"},
				"up": {"uv": [5.25,4.25,7.25,4.75],"texture": "#3"}
			}
		},
		{
			"to": [
				8.95014,
				26.54938,
				8.15404
			],
			"rotation": {
				"origin": [8.06314,25.775,8],
				"angle": -45,
				"axis": "x"
			},
			"from": [
				6.04914,
				25.00063,
				7.84597
			],
			"faces": {
				"down": {"uv": [4.5,5.5,6.5,6],"texture": "#3"},
				"west": {"uv": [12.5,7.5,13,8],"texture": "#3"},
				"east": {"uv": [5.25,10.5,5.75,11],"texture": "#3"},
				"up": {"rotation": 180,"uv": [1.25,4.25,3.25,4.75],"texture": "#3"}
			}
		},
		{
			"to": [
				8.95014,
				25.92904,
				8.77438
			],
			"rotation": {
				"origin": [8.06314,25.775,8],
				"angle": -22.5,
				"axis": "x"
			},
			"from": [
				6.04914,
				25.62097,
				7.22563
			],
			"faces": {
				"west": {"rotation": 90,"uv": [12.5,7.5,13,8],"texture": "#3"},
				"east": {"uv": [5.25,10.5,5.75,11],"texture": "#3"},
				"north": {"uv": [6.25,5,8.25,5.5],"texture": "#3"},
				"south": {"uv": [5.25,4.75,7.25,5.25],"texture": "#3"}
			}
		},
		{
			"to": [
				8.95014,
				25.92904,
				8.77437
			],
			"rotation": {
				"origin": [8.06314,25.775,8],
				"angle": 22.5,
				"axis": "x"
			},
			"from": [
				6.04914,
				25.62097,
				7.22562
			],
			"faces": {
				"west": {"rotation": 270,"uv": [12.5,7.5,13,8],"texture": "#3"},
				"east": {"uv": [5.25,10.5,5.75,11],"texture": "#3"},
				"north": {"uv": [5.25,4.75,7.25,5.25],"texture": "#3"},
				"south": {"uv": [6.25,5,8.25,5.5],"texture": "#3"}
			}
		},
		{
			"to": [
				8.95014,
				25.92904,
				8.77438
			],
			"rotation": {
				"origin": [8.06314,25.775,8],
				"angle": 0,
				"axis": "y"
			},
			"from": [
				6.04914,
				25.62097,
				7.22563
			],
			"faces": {
				"west": {"uv": [12.5,7.5,13,8],"texture": "#3"},
				"east": {"uv": [5.25,10.5,5.75,11],"texture": "#3"},
				"north": {"uv": [3,12.25,5,12.75],"texture": "#3"},
				"south": {"uv": [0,12,2,12.5],"texture": "#3"}
			}
		},
		{
			"to": [
				9.45414,
				26.483,
				8.14083
			],
			"rotation": {
				"origin": [8.06314,25.775,8],
				"angle": 0,
				"axis": "y"
			},
			"from": [
				8.63664,
				25.067,
				7.85917
			],
			"faces": {
				"down": {"rotation": 180,"uv": [7.75,8,8.25,8.25],"texture": "#4"},
				"east": {"uv": [11,7.5,11.5,8],"texture": "#4"},
				"up": {"uv": [3.25,4,3.75,4.25],"texture": "#4"}
			}
		},
		{
			"to": [
				9.45414,
				26.48301,
				8.14083
			],
			"rotation": {
				"origin": [8.06314,25.775,8],
				"angle": -22.5,
				"axis": "x"
			},
			"from": [
				8.63663,
				25.06701,
				7.85917
			],
			"faces": {
				"down": {"rotation": 180,"uv": [4.25,8,4.75,8.25],"texture": "#4"},
				"east": {"uv": [11,7.5,11.5,8],"texture": "#4"},
				"up": {"uv": [7.5,4.25,8,4.5],"texture": "#4"}
			}
		},
		{
			"to": [
				9.45414,
				26.48301,
				8.14082
			],
			"rotation": {
				"origin": [8.06314,25.775,8],
				"angle": 22.5,
				"axis": "x"
			},
			"from": [
				8.63663,
				25.06701,
				7.85917
			],
			"faces": {
				"down": {"uv": [4.25,8,4.75,8.25],"texture": "#4"},
				"east": {"uv": [11,7.5,11.5,8],"texture": "#4"},
				"up": {"uv": [5.5,4.25,6,4.5],"texture": "#4"}
			}
		},
		{
			"to": [
				9.45414,
				26.483,
				8.14083
			],
			"rotation": {
				"origin": [8.06314,25.775,8],
				"angle": -45,
				"axis": "x"
			},
			"from": [
				8.63664,
				25.067,
				7.85917
			],
			"faces": {
				"down": {"rotation": 180,"uv": [2.75,9.25,3.25,9.5],"texture": "#4"},
				"east": {"uv": [11,7.5,11.5,8],"texture": "#4"},
				"up": {"rotation": 180,"uv": [6.5,4.75,7,5],"texture": "#4"}
			}
		},
		{
			"to": [
				9.45414,
				26.483,
				8.14083
			],
			"rotation": {
				"origin": [8.06314,25.775,8],
				"angle": 45,
				"axis": "x"
			},
			"from": [
				8.63664,
				25.067,
				7.85917
			],
			"faces": {
				"down": {"rotation": 180,"uv": [2.75,9.25,3.25,9.75],"texture": "#4"},
				"east": {"uv": [11,7.5,11.5,8],"texture": "#4"},
				"up": {"uv": [8.5,4.75,9,5],"texture": "#4"}
			}
		},
		{
			"to": [
				9.45414,
				25.91584,
				8.708
			],
			"rotation": {
				"origin": [8.06314,25.775,8],
				"angle": 22.5,
				"axis": "x"
			},
			"from": [
				8.63663,
				25.63418,
				7.292
			],
			"faces": {
				"east": {"rotation": 90,"uv": [11,7.5,11.5,8],"texture": "#4"},
				"north": {"rotation": 180,"uv": [5.5,11.5,6,11.75],"texture": "#4"},
				"south": {"rotation": 180,"uv": [1.25,9.75,1.75,10],"texture": "#4"}
			}
		},
		{
			"to": [
				9.45414,
				25.91583,
				8.708
			],
			"rotation": {
				"origin": [8.06314,25.775,8],
				"angle": -22.5,
				"axis": "x"
			},
			"from": [
				8.63663,
				25.63418,
				7.292
			],
			"faces": {
				"east": {"rotation": 270,"uv": [11,7.5,11.5,8],"texture": "#4"},
				"north": {"rotation": 180,"uv": [2.5,10,3,10.5],"texture": "#4"},
				"south": {"rotation": 180,"uv": [5.5,11.5,6,11.75],"texture": "#4"}
			}
		},
		{
			"to": [
				9.45414,
				25.91583,
				8.708
			],
			"rotation": {
				"origin": [8.06314,25.775,8],
				"angle": 0,
				"axis": "y"
			},
			"from": [
				8.63664,
				25.63417,
				7.292
			],
			"faces": {
				"east": {"uv": [11,7.5,11.5,8],"texture": "#4"},
				"north": {"rotation": 180,"uv": [5.5,11,6,11.25],"texture": "#4"},
				"south": {"rotation": 180,"uv": [5.5,11,6,11.25],"texture": "#4"}
			}
		},
		{
			"to": [
				9.71964,
				26.43875,
				8.13202
			],
			"rotation": {
				"origin": [8.06314,25.775,8],
				"angle": 0,
				"axis": "y"
			},
			"from": [
				9.45414,
				25.11125,
				7.86798
			],
			"faces": {
				"down": {"rotation": 180,"uv": [7.75,8,8.25,8.25],"texture": "#4"},
				"east": {"uv": [11,7.5,11.5,8],"texture": "#4"},
				"up": {"uv": [3.25,4,3.75,4.25],"texture": "#4"}
			}
		},
		{
			"to": [
				9.71964,
				26.43876,
				8.13202
			],
			"rotation": {
				"origin": [8.06314,25.775,8],
				"angle": 22.5,
				"axis": "x"
			},
			"from": [
				9.45414,
				25.11126,
				7.86797
			],
			"faces": {
				"down": {"uv": [4.25,8,4.75,8.25],"texture": "#4"},
				"east": {"uv": [11,7.5,11.5,8],"texture": "#4"},
				"up": {"uv": [12.75,2.25,13.25,2.5],"texture": "#4"}
			}
		},
		{
			"to": [
				9.71964,
				26.43876,
				8.13202
			],
			"rotation": {
				"origin": [8.06314,25.775,8],
				"angle": -22.5,
				"axis": "x"
			},
			"from": [
				9.45414,
				25.11126,
				7.86798
			],
			"faces": {
				"down": {"rotation": 180,"uv": [4.25,8,4.75,8.25],"texture": "#4"},
				"east": {"uv": [11,7.5,11.5,8],"texture": "#4"},
				"up": {"uv": [8.5,4.25,9,4.5],"texture": "#4"}
			}
		},
		{
			"to": [
				9.71964,
				26.43875,
				8.13203
			],
			"rotation": {
				"origin": [8.06314,25.775,8],
				"angle": 45,
				"axis": "x"
			},
			"from": [
				9.45414,
				25.11125,
				7.86798
			],
			"faces": {
				"down": {"rotation": 180,"uv": [2.75,9.25,3.25,9.75],"texture": "#4"},
				"east": {"uv": [11,7.5,11.5,8],"texture": "#4"},
				"up": {"uv": [9.25,4.75,9.75,5],"texture": "#4"}
			}
		},
		{
			"to": [
				9.71964,
				26.43875,
				8.13202
			],
			"rotation": {
				"origin": [8.06314,25.775,8],
				"angle": -45,
				"axis": "x"
			},
			"from": [
				9.45414,
				25.11125,
				7.86797
			],
			"faces": {
				"down": {"rotation": 180,"uv": [2.75,9.25,3.25,9.5],"texture": "#4"},
				"east": {"uv": [11,7.5,11.5,8],"texture": "#4"},
				"up": {"rotation": 180,"uv": [5.75,4.75,6.25,5],"texture": "#4"}
			}
		},
		{
			"to": [
				9.71964,
				25.90703,
				8.66375
			],
			"rotation": {
				"origin": [8.06314,25.775,8],
				"angle": -22.5,
				"axis": "x"
			},
			"from": [
				9.45414,
				25.64298,
				7.33625
			],
			"faces": {
				"east": {"rotation": 270,"uv": [11,7.5,11.5,8],"texture": "#4"},
				"north": {"rotation": 180,"uv": [2.5,10,3,10.5],"texture": "#4"},
				"south": {"rotation": 180,"uv": [6.25,11.5,6.75,11.75],"texture": "#4"}
			}
		},
		{
			"to": [
				9.71964,
				25.90703,
				8.66375
			],
			"rotation": {
				"origin": [8.06314,25.775,8],
				"angle": 22.5,
				"axis": "x"
			},
			"from": [
				9.45414,
				25.64299,
				7.33625
			],
			"faces": {
				"east": {"rotation": 90,"uv": [11,7.5,11.5,8],"texture": "#4"},
				"north": {"rotation": 180,"uv": [4.75,11.5,5.25,11.75],"texture": "#4"},
				"south": {"rotation": 180,"uv": [1.25,9.75,1.75,10],"texture": "#4"}
			}
		},
		{
			"to": [
				9.71964,
				25.90702,
				8.66375
			],
			"rotation": {
				"origin": [8.06314,25.775,8],
				"angle": 0,
				"axis": "y"
			},
			"from": [
				9.45414,
				25.64298,
				7.33625
			],
			"faces": {
				"east": {"uv": [11,7.5,11.5,8],"texture": "#4"},
				"north": {"rotation": 180,"uv": [5.5,11,6,11.25],"texture": "#4"},
				"south": {"rotation": 180,"uv": [5.5,11,6,11.25],"texture": "#4"}
			}
		},
		{
			"to": [
				9.94089,
				26.3945,
				8.12323
			],
			"rotation": {
				"origin": [8.06314,25.775,8],
				"angle": 0,
				"axis": "y"
			},
			"from": [
				9.71964,
				25.1555,
				7.87678
			],
			"faces": {
				"down": {"rotation": 180,"uv": [7.75,8,8.25,8.25],"texture": "#4"},
				"east": {"uv": [11,7.5,11.5,8],"texture": "#4"},
				"up": {"uv": [3.25,4,3.75,4.25],"texture": "#4"}
			}
		},
		{
			"to": [
				9.94088,
				26.39451,
				8.12323
			],
			"rotation": {
				"origin": [8.06314,25.775,8],
				"angle": -22.5,
				"axis": "x"
			},
			"from": [
				9.71964,
				25.15551,
				7.87678
			],
			"faces": {
				"down": {"rotation": 180,"uv": [4.25,8,4.75,8.25],"texture": "#4"},
				"east": {"uv": [11,7.5,11.5,8],"texture": "#4"},
				"up": {"uv": [8.75,4.25,9.25,4.5],"texture": "#4"}
			}
		},
		{
			"to": [
				9.94088,
				26.39451,
				8.12322
			],
			"rotation": {
				"origin": [8.06314,25.775,8],
				"angle": 22.5,
				"axis": "x"
			},
			"from": [
				9.71964,
				25.15551,
				7.87677
			],
			"faces": {
				"down": {"uv": [4.25,8,4.75,8.25],"texture": "#4"},
				"east": {"uv": [11,7.5,11.5,8],"texture": "#4"},
				"up": {"uv": [10.5,2.75,11,3],"texture": "#4"}
			}
		},
		{
			"to": [
				9.94089,
				26.3945,
				8.12323
			],
			"rotation": {
				"origin": [8.06314,25.775,8],
				"angle": -45,
				"axis": "x"
			},
			"from": [
				9.71964,
				25.1555,
				7.87677
			],
			"faces": {
				"down": {"rotation": 180,"uv": [2.75,9.25,3.25,9.5],"texture": "#4"},
				"east": {"uv": [11,7.5,11.5,8],"texture": "#4"},
				"up": {"rotation": 180,"uv": [5.75,4.75,6.25,5],"texture": "#4"}
			}
		},
		{
			"to": [
				9.94088,
				25.89823,
				8.6195
			],
			"rotation": {
				"origin": [8.06314,25.775,8],
				"angle": 22.5,
				"axis": "x"
			},
			"from": [
				9.71964,
				25.65178,
				7.3805
			],
			"faces": {
				"east": {"rotation": 90,"uv": [11,7.5,11.5,8],"texture": "#4"},
				"north": {"rotation": 180,"uv": [6.75,11.5,7.25,11.75],"texture": "#4"},
				"south": {"rotation": 180,"uv": [1.25,9.75,1.75,10],"texture": "#4"}
			}
		},
		{
			"to": [
				9.94089,
				26.3945,
				8.12323
			],
			"rotation": {
				"origin": [8.06314,25.775,8],
				"angle": 45,
				"axis": "x"
			},
			"from": [
				9.71964,
				25.1555,
				7.87677
			],
			"faces": {
				"down": {"rotation": 180,"uv": [2.75,9.25,3.25,9.75],"texture": "#4"},
				"east": {"uv": [11,7.5,11.5,8],"texture": "#4"},
				"up": {"uv": [9,4.75,9.5,5],"texture": "#4"}
			}
		},
		{
			"to": [
				9.94088,
				25.89823,
				8.6195
			],
			"rotation": {
				"origin": [8.06314,25.775,8],
				"angle": -22.5,
				"axis": "x"
			},
			"from": [
				9.71964,
				25.65178,
				7.3805
			],
			"faces": {
				"east": {"rotation": 270,"uv": [11,7.5,11.5,8],"texture": "#4"},
				"north": {"rotation": 180,"uv": [2.5,10,3,10.5],"texture": "#4"},
				"south": {"rotation": 180,"uv": [6.25,11.5,6.75,11.75],"texture": "#4"}
			}
		},
		{
			"to": [
				9.94089,
				25.89823,
				8.6195
			],
			"rotation": {
				"origin": [8.06314,25.775,8],
				"angle": 0,
				"axis": "y"
			},
			"from": [
				9.71964,
				25.65178,
				7.3805
			],
			"faces": {
				"east": {"uv": [11,7.5,11.5,8],"texture": "#4"},
				"north": {"rotation": 180,"uv": [5.5,11,6,11.25],"texture": "#4"},
				"south": {"rotation": 180,"uv": [5.5,11,6,11.25],"texture": "#4"}
			}
		},
		{
			"to": [
				10.07364,
				26.35025,
				8.11442
			],
			"rotation": {
				"origin": [8.06314,25.775,8],
				"angle": 0,
				"axis": "y"
			},
			"from": [
				9.94089,
				25.19975,
				7.88558
			],
			"faces": {
				"down": {"rotation": 180,"uv": [7.75,8,8.25,8.25],"texture": "#4"},
				"east": {"uv": [11,7.5,11.5,8],"texture": "#4"},
				"up": {"uv": [3.25,4,3.75,4.25],"texture": "#4"}
			}
		},
		{
			"to": [
				10.07364,
				26.35026,
				8.11442
			],
			"rotation": {
				"origin": [8.06314,25.775,8],
				"angle": 22.5,
				"axis": "x"
			},
			"from": [
				9.94088,
				25.19976,
				7.88558
			],
			"faces": {
				"down": {"uv": [4.25,8,4.75,8.25],"texture": "#4"},
				"east": {"uv": [11,7.5,11.5,8],"texture": "#4"},
				"up": {"uv": [11.25,3.25,11.75,3.5],"texture": "#4"}
			}
		},
		{
			"to": [
				10.07364,
				26.35026,
				8.11442
			],
			"rotation": {
				"origin": [8.06314,25.775,8],
				"angle": -22.5,
				"axis": "x"
			},
			"from": [
				9.94088,
				25.19976,
				7.88558
			],
			"faces": {
				"down": {"rotation": 180,"uv": [4.25,8,4.75,8.25],"texture": "#4"},
				"east": {"uv": [11,7.5,11.5,8],"texture": "#4"},
				"up": {"uv": [11,3,11.5,3.25],"texture": "#4"}
			}
		},
		{
			"to": [
				10.07364,
				26.35025,
				8.11443
			],
			"rotation": {
				"origin": [8.06314,25.775,8],
				"angle": 45,
				"axis": "x"
			},
			"from": [
				9.94089,
				25.19975,
				7.88558
			],
			"faces": {
				"down": {"rotation": 180,"uv": [2.75,9.25,3.25,9.75],"texture": "#4"},
				"east": {"uv": [11,7.5,11.5,8],"texture": "#4"},
				"up": {"uv": [6.5,4.75,7,5],"texture": "#4"}
			}
		},
		{
			"to": [
				10.07364,
				26.35025,
				8.11442
			],
			"rotation": {
				"origin": [8.06314,25.775,8],
				"angle": -45,
				"axis": "x"
			},
			"from": [
				9.94089,
				25.19975,
				7.88557
			],
			"faces": {
				"down": {"rotation": 180,"uv": [2.75,9.25,3.25,9.5],"texture": "#4"},
				"east": {"uv": [11,7.5,11.5,8],"texture": "#4"},
				"up": {"rotation": 180,"uv": [8,4.75,8.5,5],"texture": "#4"}
			}
		},
		{
			"to": [
				10.07364,
				25.88943,
				8.57525
			],
			"rotation": {
				"origin": [8.06314,25.775,8],
				"angle": -22.5,
				"axis": "x"
			},
			"from": [
				9.94088,
				25.66059,
				7.42475
			],
			"faces": {
				"east": {"rotation": 270,"uv": [11,7.5,11.5,8],"texture": "#4"},
				"north": {"rotation": 180,"uv": [2.5,10,3,10.5],"texture": "#4"},
				"south": {"rotation": 180,"uv": [7.5,11.5,8,11.75],"texture": "#4"}
			}
		},
		{
			"to": [
				10.07364,
				25.88943,
				8.57525
			],
			"rotation": {
				"origin": [8.06314,25.775,8],
				"angle": 22.5,
				"axis": "x"
			},
			"from": [
				9.94088,
				25.66059,
				7.42475
			],
			"faces": {
				"east": {"rotation": 90,"uv": [11,7.5,11.5,8],"texture": "#4"},
				"north": {"rotation": 180,"uv": [7,11.5,7.5,11.75],"texture": "#4"},
				"south": {"rotation": 180,"uv": [1.25,9.75,1.75,10],"texture": "#4"}
			}
		},
		{
			"to": [
				10.07364,
				25.88942,
				8.57525
			],
			"rotation": {
				"origin": [8.06314,25.775,8],
				"angle": 0,
				"axis": "y"
			},
			"from": [
				9.94089,
				25.66058,
				7.42475
			],
			"faces": {
				"east": {"uv": [11,7.5,11.5,8],"texture": "#4"},
				"north": {"rotation": 180,"uv": [5.5,11,6,11.25],"texture": "#4"},
				"south": {"rotation": 180,"uv": [5.5,11,6,11.25],"texture": "#4"}
			}
		},
		{
			"to": [
				10.11564,
				27.03496,
				8.177
			],
			"rotation": {
				"origin": [8.06314,25.775,8],
				"angle": -22.5,
				"axis": "z"
			},
			"from": [
				9.71739,
				26.59246,
				7.823
			],
			"faces": {
				"east": {"uv": [7.5,2,8,2.5],"texture": "#4"},
				"north": {"uv": [6,4.5,6.5,5],"texture": "#4"},
				"up": {"uv": [4,4,4.5,4.5],"texture": "#4"},
				"south": {"uv": [5.75,4.5,6.25,5],"texture": "#4"}
			}
		},
		{
			"to": [
				10.11564,
				24.95754,
				8.177
			],
			"rotation": {
				"origin": [8.06314,25.775,8],
				"angle": 22.5,
				"axis": "z"
			},
			"from": [
				9.71739,
				24.51504,
				7.823
			],
			"faces": {
				"down": {"rotation": 180,"uv": [15,8,15.5,8.5],"texture": "#4"},
				"east": {"uv": [7.5,2,8,2.5],"texture": "#4"},
				"north": {"rotation": 180,"uv": [5,8,5.5,8.5],"texture": "#4"},
				"south": {"rotation": 180,"uv": [5,8,5.5,8.5],"texture": "#4"}
			}
		},
		{
			"to": [
				10.11564,
				25.952,
				9.25996
			],
			"rotation": {
				"origin": [8.06314,25.775,8],
				"angle": 22.5,
				"axis": "y"
			},
			"from": [
				9.71739,
				25.598,
				8.77321
			],
			"faces": {
				"down": {"rotation": 180,"uv": [9,10.25,9.5,10.75],"texture": "#4"},
				"east": {"uv": [7.5,2,8,2.5],"texture": "#4"},
				"up": {"uv": [6.5,4.75,7,5.25],"texture": "#4"},
				"south": {"rotation": 180,"uv": [4.75,11.25,5.25,11.75],"texture": "#4"}
			}
		},
		{
			"to": [
				10.11564,
				25.952,
				7.22679
			],
			"rotation": {
				"origin": [8.06314,25.775,8],
				"angle": -22.5,
				"axis": "y"
			},
			"from": [
				9.71739,
				25.598,
				6.74004
			],
			"faces": {
				"down": {"rotation": 180,"uv": [9,10.25,9.5,10.75],"texture": "#4"},
				"east": {"uv": [7.5,2,8,2.5],"texture": "#4"},
				"north": {"rotation": 180,"uv": [4.75,11.25,5.25,11.75],"texture": "#4"},
				"up": {"rotation": 180,"uv": [6.5,4.75,7,5.25],"texture": "#4"}
			}
		},
		{
			"to": [
				5.80594,
				26.54938,
				8.15403
			],
			"rotation": {
				"origin": [8.06314,25.775,8],
				"angle": 22.5,
				"axis": "x"
			},
			"from": [
				5.6731,
				25.00063,
				7.84596
			],
			"faces": {
				"down": {"rotation": 180,"uv": [6.25,8,6.75,8.25],"texture": "#3"},
				"west": {"uv": [7.25,4,7.75,6],"texture": "#3"},
				"east": {"uv": [12.5,7.5,13,8],"texture": "#3"},
				"up": {"uv": [3.5,4.25,4,4.75],"texture": "#3"}
			}
		},
		{
			"to": [
				5.80594,
				26.54938,
				8.15404
			],
			"rotation": {
				"origin": [8.06314,25.775,8],
				"angle": -22.5,
				"axis": "x"
			},
			"from": [
				5.6731,
				25.00063,
				7.84597
			],
			"faces": {
				"down": {"rotation": 180,"uv": [6.25,8,6.75,8.25],"texture": "#3"},
				"west": {"uv": [7.25,4,7.75,6],"texture": "#3"},
				"east": {"uv": [12.5,7.5,13,8],"texture": "#3"},
				"up": {"rotation": 180,"uv": [3.5,4.25,4,4.75],"texture": "#3"}
			}
		},
		{
			"to": [
				5.80585,
				26.54938,
				8.15403
			],
			"rotation": {
				"origin": [8.06314,25.775,8],
				"angle": 45,
				"axis": "x"
			},
			"from": [
				5.67301,
				25.00063,
				7.84596
			],
			"faces": {
				"down": {"rotation": 180,"uv": [6.25,8,6.75,8.25],"texture": "#3"},
				"west": {"uv": [10.75,4.5,11.25,6.5],"texture": "#3"},
				"east": {"uv": [12.5,7.5,13,8],"texture": "#3"},
				"up": {"uv": [3.75,4.75,4.25,5.25],"texture": "#3"}
			}
		},
		{
			"to": [
				5.80585,
				26.54938,
				8.15404
			],
			"rotation": {
				"origin": [8.06314,25.775,8],
				"angle": -45,
				"axis": "x"
			},
			"from": [
				5.67301,
				25.00063,
				7.84597
			],
			"faces": {
				"down": {"rotation": 180,"uv": [6.25,8,6.75,8.25],"texture": "#3"},
				"west": {"uv": [6.75,4.5,7.25,6.5],"texture": "#3"},
				"east": {"uv": [12.5,7.5,13,8],"texture": "#3"},
				"up": {"rotation": 180,"uv": [7.75,4.75,8.25,5.25],"texture": "#3"}
			}
		},
		{
			"to": [
				5.80594,
				25.92904,
				8.77438
			],
			"rotation": {
				"origin": [8.06314,25.775,8],
				"angle": -22.5,
				"axis": "x"
			},
			"from": [
				5.6731,
				25.62097,
				7.22563
			],
			"faces": {
				"west": {"rotation": 90,"uv": [0.5,4.75,1,6.75],"texture": "#3"},
				"east": {"rotation": 270,"uv": [12.5,7.5,13,8],"texture": "#3"},
				"north": {"rotation": 180,"uv": [6.75,8,7.25,8.5],"texture": "#3"},
				"south": {"uv": [5.25,5.5,5.75,6],"texture": "#3"}
			}
		},
		{
			"to": [
				5.80594,
				25.92904,
				8.77437
			],
			"rotation": {
				"origin": [8.06314,25.775,8],
				"angle": 22.5,
				"axis": "x"
			},
			"from": [
				5.6731,
				25.62097,
				7.22562
			],
			"faces": {
				"west": {"rotation": 270,"uv": [0.75,4.75,1.25,6.75],"texture": "#3"},
				"east": {"rotation": 90,"uv": [12.5,7.5,13,8],"texture": "#3"},
				"north": {"uv": [6.75,5.5,7.25,6],"texture": "#3"},
				"south": {"rotation": 180,"uv": [6,8,6.5,8.5],"texture": "#3"}
			}
		},
		{
			"to": [
				5.80585,
				25.92904,
				8.77438
			],
			"rotation": {
				"origin": [8.06314,25.775,8],
				"angle": 0,
				"axis": "y"
			},
			"from": [
				5.67301,
				25.62097,
				7.22563
			],
			"faces": {
				"west": {"rotation": 90,"uv": [7.25,9.5,7.75,11.5],"texture": "#3"},
				"east": {"uv": [12.5,7.5,13,8],"texture": "#3"},
				"north": {"rotation": 180,"uv": [4.25,8.25,4.75,8.75],"texture": "#3"},
				"south": {"rotation": 180,"uv": [6.25,8.25,6.75,8.75],"texture": "#3"}
			}
		},
		{
			"to": [
				5.7385,
				26.12901,
				8.07042
			],
			"rotation": {
				"origin": [8.06314,25.775,8],
				"angle": -22.5,
				"axis": "x"
			},
			"from": [
				5.65,
				25.42101,
				7.92959
			],
			"faces": {
				"down": {"rotation": 180,"uv": [9,8,9.25,8.5],"texture": "#3"},
				"west": {"uv": [5.25,4.5,5.75,5.25],"texture": "#3"},
				"up": {"rotation": 180,"uv": [7.25,4.25,7.5,4.75],"texture": "#3"}
			}
		},
		{
			"to": [
				5.7385,
				26.12901,
				8.07041
			],
			"rotation": {
				"origin": [8.06314,25.775,8],
				"angle": 22.5,
				"axis": "x"
			},
			"from": [
				5.65,
				25.42101,
				7.92959
			],
			"faces": {
				"down": {"uv": [9,8,9.25,8.5],"texture": "#3"},
				"west": {"uv": [5.25,4.5,5.75,5.25],"texture": "#3"},
				"up": {"uv": [3.25,4,3.5,4.5],"texture": "#3"}
			}
		},
		{
			"to": [
				5.73859,
				26.129,
				8.07042
			],
			"rotation": {
				"origin": [8.06314,25.775,8],
				"angle": -45,
				"axis": "x"
			},
			"from": [
				5.65009,
				25.421,
				7.92959
			],
			"faces": {
				"down": {"uv": [6,5.5,6.25,6],"texture": "#3"},
				"west": {"uv": [6.25,4.5,6.75,5.25],"texture": "#3"},
				"up": {"rotation": 180,"uv": [7.25,4.25,7.5,4.75],"texture": "#3"}
			}
		},
		{
			"to": [
				5.73859,
				26.129,
				8.07042
			],
			"rotation": {
				"origin": [8.06314,25.775,8],
				"angle": 45,
				"axis": "x"
			},
			"from": [
				5.65009,
				25.421,
				7.92959
			],
			"faces": {
				"down": {"uv": [6,5.5,6.25,6],"texture": "#3"},
				"west": {"uv": [6.25,4.5,6.75,5.25],"texture": "#3"},
				"up": {"uv": [3.75,4,4,4.5],"texture": "#3"}
			}
		},
		{
			"to": [
				5.7385,
				25.84543,
				8.354
			],
			"rotation": {
				"origin": [8.06314,25.775,8],
				"angle": 22.5,
				"axis": "x"
			},
			"from": [
				5.65,
				25.7046,
				7.646
			],
			"faces": {
				"west": {"rotation": 270,"uv": [9.25,4.5,9.75,5.25],"texture": "#3"},
				"north": {"uv": [7.25,4.25,7.5,4.75],"texture": "#3"},
				"south": {"uv": [6.25,5,6.5,5.5],"texture": "#3"}
			}
		},
		{
			"to": [
				5.7385,
				25.84542,
				8.354
			],
			"rotation": {
				"origin": [8.06314,25.775,8],
				"angle": -22.5,
				"axis": "x"
			},
			"from": [
				5.65,
				25.7046,
				7.646
			],
			"faces": {
				"west": {"rotation": 90,"uv": [9,4.5,9.5,5.25],"texture": "#3"},
				"north": {"uv": [6.25,5,6.5,5.5],"texture": "#3"},
				"south": {"uv": [7.25,4.25,7.5,4.75],"texture": "#3"}
			}
		},
		{
			"to": [
				5.73859,
				25.84542,
				8.354
			],
			"rotation": {
				"origin": [8.06314,25.775,8],
				"angle": 0,
				"axis": "y"
			},
			"from": [
				5.65009,
				25.70459,
				7.646
			],
			"faces": {
				"west": {"uv": [6.25,4.5,6.75,5],"texture": "#3"},
				"north": {"uv": [6.25,4.5,6.5,5],"texture": "#3"},
				"south": {"uv": [6.25,4.5,6.5,5],"texture": "#3"}
			}
		},
		{
			"to": [
				6.31464,
				26.46088,
				8.13643
			],
			"rotation": {
				"origin": [8.06314,25.775,8],
				"angle": 0,
				"axis": "y"
			},
			"from": [
				5.78364,
				25.08913,
				7.86357
			],
			"faces": {
				"down": {"uv": [5.75,8,6.25,8.25],"texture": "#3"},
				"up": {"rotation": 180,"uv": [8.5,4,9,4.5],"texture": "#3"}
			}
		},
		{
			"to": [
				6.31464,
				26.46088,
				8.13643
			],
			"rotation": {
				"origin": [8.06314,25.775,8],
				"angle": 22.5,
				"axis": "x"
			},
			"from": [
				5.78364,
				25.08913,
				7.86356
			],
			"faces": {
				"down": {"uv": [5.75,8,6.25,8.25],"texture": "#3"},
				"up": {"rotation": 180,"uv": [11,2.5,11.5,3],"texture": "#3"}
			}
		},
		{
			"to": [
				6.31464,
				26.46088,
				8.13643
			],
			"rotation": {
				"origin": [8.06314,25.775,8],
				"angle": -22.5,
				"axis": "x"
			},
			"from": [
				5.78364,
				25.08913,
				7.86357
			],
			"faces": {
				"down": {"uv": [5.75,8,6.25,8.25],"texture": "#3"},
				"up": {"rotation": 180,"uv": [8.5,4,9,4.5],"texture": "#3"}
			}
		},
		{
			"to": [
				6.31464,
				26.46088,
				8.13643
			],
			"rotation": {
				"origin": [8.06314,25.775,8],
				"angle": 45,
				"axis": "x"
			},
			"from": [
				5.78364,
				25.08913,
				7.86357
			],
			"faces": {
				"down": {"uv": [5.75,8,6.25,8.25],"texture": "#3"},
				"up": {"uv": [3.25,4.25,3.75,4.75],"texture": "#3"}
			}
		},
		{
			"to": [
				6.31464,
				26.46088,
				8.13643
			],
			"rotation": {
				"origin": [8.06314,25.775,8],
				"angle": -45,
				"axis": "x"
			},
			"from": [
				5.78364,
				25.08913,
				7.86357
			],
			"faces": {
				"down": {"uv": [5.75,8,6.25,8.25],"texture": "#3"},
				"up": {"rotation": 180,"uv": [3.25,4.25,3.75,4.75],"texture": "#3"}
			}
		},
		{
			"to": [
				6.31464,
				25.91144,
				8.68588
			],
			"rotation": {
				"origin": [8.06314,25.775,8],
				"angle": -22.5,
				"axis": "x"
			},
			"from": [
				5.78364,
				25.63857,
				7.31413
			],
			"faces": {
				"north": {"rotation": 180,"uv": [3,8,3.5,8.5],"texture": "#3"},
				"south": {"uv": [3.25,4.75,3.75,5.25],"texture": "#3"}
			}
		},
		{
			"to": [
				6.31464,
				25.91144,
				8.68587
			],
			"rotation": {
				"origin": [8.06314,25.775,8],
				"angle": 22.5,
				"axis": "x"
			},
			"from": [
				5.78364,
				25.63858,
				7.31412
			],
			"faces": {
				"north": {"uv": [3.25,4.75,3.75,5.25],"texture": "#3"},
				"south": {"rotation": 180,"uv": [3,8,3.5,8.5],"texture": "#3"}
			}
		},
		{
			"to": [
				6.31464,
				25.91143,
				8.68588
			],
			"rotation": {
				"origin": [8.06314,25.775,8],
				"angle": 0,
				"axis": "y"
			},
			"from": [
				5.78364,
				25.63857,
				7.31413
			],
			"faces": {
				"north": {"uv": [3.25,5.25,3.75,5.75],"texture": "#3"},
				"south": {"uv": [3.25,5.25,3.75,5.75],"texture": "#3"}
			}
		},
		{
			"to": [
				5.80585,
				25.04937,
				8.52904
			],
			"rotation": {
				"origin": [0.08943,8.08,7.65],
				"angle": 0,
				"axis": "y"
			},
			"from": [
				5.67301,
				23.50062,
				8.22096
			],
			"faces": {
				"down": {"rotation": 180,"uv": [6.25,8,6.75,8.25],"texture": "#3"},
				"west": {"uv": [8.25,4,8.75,6],"texture": "#3"},
				"east": {"uv": [12.5,7.5,13,8],"texture": "#3"},
				"up": {"rotation": 180,"uv": [3.5,3.75,4,4.25],"texture": "#3"}
			}
		},
		{
			"to": [
				5.73859,
				24.629,
				8.44542
			],
			"rotation": {
				"origin": [2.32654,-4.31,7.65],
				"angle": 0,
				"axis": "y"
			},
			"from": [
				5.65009,
				23.921,
				8.30459
			],
			"faces": {
				"down": {"uv": [9.5,8,9.75,8.25],"texture": "#3"},
				"west": {"uv": [6.25,4.5,6.75,5.25],"texture": "#3"},
				"up": {"uv": [3.25,4,3.5,4.5],"texture": "#3"}
			}
		},
		{
			"to": [
				8.95014,
				25.04937,
				8.52904
			],
			"rotation": {
				"origin": [1.79554,-4.31,7.65],
				"angle": 0,
				"axis": "y"
			},
			"from": [
				6.04914,
				23.50062,
				8.22096
			],
			"faces": {
				"down": {"rotation": 180,"uv": [5.5,7.75,7.5,8.25],"texture": "#3"},
				"west": {"uv": [12.5,7.5,13,8],"texture": "#3"},
				"east": {"uv": [5.25,10.5,5.75,11],"texture": "#3"},
				"up": {"uv": [2,3.25,4,3.75],"texture": "#3"}
			}
		},
		{
			"to": [
				8.95014,
				23.52144,
				-0.60245
			],
			"rotation": {
				"origin": [1.81514,0.5575,7.65],
				"angle": 22.5,
				"axis": "x"
			},
			"from": [
				6.04914,
				21.97269,
				-0.91052
			],
			"faces": {
				"down": {"rotation": 180,"uv": [3,9,5,9.5],"texture": "#3"},
				"west": {"uv": [12.5,7.5,13,8],"texture": "#3"},
				"east": {"uv": [5.25,10.5,5.75,11],"texture": "#3"},
				"up": {"uv": [2,3.75,4,4.25],"texture": "#3"}
			}
		},
		{
			"to": [
				8.95014,
				22.96655,
				17.55014
			],
			"rotation": {
				"origin": [1.81514,0.5575,7.65],
				"angle": -22.5,
				"axis": "x"
			},
			"from": [
				6.04914,
				21.4178,
				17.24207
			],
			"faces": {
				"down": {"rotation": 180,"uv": [3.5,8,5.5,8.5],"texture": "#3"},
				"west": {"uv": [12.5,7.5,13,8],"texture": "#3"},
				"east": {"uv": [5.25,10.5,5.75,11],"texture": "#3"},
				"up": {"uv": [0,3.25,2,3.75],"texture": "#3"}
			}
		},
		{
			"to": [
				8.95014,
				18.61533,
				-8.45412
			],
			"rotation": {
				"origin": [1.81514,0.5575,7.65],
				"angle": 45,
				"axis": "x"
			},
			"from": [
				6.04914,
				17.06658,
				-8.76219
			],
			"faces": {
				"down": {"rotation": 180,"uv": [5.75,5.5,7.75,6],"texture": "#3"},
				"west": {"uv": [12.5,7.5,13,8],"texture": "#3"},
				"east": {"uv": [5.25,10.5,5.75,11],"texture": "#3"},
				"up": {"uv": [5.25,4.25,7.25,4.75],"texture": "#3"}
			}
		},
		{
			"to": [
				8.95014,
				17.59003,
				25.08749
			],
			"rotation": {
				"origin": [1.81514,0.5575,7.65],
				"angle": -45,
				"axis": "x"
			},
			"from": [
				6.04914,
				16.04128,
				24.77942
			],
			"faces": {
				"down": {"uv": [4.5,5.5,6.5,6],"texture": "#3"},
				"west": {"uv": [12.5,7.5,13,8],"texture": "#3"},
				"east": {"uv": [5.25,10.5,5.75,11],"texture": "#3"},
				"up": {"rotation": 180,"uv": [1.25,4.25,3.25,4.75],"texture": "#3"}
			}
		},
		{
			"to": [
				8.95014,
				22.34621,
				18.17048
			],
			"rotation": {
				"origin": [1.81514,0.5575,7.65],
				"angle": -22.5,
				"axis": "x"
			},
			"from": [
				6.04914,
				22.03814,
				16.62173
			],
			"faces": {
				"west": {"rotation": 90,"uv": [12.5,7.5,13,8],"texture": "#3"},
				"east": {"uv": [5.25,10.5,5.75,11],"texture": "#3"},
				"north": {"uv": [6.25,5,8.25,5.5],"texture": "#3"},
				"south": {"uv": [5.25,4.75,7.25,5.25],"texture": "#3"}
			}
		},
		{
			"to": [
				8.95014,
				22.9011,
				0.01789
			],
			"rotation": {
				"origin": [1.81514,0.5575,7.65],
				"angle": 22.5,
				"axis": "x"
			},
			"from": [
				6.04914,
				22.59303,
				-1.53086
			],
			"faces": {
				"west": {"rotation": 270,"uv": [12.5,7.5,13,8],"texture": "#3"},
				"east": {"uv": [5.25,10.5,5.75,11],"texture": "#3"},
				"north": {"uv": [5.25,4.75,7.25,5.25],"texture": "#3"},
				"south": {"uv": [6.25,5,8.25,5.5],"texture": "#3"}
			}
		},
		{
			"to": [
				8.95014,
				24.42903,
				9.14937
			],
			"rotation": {
				"origin": [1.79554,-4.31,7.65],
				"angle": 0,
				"axis": "y"
			},
			"from": [
				6.04914,
				24.12096,
				7.60062
			],
			"faces": {
				"west": {"uv": [12.5,7.5,13,8],"texture": "#3"},
				"east": {"uv": [5.25,10.5,5.75,11],"texture": "#3"},
				"north": {"uv": [3,12.25,5,12.75],"texture": "#3"},
				"south": {"uv": [0,12,2,12.5],"texture": "#3"}
			}
		},
		{
			"to": [
				9.45414,
				24.983,
				8.51583
			],
			"rotation": {
				"origin": [1.79554,-4.31,7.65],
				"angle": 0,
				"axis": "y"
			},
			"from": [
				8.63664,
				23.567,
				8.23417
			],
			"faces": {
				"down": {"rotation": 180,"uv": [7.75,8,8.25,8.25],"texture": "#4"},
				"east": {"uv": [11,7.5,11.5,8],"texture": "#4"},
				"up": {"uv": [3.25,4,3.75,4.25],"texture": "#4"}
			}
		},
		{
			"to": [
				9.45414,
				22.90017,
				17.53693
			],
			"rotation": {
				"origin": [3.07626,0.5575,7.65],
				"angle": -22.5,
				"axis": "x"
			},
			"from": [
				8.63663,
				21.48417,
				17.25528
			],
			"faces": {
				"down": {"rotation": 180,"uv": [4.25,8,4.75,8.25],"texture": "#4"},
				"east": {"uv": [11,7.5,11.5,8],"texture": "#4"},
				"up": {"uv": [7.5,4.25,8,4.5],"texture": "#4"}
			}
		},
		{
			"to": [
				9.45414,
				23.45506,
				-0.61565
			],
			"rotation": {
				"origin": [3.07626,0.5575,7.65],
				"angle": 22.5,
				"axis": "x"
			},
			"from": [
				8.63663,
				22.03906,
				-0.89731
			],
			"faces": {
				"down": {"uv": [4.25,8,4.75,8.25],"texture": "#4"},
				"east": {"uv": [11,7.5,11.5,8],"texture": "#4"},
				"up": {"uv": [5.5,4.25,6,4.5],"texture": "#4"}
			}
		},
		{
			"to": [
				9.45414,
				17.52365,
				25.07429
			],
			"rotation": {
				"origin": [3.07626,0.5575,7.65],
				"angle": -45,
				"axis": "x"
			},
			"from": [
				8.63664,
				16.10765,
				24.79262
			],
			"faces": {
				"down": {"rotation": 180,"uv": [2.75,9.25,3.25,9.5],"texture": "#4"},
				"east": {"uv": [11,7.5,11.5,8],"texture": "#4"},
				"up": {"rotation": 180,"uv": [6.5,4.75,7,5],"texture": "#4"}
			}
		},
		{
			"to": [
				9.45414,
				18.54896,
				-8.46732
			],
			"rotation": {
				"origin": [3.07626,0.5575,7.65],
				"angle": 45,
				"axis": "x"
			},
			"from": [
				8.63664,
				17.13296,
				-8.74898
			],
			"faces": {
				"down": {"rotation": 180,"uv": [2.75,9.25,3.25,9.75],"texture": "#4"},
				"east": {"uv": [11,7.5,11.5,8],"texture": "#4"},
				"up": {"uv": [8.5,4.75,9,5],"texture": "#4"}
			}
		},
		{
			"to": [
				9.45414,
				22.88789,
				-0.04848
			],
			"rotation": {
				"origin": [3.07626,0.5575,7.65],
				"angle": 22.5,
				"axis": "x"
			},
			"from": [
				8.63663,
				22.60623,
				-1.46448
			],
			"faces": {
				"east": {"rotation": 90,"uv": [11,7.5,11.5,8],"texture": "#4"},
				"north": {"rotation": 180,"uv": [5.5,11.5,6,11.75],"texture": "#4"},
				"south": {"rotation": 180,"uv": [1.25,9.75,1.75,10],"texture": "#4"}
			}
		},
		{
			"to": [
				9.45414,
				22.333,
				18.10411
			],
			"rotation": {
				"origin": [3.07626,0.5575,7.65],
				"angle": -22.5,
				"axis": "x"
			},
			"from": [
				8.63663,
				22.05134,
				16.68811
			],
			"faces": {
				"east": {"rotation": 270,"uv": [11,7.5,11.5,8],"texture": "#4"},
				"north": {"rotation": 180,"uv": [2.5,10,3,10.5],"texture": "#4"},
				"south": {"rotation": 180,"uv": [5.5,11.5,6,11.75],"texture": "#4"}
			}
		},
		{
			"to": [
				9.45414,
				24.41583,
				9.083
			],
			"rotation": {
				"origin": [1.79554,-4.31,7.65],
				"angle": 0,
				"axis": "y"
			},
			"from": [
				8.63664,
				24.13417,
				7.667
			],
			"faces": {
				"east": {"uv": [11,7.5,11.5,8],"texture": "#4"},
				"north": {"rotation": 180,"uv": [5.5,11,6,11.25],"texture": "#4"},
				"south": {"rotation": 180,"uv": [5.5,11,6,11.25],"texture": "#4"}
			}
		},
		{
			"to": [
				9.71964,
				24.93875,
				8.50702
			],
			"rotation": {
				"origin": [1.79554,-4.31,7.65],
				"angle": 0,
				"axis": "y"
			},
			"from": [
				9.45414,
				23.61125,
				8.24298
			],
			"faces": {
				"down": {"rotation": 180,"uv": [7.75,8,8.25,8.25],"texture": "#4"},
				"east": {"uv": [11,7.5,11.5,8],"texture": "#4"},
				"up": {"uv": [3.25,4,3.75,4.25],"texture": "#4"}
			}
		},
		{
			"to": [
				9.71964,
				23.41081,
				-0.62446
			],
			"rotation": {
				"origin": [3.71789,0.5575,7.65],
				"angle": 22.5,
				"axis": "x"
			},
			"from": [
				9.45414,
				22.08331,
				-0.8885
			],
			"faces": {
				"down": {"uv": [4.25,8,4.75,8.25],"texture": "#4"},
				"east": {"uv": [11,7.5,11.5,8],"texture": "#4"},
				"up": {"uv": [12.75,2.25,13.25,2.5],"texture": "#4"}
			}
		},
		{
			"to": [
				9.71964,
				22.85592,
				17.52813
			],
			"rotation": {
				"origin": [3.71789,0.5575,7.65],
				"angle": -22.5,
				"axis": "x"
			},
			"from": [
				9.45414,
				21.52842,
				17.26408
			],
			"faces": {
				"down": {"rotation": 180,"uv": [4.25,8,4.75,8.25],"texture": "#4"},
				"east": {"uv": [11,7.5,11.5,8],"texture": "#4"},
				"up": {"uv": [8.5,4.25,9,4.5],"texture": "#4"}
			}
		},
		{
			"to": [
				9.71964,
				18.50471,
				-8.47612
			],
			"rotation": {
				"origin": [3.71789,0.5575,7.65],
				"angle": 45,
				"axis": "x"
			},
			"from": [
				9.45414,
				17.17721,
				-8.74018
			],
			"faces": {
				"down": {"rotation": 180,"uv": [2.75,9.25,3.25,9.75],"texture": "#4"},
				"east": {"uv": [11,7.5,11.5,8],"texture": "#4"},
				"up": {"uv": [9.25,4.75,9.75,5],"texture": "#4"}
			}
		},
		{
			"to": [
				9.71964,
				17.4794,
				25.06548
			],
			"rotation": {
				"origin": [3.71789,0.5575,7.65],
				"angle": -45,
				"axis": "x"
			},
			"from": [
				9.45414,
				16.1519,
				24.80143
			],
			"faces": {
				"down": {"rotation": 180,"uv": [2.75,9.25,3.25,9.5],"texture": "#4"},
				"east": {"uv": [11,7.5,11.5,8],"texture": "#4"},
				"up": {"rotation": 180,"uv": [5.75,4.75,6.25,5],"texture": "#4"}
			}
		},
		{
			"to": [
				9.71964,
				22.32419,
				18.05986
			],
			"rotation": {
				"origin": [3.71789,0.5575,7.65],
				"angle": -22.5,
				"axis": "x"
			},
			"from": [
				9.45414,
				22.06015,
				16.73236
			],
			"faces": {
				"east": {"rotation": 270,"uv": [11,7.5,11.5,8],"texture": "#4"},
				"north": {"rotation": 180,"uv": [2.5,10,3,10.5],"texture": "#4"},
				"south": {"rotation": 180,"uv": [6.25,11.5,6.75,11.75],"texture": "#4"}
			}
		},
		{
			"to": [
				9.71964,
				22.87908,
				-0.09273
			],
			"rotation": {
				"origin": [3.71789,0.5575,7.65],
				"angle": 22.5,
				"axis": "x"
			},
			"from": [
				9.45414,
				22.61504,
				-1.42023
			],
			"faces": {
				"east": {"rotation": 90,"uv": [11,7.5,11.5,8],"texture": "#4"},
				"north": {"rotation": 180,"uv": [4.75,11.5,5.25,11.75],"texture": "#4"},
				"south": {"rotation": 180,"uv": [1.25,9.75,1.75,10],"texture": "#4"}
			}
		},
		{
			"to": [
				9.71964,
				24.40702,
				9.03875
			],
			"rotation": {
				"origin": [1.79554,-4.31,7.65],
				"angle": 0,
				"axis": "y"
			},
			"from": [
				9.45414,
				24.14298,
				7.71125
			],
			"faces": {
				"east": {"uv": [11,7.5,11.5,8],"texture": "#4"},
				"north": {"rotation": 180,"uv": [5.5,11,6,11.25],"texture": "#4"},
				"south": {"rotation": 180,"uv": [5.5,11,6,11.25],"texture": "#4"}
			}
		},
		{
			"to": [
				9.94089,
				24.8945,
				8.49823
			],
			"rotation": {
				"origin": [1.79554,-4.31,7.65],
				"angle": 0,
				"axis": "y"
			},
			"from": [
				9.71964,
				23.6555,
				8.25178
			],
			"faces": {
				"down": {"rotation": 180,"uv": [7.75,8,8.25,8.25],"texture": "#4"},
				"east": {"uv": [11,7.5,11.5,8],"texture": "#4"},
				"up": {"uv": [3.25,4,3.75,4.25],"texture": "#4"}
			}
		},
		{
			"to": [
				9.94088,
				22.81167,
				17.51933
			],
			"rotation": {
				"origin": [4.07189,0.5575,7.65],
				"angle": -22.5,
				"axis": "x"
			},
			"from": [
				9.71964,
				21.57267,
				17.27288
			],
			"faces": {
				"down": {"rotation": 180,"uv": [4.25,8,4.75,8.25],"texture": "#4"},
				"east": {"uv": [11,7.5,11.5,8],"texture": "#4"},
				"up": {"uv": [8.75,4.25,9.25,4.5],"texture": "#4"}
			}
		},
		{
			"to": [
				9.94088,
				23.36656,
				-0.63326
			],
			"rotation": {
				"origin": [4.07189,0.5575,7.65],
				"angle": 22.5,
				"axis": "x"
			},
			"from": [
				9.71964,
				22.12756,
				-0.87971
			],
			"faces": {
				"down": {"uv": [4.25,8,4.75,8.25],"texture": "#4"},
				"east": {"uv": [11,7.5,11.5,8],"texture": "#4"},
				"up": {"uv": [10.5,2.75,11,3],"texture": "#4"}
			}
		},
		{
			"to": [
				9.94089,
				17.43515,
				25.05668
			],
			"rotation": {
				"origin": [4.07189,0.5575,7.65],
				"angle": -45,
				"axis": "x"
			},
			"from": [
				9.71964,
				16.19615,
				24.81023
			],
			"faces": {
				"down": {"rotation": 180,"uv": [2.75,9.25,3.25,9.5],"texture": "#4"},
				"east": {"uv": [11,7.5,11.5,8],"texture": "#4"},
				"up": {"rotation": 180,"uv": [5.75,4.75,6.25,5],"texture": "#4"}
			}
		},
		{
			"to": [
				9.94088,
				22.87029,
				-0.13698
			],
			"rotation": {
				"origin": [4.07189,0.5575,7.65],
				"angle": 22.5,
				"axis": "x"
			},
			"from": [
				9.71964,
				22.62384,
				-1.37598
			],
			"faces": {
				"east": {"rotation": 90,"uv": [11,7.5,11.5,8],"texture": "#4"},
				"north": {"rotation": 180,"uv": [6.75,11.5,7.25,11.75],"texture": "#4"},
				"south": {"rotation": 180,"uv": [1.25,9.75,1.75,10],"texture": "#4"}
			}
		},
		{
			"to": [
				9.94089,
				18.46046,
				-8.48492
			],
			"rotation": {
				"origin": [4.07189,0.5575,7.65],
				"angle": 45,
				"axis": "x"
			},
			"from": [
				9.71964,
				17.22146,
				-8.73138
			],
			"faces": {
				"down": {"rotation": 180,"uv": [2.75,9.25,3.25,9.75],"texture": "#4"},
				"east": {"uv": [11,7.5,11.5,8],"texture": "#4"},
				"up": {"uv": [9,4.75,9.5,5],"texture": "#4"}
			}
		},
		{
			"to": [
				9.94088,
				22.3154,
				18.01561
			],
			"rotation": {
				"origin": [4.07189,0.5575,7.65],
				"angle": -22.5,
				"axis": "x"
			},
			"from": [
				9.71964,
				22.06895,
				16.77661
			],
			"faces": {
				"east": {"rotation": 270,"uv": [11,7.5,11.5,8],"texture": "#4"},
				"north": {"rotation": 180,"uv": [2.5,10,3,10.5],"texture": "#4"},
				"south": {"rotation": 180,"uv": [6.25,11.5,6.75,11.75],"texture": "#4"}
			}
		},
		{
			"to": [
				9.94089,
				24.39822,
				8.9945
			],
			"rotation": {
				"origin": [1.79554,-4.31,7.65],
				"angle": 0,
				"axis": "y"
			},
			"from": [
				9.71964,
				24.15177,
				7.7555
			],
			"faces": {
				"east": {"uv": [11,7.5,11.5,8],"texture": "#4"},
				"north": {"rotation": 180,"uv": [5.5,11,6,11.25],"texture": "#4"},
				"south": {"rotation": 180,"uv": [5.5,11,6,11.25],"texture": "#4"}
			}
		},
		{
			"to": [
				10.07364,
				24.85025,
				8.48942
			],
			"rotation": {
				"origin": [1.79554,-4.31,7.65],
				"angle": 0,
				"axis": "y"
			},
			"from": [
				9.94089,
				23.69975,
				8.26058
			],
			"faces": {
				"down": {"rotation": 180,"uv": [7.75,8,8.25,8.25],"texture": "#4"},
				"east": {"uv": [11,7.5,11.5,8],"texture": "#4"},
				"up": {"uv": [3.25,4,3.75,4.25],"texture": "#4"}
			}
		},
		{
			"to": [
				10.07364,
				23.32231,
				-0.64206
			],
			"rotation": {
				"origin": [3.65151,0.5575,7.65],
				"angle": 22.5,
				"axis": "x"
			},
			"from": [
				9.94088,
				22.17181,
				-0.8709
			],
			"faces": {
				"down": {"uv": [4.25,8,4.75,8.25],"texture": "#4"},
				"east": {"uv": [11,7.5,11.5,8],"texture": "#4"},
				"up": {"uv": [11.25,3.25,11.75,3.5],"texture": "#4"}
			}
		},
		{
			"to": [
				10.07364,
				22.76742,
				17.51053
			],
			"rotation": {
				"origin": [3.65151,0.5575,7.65],
				"angle": -22.5,
				"axis": "x"
			},
			"from": [
				9.94088,
				21.61692,
				17.28169
			],
			"faces": {
				"down": {"rotation": 180,"uv": [4.25,8,4.75,8.25],"texture": "#4"},
				"east": {"uv": [11,7.5,11.5,8],"texture": "#4"},
				"up": {"uv": [11,3,11.5,3.25],"texture": "#4"}
			}
		},
		{
			"to": [
				10.07364,
				18.41621,
				-8.49373
			],
			"rotation": {
				"origin": [3.65151,0.5575,7.65],
				"angle": 45,
				"axis": "x"
			},
			"from": [
				9.94089,
				17.26571,
				-8.72257
			],
			"faces": {
				"down": {"rotation": 180,"uv": [2.75,9.25,3.25,9.75],"texture": "#4"},
				"east": {"uv": [11,7.5,11.5,8],"texture": "#4"},
				"up": {"uv": [6.5,4.75,7,5],"texture": "#4"}
			}
		},
		{
			"to": [
				10.07364,
				17.3909,
				25.04788
			],
			"rotation": {
				"origin": [3.65151,0.5575,7.65],
				"angle": -45,
				"axis": "x"
			},
			"from": [
				9.94089,
				16.2404,
				24.81903
			],
			"faces": {
				"down": {"rotation": 180,"uv": [2.75,9.25,3.25,9.5],"texture": "#4"},
				"east": {"uv": [11,7.5,11.5,8],"texture": "#4"},
				"up": {"rotation": 180,"uv": [8,4.75,8.5,5],"texture": "#4"}
			}
		},
		{
			"to": [
				10.07364,
				22.30659,
				17.97136
			],
			"rotation": {
				"origin": [3.65151,0.5575,7.65],
				"angle": -22.5,
				"axis": "x"
			},
			"from": [
				9.94088,
				22.07775,
				16.82086
			],
			"faces": {
				"east": {"rotation": 270,"uv": [11,7.5,11.5,8],"texture": "#4"},
				"north": {"rotation": 180,"uv": [2.5,10,3,10.5],"texture": "#4"},
				"south": {"rotation": 180,"uv": [7.5,11.5,8,11.75],"texture": "#4"}
			}
		},
		{
			"to": [
				10.07364,
				22.86148,
				-0.18123
			],
			"rotation": {
				"origin": [3.65151,0.5575,7.65],
				"angle": 22.5,
				"axis": "x"
			},
			"from": [
				9.94088,
				22.63264,
				-1.33173
			],
			"faces": {
				"east": {"rotation": 90,"uv": [11,7.5,11.5,8],"texture": "#4"},
				"north": {"rotation": 180,"uv": [7,11.5,7.5,11.75],"texture": "#4"},
				"south": {"rotation": 180,"uv": [1.25,9.75,1.75,10],"texture": "#4"}
			}
		},
		{
			"to": [
				10.07364,
				24.38942,
				8.95025
			],
			"rotation": {
				"origin": [1.79554,-4.31,7.65],
				"angle": 0,
				"axis": "y"
			},
			"from": [
				9.94089,
				24.16058,
				7.79975
			],
			"faces": {
				"east": {"uv": [11,7.5,11.5,8],"texture": "#4"},
				"north": {"rotation": 180,"uv": [5.5,11,6,11.25],"texture": "#4"},
				"south": {"rotation": 180,"uv": [5.5,11,6,11.25],"texture": "#4"}
			}
		},
		{
			"to": [
				0.90842,
				25.44979,
				8.552
			],
			"rotation": {
				"origin": [3.67364,1.0885,7.57862],
				"angle": -22.5,
				"axis": "z"
			},
			"from": [
				0.51017,
				25.00729,
				8.198
			],
			"faces": {
				"east": {"uv": [7.5,2,8,2.5],"texture": "#4"},
				"north": {"uv": [6,4.5,6.5,5],"texture": "#4"},
				"up": {"uv": [4,4,4.5,4.5],"texture": "#4"},
				"south": {"uv": [5.75,4.5,6.25,5],"texture": "#4"}
			}
		},
		{
			"to": [
				19.06101,
				19.93195,
				8.552
			],
			"rotation": {
				"origin": [3.67364,0.0265,7.57862],
				"angle": 22.5,
				"axis": "z"
			},
			"from": [
				18.66276,
				19.48945,
				8.198
			],
			"faces": {
				"down": {"rotation": 180,"uv": [15,8,15.5,8.5],"texture": "#4"},
				"east": {"uv": [7.5,2,8,2.5],"texture": "#4"},
				"north": {"rotation": 180,"uv": [5,8,5.5,8.5],"texture": "#4"},
				"south": {"rotation": 180,"uv": [5,8,5.5,8.5],"texture": "#4"}
			}
		},
		{
			"to": [
				9.70727,
				24.452,
				11.29998
			],
			"rotation": {
				"origin": [3.67364,0.5575,8.181],
				"angle": 22.5,
				"axis": "y"
			},
			"from": [
				9.30902,
				24.098,
				10.81323
			],
			"faces": {
				"down": {"rotation": 180,"uv": [9,10.25,9.5,10.75],"texture": "#4"},
				"east": {"uv": [7.5,2,8,2.5],"texture": "#4"},
				"up": {"uv": [6.5,4.75,7,5.25],"texture": "#4"},
				"south": {"rotation": 180,"uv": [4.75,11.25,5.25,11.75],"texture": "#4"}
			}
		},
		{
			"to": [
				10.26216,
				24.452,
				5.82639
			],
			"rotation": {
				"origin": [3.67364,0.5575,7.119],
				"angle": -22.5,
				"axis": "y"
			},
			"from": [
				9.86391,
				24.098,
				5.33964
			],
			"faces": {
				"down": {"rotation": 180,"uv": [9,10.25,9.5,10.75],"texture": "#4"},
				"east": {"uv": [7.5,2,8,2.5],"texture": "#4"},
				"north": {"rotation": 180,"uv": [4.75,11.25,5.25,11.75],"texture": "#4"},
				"up": {"rotation": 180,"uv": [6.5,4.75,7,5.25],"texture": "#4"}
			}
		},
		{
			"to": [
				5.80594,
				23.52144,
				-0.60245
			],
			"rotation": {
				"origin": [0.13359,0.5575,7.65],
				"angle": 22.5,
				"axis": "x"
			},
			"from": [
				5.6731,
				21.97269,
				-0.91052
			],
			"faces": {
				"down": {"rotation": 180,"uv": [6.25,8,6.75,8.25],"texture": "#3"},
				"west": {"uv": [7.25,4,7.75,6],"texture": "#3"},
				"east": {"uv": [12.5,7.5,13,8],"texture": "#3"},
				"up": {"uv": [3.5,4.25,4,4.75],"texture": "#3"}
			}
		},
		{
			"to": [
				5.80594,
				22.96655,
				17.55014
			],
			"rotation": {
				"origin": [0.13359,0.5575,7.65],
				"angle": -22.5,
				"axis": "x"
			},
			"from": [
				5.6731,
				21.4178,
				17.24207
			],
			"faces": {
				"down": {"rotation": 180,"uv": [6.25,8,6.75,8.25],"texture": "#3"},
				"west": {"uv": [7.25,4,7.75,6],"texture": "#3"},
				"east": {"uv": [12.5,7.5,13,8],"texture": "#3"},
				"up": {"rotation": 180,"uv": [3.5,4.25,4,4.75],"texture": "#3"}
			}
		},
		{
			"to": [
				5.80585,
				18.61533,
				-8.45412
			],
			"rotation": {
				"origin": [0.13359,0.5575,7.65],
				"angle": 45,
				"axis": "x"
			},
			"from": [
				5.67301,
				17.06658,
				-8.76219
			],
			"faces": {
				"down": {"rotation": 180,"uv": [6.25,8,6.75,8.25],"texture": "#3"},
				"west": {"uv": [10.75,4.5,11.25,6.5],"texture": "#3"},
				"east": {"uv": [12.5,7.5,13,8],"texture": "#3"},
				"up": {"uv": [3.75,4.75,4.25,5.25],"texture": "#3"}
			}
		},
		{
			"to": [
				5.80585,
				17.59003,
				25.08749
			],
			"rotation": {
				"origin": [0.13359,0.5575,7.65],
				"angle": -45,
				"axis": "x"
			},
			"from": [
				5.67301,
				16.04128,
				24.77942
			],
			"faces": {
				"down": {"rotation": 180,"uv": [6.25,8,6.75,8.25],"texture": "#3"},
				"west": {"uv": [6.75,4.5,7.25,6.5],"texture": "#3"},
				"east": {"uv": [12.5,7.5,13,8],"texture": "#3"},
				"up": {"rotation": 180,"uv": [7.75,4.75,8.25,5.25],"texture": "#3"}
			}
		},
		{
			"to": [
				5.80594,
				22.34621,
				18.17048
			],
			"rotation": {
				"origin": [0.13359,0.5575,7.65],
				"angle": -22.5,
				"axis": "x"
			},
			"from": [
				5.6731,
				22.03814,
				16.62173
			],
			"faces": {
				"west": {"rotation": 90,"uv": [0.5,4.75,1,6.75],"texture": "#3"},
				"east": {"rotation": 270,"uv": [12.5,7.5,13,8],"texture": "#3"},
				"north": {"rotation": 180,"uv": [6.75,8,7.25,8.5],"texture": "#3"},
				"south": {"uv": [5.25,5.5,5.75,6],"texture": "#3"}
			}
		},
		{
			"to": [
				5.80594,
				22.9011,
				0.01789
			],
			"rotation": {
				"origin": [0.13359,0.5575,7.65],
				"angle": 22.5,
				"axis": "x"
			},
			"from": [
				5.6731,
				22.59303,
				-1.53086
			],
			"faces": {
				"west": {"rotation": 270,"uv": [0.75,4.75,1.25,6.75],"texture": "#3"},
				"east": {"rotation": 90,"uv": [12.5,7.5,13,8],"texture": "#3"},
				"north": {"uv": [6.75,5.5,7.25,6],"texture": "#3"},
				"south": {"rotation": 180,"uv": [6,8,6.5,8.5],"texture": "#3"}
			}
		},
		{
			"to": [
				5.80585,
				24.42903,
				9.14937
			],
			"rotation": {
				"origin": [2.32654,-4.31,7.65],
				"angle": 0,
				"axis": "y"
			},
			"from": [
				5.67301,
				24.12096,
				7.60062
			],
			"faces": {
				"west": {"rotation": 90,"uv": [7.25,9.5,7.75,11.5],"texture": "#3"},
				"east": {"uv": [12.5,7.5,13,8],"texture": "#3"},
				"north": {"rotation": 180,"uv": [4.25,8.25,4.75,8.75],"texture": "#3"},
				"south": {"rotation": 180,"uv": [6.25,8.25,6.75,8.75],"texture": "#3"}
			}
		},
		{
			"to": [
				5.7385,
				22.54617,
				17.46652
			],
			"rotation": {
				"origin": [0.04513,0.5575,7.65],
				"angle": -22.5,
				"axis": "x"
			},
			"from": [
				5.65,
				21.83817,
				17.3257
			],
			"faces": {
				"down": {"rotation": 180,"uv": [9,8,9.25,8.5],"texture": "#3"},
				"west": {"uv": [5.25,4.5,5.75,5.25],"texture": "#3"},
				"up": {"rotation": 180,"uv": [7.25,4.25,7.5,4.75],"texture": "#3"}
			}
		},
		{
			"to": [
				5.7385,
				23.10106,
				-0.68606
			],
			"rotation": {
				"origin": [0.04513,0.5575,7.65],
				"angle": 22.5,
				"axis": "x"
			},
			"from": [
				5.65,
				22.39306,
				-0.82689
			],
			"faces": {
				"down": {"uv": [9,8,9.25,8.5],"texture": "#3"},
				"west": {"uv": [5.25,4.5,5.75,5.25],"texture": "#3"},
				"up": {"uv": [3.25,4,3.5,4.5],"texture": "#3"}
			}
		},
		{
			"to": [
				5.73859,
				17.16965,
				25.00388
			],
			"rotation": {
				"origin": [0.04513,0.5575,7.65],
				"angle": -45,
				"axis": "x"
			},
			"from": [
				5.65009,
				16.46165,
				24.86305
			],
			"faces": {
				"down": {"uv": [6,5.5,6.25,6],"texture": "#3"},
				"west": {"uv": [6.25,4.5,6.75,5.25],"texture": "#3"},
				"up": {"rotation": 180,"uv": [7.25,4.25,7.5,4.75],"texture": "#3"}
			}
		},
		{
			"to": [
				5.73859,
				18.19496,
				-8.53773
			],
			"rotation": {
				"origin": [0.04513,0.5575,7.65],
				"angle": 45,
				"axis": "x"
			},
			"from": [
				5.65009,
				17.48696,
				-8.67856
			],
			"faces": {
				"down": {"uv": [6,5.5,6.25,6],"texture": "#3"},
				"west": {"uv": [6.25,4.5,6.75,5.25],"texture": "#3"},
				"up": {"uv": [3.75,4,4,4.5],"texture": "#3"}
			}
		},
		{
			"to": [
				5.7385,
				22.81748,
				-0.40248
			],
			"rotation": {
				"origin": [0.04513,0.5575,7.65],
				"angle": 22.5,
				"axis": "x"
			},
			"from": [
				5.65,
				22.67665,
				-1.11048
			],
			"faces": {
				"west": {"rotation": 270,"uv": [9.25,4.5,9.75,5.25],"texture": "#3"},
				"north": {"uv": [7.25,4.25,7.5,4.75],"texture": "#3"},
				"south": {"uv": [6.25,5,6.5,5.5],"texture": "#3"}
			}
		},
		{
			"to": [
				5.7385,
				22.26259,
				17.75011
			],
			"rotation": {
				"origin": [0.04513,0.5575,7.65],
				"angle": -22.5,
				"axis": "x"
			},
			"from": [
				5.65,
				22.12176,
				17.04211
			],
			"faces": {
				"west": {"rotation": 90,"uv": [9,4.5,9.5,5.25],"texture": "#3"},
				"north": {"uv": [6.25,5,6.5,5.5],"texture": "#3"},
				"south": {"uv": [7.25,4.25,7.5,4.75],"texture": "#3"}
			}
		},
		{
			"to": [
				5.73859,
				24.34542,
				8.729
			],
			"rotation": {
				"origin": [2.32654,-4.31,7.65],
				"angle": 0,
				"axis": "y"
			},
			"from": [
				5.65009,
				24.20459,
				8.021
			],
			"faces": {
				"west": {"uv": [6.25,4.5,6.75,5],"texture": "#3"},
				"north": {"uv": [6.25,4.5,6.5,5],"texture": "#3"},
				"south": {"uv": [6.25,4.5,6.5,5],"texture": "#3"}
			}
		},
		{
			"to": [
				6.31464,
				24.96087,
				8.51143
			],
			"rotation": {
				"origin": [0.39914,8.08,7.65],
				"angle": 0,
				"axis": "y"
			},
			"from": [
				5.78364,
				23.58912,
				8.23857
			],
			"faces": {
				"down": {"uv": [5.75,8,6.25,8.25],"texture": "#3"},
				"up": {"rotation": 180,"uv": [8.5,4,9,4.5],"texture": "#3"}
			}
		},
		{
			"to": [
				6.31464,
				23.43294,
				-0.62005
			],
			"rotation": {
				"origin": [0.39914,0.5575,7.65],
				"angle": 22.5,
				"axis": "x"
			},
			"from": [
				5.78364,
				22.06119,
				-0.89291
			],
			"faces": {
				"down": {"uv": [5.75,8,6.25,8.25],"texture": "#3"},
				"up": {"rotation": 180,"uv": [11,2.5,11.5,3],"texture": "#3"}
			}
		},
		{
			"to": [
				6.31464,
				22.87805,
				17.53254
			],
			"rotation": {
				"origin": [0.39914,0.5575,7.65],
				"angle": -22.5,
				"axis": "x"
			},
			"from": [
				5.78364,
				21.5063,
				17.25967
			],
			"faces": {
				"down": {"uv": [5.75,8,6.25,8.25],"texture": "#3"},
				"up": {"rotation": 180,"uv": [8.5,4,9,4.5],"texture": "#3"}
			}
		},
		{
			"to": [
				6.31464,
				18.52683,
				-8.47172
			],
			"rotation": {
				"origin": [0.39914,0.5575,7.65],
				"angle": 45,
				"axis": "x"
			},
			"from": [
				5.78364,
				17.15508,
				-8.74459
			],
			"faces": {
				"down": {"uv": [5.75,8,6.25,8.25],"texture": "#3"},
				"up": {"uv": [3.25,4.25,3.75,4.75],"texture": "#3"}
			}
		},
		{
			"to": [
				6.31464,
				17.50153,
				25.06989
			],
			"rotation": {
				"origin": [0.39914,0.5575,7.65],
				"angle": -45,
				"axis": "x"
			},
			"from": [
				5.78364,
				16.12978,
				24.79703
			],
			"faces": {
				"down": {"uv": [5.75,8,6.25,8.25],"texture": "#3"},
				"up": {"rotation": 180,"uv": [3.25,4.25,3.75,4.75],"texture": "#3"}
			}
		},
		{
			"to": [
				6.31464,
				22.3286,
				18.08198
			],
			"rotation": {
				"origin": [0.39914,0.5575,7.65],
				"angle": -22.5,
				"axis": "x"
			},
			"from": [
				5.78364,
				22.05574,
				16.71023
			],
			"faces": {
				"north": {"rotation": 180,"uv": [3,8,3.5,8.5],"texture": "#3"},
				"south": {"uv": [3.25,4.75,3.75,5.25],"texture": "#3"}
			}
		},
		{
			"to": [
				6.31464,
				22.88349,
				-0.07061
			],
			"rotation": {
				"origin": [0.39914,0.5575,7.65],
				"angle": 22.5,
				"axis": "x"
			},
			"from": [
				5.78364,
				22.61063,
				-1.44236
			],
			"faces": {
				"north": {"uv": [3.25,4.75,3.75,5.25],"texture": "#3"},
				"south": {"rotation": 180,"uv": [3,8,3.5,8.5],"texture": "#3"}
			}
		},
		{
			"to": [
				6.31464,
				24.41143,
				9.06087
			],
			"rotation": {
				"origin": [2.32654,-4.31,7.65],
				"angle": 0,
				"axis": "y"
			},
			"from": [
				5.78364,
				24.13857,
				7.68912
			],
			"faces": {
				"north": {"uv": [3.25,5.25,3.75,5.75],"texture": "#3"},
				"south": {"uv": [3.25,5.25,3.75,5.75],"texture": "#3"}
			}
		},
		{
			"to": [
				10.35,
				23.202,
				7.975
			],
			"rotation": {
				"origin": [3.45,15.5,8.1],
				"angle": 0,
				"axis": "z"
			},
			"from": [
				8.95,
				22,
				6.775
			],
			"faces": {
				"up": {"uv": [8,5.25,9.25,4],"texture": "#4"}
			}
		},
		{
			"to": [
				10.35,
				23.202,
				9.225
			],
			"rotation": {
				"origin": [3.45,15.5,9.6],
				"angle": 0,
				"axis": "z"
			},
			"from": [
				8.95,
				22,
				8.025
			],
			"faces": {
				"up": {"rotation": 180,"uv": [8,5.25,9.25,4],"texture": "#4"}
			}
		},
		{
			"to": [
				8.95,
				23.202,
				7.975
			],
			"rotation": {
				"origin": [3.45,15.5,8.1],
				"angle": 0,
				"axis": "z"
			},
			"from": [
				5.95,
				22,
				6.775
			],
			"faces": {
				"up": {"uv": [1.5,5.25,5.5,4],"texture": "#3"}
			}
		},
		{
			"to": [
				10.65,
				23.201,
				9.3
			],
			"rotation": {
				"origin": [6.95,15.5,9.6],
				"angle": 0,
				"axis": "z"
			},
			"from": [
				5.45,
				22,
				6.7
			],
			"faces": {
				"up": {"uv": [6.75,10,7.25,9.5],"texture": "#2"}
			}
		},
		{
			"to": [
				8.95,
				23.202,
				9.225
			],
			"rotation": {
				"origin": [3.45,15.5,9.6],
				"angle": 0,
				"axis": "z"
			},
			"from": [
				5.95,
				22,
				8.025
			],
			"faces": {
				"up": {"rotation": 180,"uv": [1.5,5.25,5.5,4],"texture": "#3"}
			}
		}
	],
	"display": {
		"thirdperson_righthand": {
			"rotation": [
				25,
				111,
				-23
			],
			"scale": [
				0.2,
				0.2,
				0.2
			],
			"translation": [
				-0.5,
				-2,
				0
			]
		},
		"head": {
			"scale": [
				0.5,
				0.5,
				0.5
			]
		},
		"thirdperson_lefthand": {
			"rotation": [
				69,
				-71,
				65
			],
			"scale": [
				0.2,
				0.2,
				0.2
			],
			"translation": [
				-0.25,
				-2.5,
				0
			]
		},
		"gui": {
			"rotation": [
				0,
				180,
				33
			],
			"scale": [
				0.6,
				0.6,
				0.6
			],
			"translation": [
				-0.75,
				-0.75,
				0
			]
		},
		"firstperson_lefthand": {
			"rotation": [
				-40,
				-110,
				-27
			],
			"scale": [
				0.4,
				0.4,
				0.4
			],
			"translation": [
				4.25,
				-3,
				0
			]
		},
		"firstperson_righthand": {
			"rotation": [
				-87,
				65,
				68
			],
			"scale": [
				0.4,
				0.4,
				0.4
			],
			"translation": [
				5.5,
				-3,
				0
			]
		},
		"fixed": {
			"rotation": [
				0,
				180,
				0
			],
			"scale": [
				0.4,
				0.4,
				0.4
			],
			"translation": [
				0,
				-0.5,
				-2
			]
		},
		"ground": {
			"translation": [
				0,
				3.5,
				0
			],
			"scale": [
				0.2,
				0.2,
				0.2
			]
		}
	},
	"credit": "thebradqq's guns"
}
