{
	"pools": [
		{
			"rolls": 1,
			"entries": [
				{
					"type": "minecraft:item",
					"name": "minecraft:command_block",
					"functions": [
						{
							"function": "minecraft:set_components",
							"components": {
								"minecraft:custom_data": {
									"mgs": {
										"casing": true,
										"12ga275in": true
									},
									"smithed": {
										"ignore": {"functionality": true,"crafting": true}
									}
								},
								"minecraft:item_name": {
									"translate": "mgs.12ga275in",
									"color": "white"
								},
								"minecraft:item_model": "mgs:12ga275in",
								"minecraft:lore": [
									[
										"",
										{"text": "I","color": "white","italic": false,"font": "mgs:icons"},
										{"translate": "mgs.mc_guns_system","italic": true,"color": "blue"}
									]
								]
							}
						}
					]
				}
			]
		}
	]
}
