{
	"pools": [
		{
			"rolls": 1,
			"entries": [
				{
					"type": "minecraft:item",
					"name": "minecraft:command_block",
					"functions": [
						{
							"function": "minecraft:set_components",
							"components": {
								"minecraft:max_stack_size": 1,
								"minecraft:custom_data": {
									"mgs": {
										"magazine": true,
										"weapon": "glock17",
										"stats": {"remaining_bullets": 0,"capacity": 17},
										"glock17_mag_empty": true
									},
									"smithed": {
										"ignore": {"functionality": true,"crafting": true}
									}
								},
								"minecraft:lore": [
									[
										{"text": "A","color": "#c24a17","italic": false},
										{"text": "m","color": "#c24d18"},
										{"text": "m","color": "#c2501a"},
										{"text": "o","color": "#c2531c"},
										{"text": " ","color": "#c3571e"},
										{"text": "R","color": "#c35a20"},
										{"text": "e","color": "#c35d22"},
										{"text": "m","color": "#c46024"},
										{"text": "a","color": "#c46426"},
										{"text": "i","color": "#c46728"},
										{"text": "n","color": "#c56a2a"},
										{"text": "i","color": "#c56d2c"},
										{"text": "n","color": "#c5712e"},
										{"text": "g","color": "#c67430"},
										{"text": " ","color": "#c67732"},
										{"text": "➤","color": "#c67a34"},
										{"text": " ","color": "#c77e36"},
										"0",
										{"text": "/","color": "#c77e36"},
										"17"
									],
									[
										"",
										{"text": "I","color": "white","italic": false,"font": "mgs:icons"},
										{"translate": "mgs.mc_guns_system","italic": true,"color": "blue"}
									]
								],
								"minecraft:item_model": "mgs:glock17_mag_empty",
								"minecraft:item_name": {
									"translate": "mgs.glock17_mag_empty"
								}
							}
						}
					]
				}
			]
		}
	]
}
