{
	"ak47/fire": {
		"subtitle": "fire",
		"sounds": ["stoupgun:ak47/fire"]
	},
	"ak47/playerbegin": {
		"subtitle": "playerbegin",
		"sounds": ["stoupgun:ak47/playerbegin"]
	},
	"ak47/playerend": {
		"subtitle": "playerend",
		"sounds": ["stoupgun:ak47/playerend"]
	},
	"ak47/reload": {
		"subtitle": "reload",
		"sounds": ["stoupgun:ak47/reload"]
	},
	"common/cloth_bullet_impact": {
		"subtitle": "cloth_bullet_impact",
		"sounds": ["stoupgun:common/cloth_bullet_impact_01","stoupgun:common/cloth_bullet_impact_02","stoupgun:common/cloth_bullet_impact_03","stoupgun:common/cloth_bullet_impact_04"]
	},
	"common/dirt_bullet_impact": {
		"subtitle": "dirt_bullet_impact",
		"sounds": ["stoupgun:common/dirt_bullet_impact_01","stoupgun:common/dirt_bullet_impact_02","stoupgun:common/dirt_bullet_impact_03"]
	},
	"common/empty": {
		"subtitle": "empty",
		"sounds": ["stoupgun:common/empty"]
	},
	"common/explode_far": {
		"subtitle": "explode_far",
		"sounds": ["stoupgun:common/explode_far0","stoupgun:common/explode_far1","stoupgun:common/explode_far2","stoupgun:common/explode_far3"]
	},
	"common/fireselect": {
		"subtitle": "fireselect",
		"sounds": ["stoupgun:common/fireselect"]
	},
	"common/flyby": {
		"subtitle": "flyby",
		"sounds": ["stoupgun:common/flyby01","stoupgun:common/flyby02","stoupgun:common/flyby03","stoupgun:common/flyby04","stoupgun:common/flyby05"]
	},
	"common/large_crack_0_mono": {
		"subtitle": "large_crack_0_mono",
		"sounds": ["stoupgun:common/large_crack_0_mono"]
	},
	"common/large_crack_0_stereo": {
		"subtitle": "large_crack_0_stereo",
		"sounds": ["stoupgun:common/large_crack_0_stereo"]
	},
	"common/large_crack_1_mono": {
		"subtitle": "large_crack_1_mono",
		"sounds": ["stoupgun:common/large_crack_1_mono"]
	},
	"common/large_crack_1_stereo": {
		"subtitle": "large_crack_1_stereo",
		"sounds": ["stoupgun:common/large_crack_1_stereo"]
	},
	"common/large_crack_2_mono": {
		"subtitle": "large_crack_2_mono",
		"sounds": ["stoupgun:common/large_crack_2_mono"]
	},
	"common/large_crack_2_stereo": {
		"subtitle": "large_crack_2_stereo",
		"sounds": ["stoupgun:common/large_crack_2_stereo"]
	},
	"common/large_crack_3_mono": {
		"subtitle": "large_crack_3_mono",
		"sounds": ["stoupgun:common/large_crack_3_mono"]
	},
	"common/large_crack_3_stereo": {
		"subtitle": "large_crack_3_stereo",
		"sounds": ["stoupgun:common/large_crack_3_stereo"]
	},
	"common/large_crack_4_mono": {
		"subtitle": "large_crack_4_mono",
		"sounds": ["stoupgun:common/large_crack_4_mono"]
	},
	"common/large_crack_4_stereo": {
		"subtitle": "large_crack_4_stereo",
		"sounds": ["stoupgun:common/large_crack_4_stereo"]
	},
	"common/large_crack_w_mono": {
		"subtitle": "large_crack_w_mono",
		"sounds": ["stoupgun:common/large_crack_w_mono"]
	},
	"common/large_crack_w_stereo": {
		"subtitle": "large_crack_w_stereo",
		"sounds": ["stoupgun:common/large_crack_w_stereo"]
	},
	"common/lean_in": {
		"subtitle": "lean_in",
		"sounds": ["stoupgun:common/lean_in1","stoupgun:common/lean_in2","stoupgun:common/lean_in3","stoupgun:common/lean_in4"]
	},
	"common/lean_out": {
		"subtitle": "lean_out",
		"sounds": ["stoupgun:common/lean_out"]
	},
	"common/medlarge_crack_0_mono": {
		"subtitle": "medlarge_crack_0_mono",
		"sounds": ["stoupgun:common/medlarge_crack_0_mono"]
	},
	"common/medlarge_crack_0_stereo": {
		"subtitle": "medlarge_crack_0_stereo",
		"sounds": ["stoupgun:common/medlarge_crack_0_stereo"]
	},
	"common/medlarge_crack_1_mono": {
		"subtitle": "medlarge_crack_1_mono",
		"sounds": ["stoupgun:common/medlarge_crack_1_mono"]
	},
	"common/medlarge_crack_1_stereo": {
		"subtitle": "medlarge_crack_1_stereo",
		"sounds": ["stoupgun:common/medlarge_crack_1_stereo"]
	},
	"common/medlarge_crack_2_mono": {
		"subtitle": "medlarge_crack_2_mono",
		"sounds": ["stoupgun:common/medlarge_crack_2_mono"]
	},
	"common/medlarge_crack_2_stereo": {
		"subtitle": "medlarge_crack_2_stereo",
		"sounds": ["stoupgun:common/medlarge_crack_2_stereo"]
	},
	"common/medlarge_crack_3_mono": {
		"subtitle": "medlarge_crack_3_mono",
		"sounds": ["stoupgun:common/medlarge_crack_3_mono"]
	},
	"common/medlarge_crack_3_stereo": {
		"subtitle": "medlarge_crack_3_stereo",
		"sounds": ["stoupgun:common/medlarge_crack_3_stereo"]
	},
	"common/medlarge_crack_4_mono": {
		"subtitle": "medlarge_crack_4_mono",
		"sounds": ["stoupgun:common/medlarge_crack_4_mono"]
	},
	"common/medlarge_crack_4_stereo": {
		"subtitle": "medlarge_crack_4_stereo",
		"sounds": ["stoupgun:common/medlarge_crack_4_stereo"]
	},
	"common/medlarge_crack_w_mono": {
		"subtitle": "medlarge_crack_w_mono",
		"sounds": ["stoupgun:common/medlarge_crack_w_mono"]
	},
	"common/medlarge_crack_w_stereo": {
		"subtitle": "medlarge_crack_w_stereo",
		"sounds": ["stoupgun:common/medlarge_crack_w_stereo"]
	},
	"common/med_crack_0_mono": {
		"subtitle": "med_crack_0_mono",
		"sounds": ["stoupgun:common/med_crack_0_mono"]
	},
	"common/med_crack_0_stereo": {
		"subtitle": "med_crack_0_stereo",
		"sounds": ["stoupgun:common/med_crack_0_stereo"]
	},
	"common/med_crack_1_mono": {
		"subtitle": "med_crack_1_mono",
		"sounds": ["stoupgun:common/med_crack_1_mono"]
	},
	"common/med_crack_1_stereo": {
		"subtitle": "med_crack_1_stereo",
		"sounds": ["stoupgun:common/med_crack_1_stereo"]
	},
	"common/med_crack_2_mono": {
		"subtitle": "med_crack_2_mono",
		"sounds": ["stoupgun:common/med_crack_2_mono"]
	},
	"common/med_crack_2_stereo": {
		"subtitle": "med_crack_2_stereo",
		"sounds": ["stoupgun:common/med_crack_2_stereo"]
	},
	"common/med_crack_3_mono": {
		"subtitle": "med_crack_3_mono",
		"sounds": ["stoupgun:common/med_crack_3_mono"]
	},
	"common/med_crack_3_stereo": {
		"subtitle": "med_crack_3_stereo",
		"sounds": ["stoupgun:common/med_crack_3_stereo"]
	},
	"common/med_crack_4_mono": {
		"subtitle": "med_crack_4_mono",
		"sounds": ["stoupgun:common/med_crack_4_mono"]
	},
	"common/med_crack_4_stereo": {
		"subtitle": "med_crack_4_stereo",
		"sounds": ["stoupgun:common/med_crack_4_stereo"]
	},
	"common/med_crack_w_mono": {
		"subtitle": "med_crack_w_mono",
		"sounds": ["stoupgun:common/med_crack_w_mono"]
	},
	"common/med_crack_w_stereo": {
		"subtitle": "med_crack_w_stereo",
		"sounds": ["stoupgun:common/med_crack_w_stereo"]
	},
	"common/mud_bullet_impact": {
		"subtitle": "mud_bullet_impact",
		"sounds": ["stoupgun:common/mud_bullet_impact_01","stoupgun:common/mud_bullet_impact_02","stoupgun:common/mud_bullet_impact_03","stoupgun:common/mud_bullet_impact_04"]
	},
	"common/reload_generic": {
		"subtitle": "reload_generic",
		"sounds": ["stoupgun:common/reload_generic"]
	},
	"common/rocket_crack_mono": {
		"subtitle": "rocket_crack_mono",
		"sounds": ["stoupgun:common/rocket_crack_mono"]
	},
	"common/rocket_crack_stereo": {
		"subtitle": "rocket_crack_stereo",
		"sounds": ["stoupgun:common/rocket_crack_stereo"]
	},
	"common/rocket_flyby": {
		"subtitle": "rocket_flyby",
		"sounds": ["stoupgun:common/rocket_flyby01","stoupgun:common/rocket_flyby02"]
	},
	"common/silence": {
		"subtitle": "silence",
		"sounds": ["stoupgun:common/silence"]
	},
	"common/smallmed_crack_0_mono": {
		"subtitle": "smallmed_crack_0_mono",
		"sounds": ["stoupgun:common/smallmed_crack_0_mono"]
	},
	"common/smallmed_crack_0_stereo": {
		"subtitle": "smallmed_crack_0_stereo",
		"sounds": ["stoupgun:common/smallmed_crack_0_stereo"]
	},
	"common/smallmed_crack_1_mono": {
		"subtitle": "smallmed_crack_1_mono",
		"sounds": ["stoupgun:common/smallmed_crack_1_mono"]
	},
	"common/smallmed_crack_1_stereo": {
		"subtitle": "smallmed_crack_1_stereo",
		"sounds": ["stoupgun:common/smallmed_crack_1_stereo"]
	},
	"common/smallmed_crack_2_mono": {
		"subtitle": "smallmed_crack_2_mono",
		"sounds": ["stoupgun:common/smallmed_crack_2_mono"]
	},
	"common/smallmed_crack_2_stereo": {
		"subtitle": "smallmed_crack_2_stereo",
		"sounds": ["stoupgun:common/smallmed_crack_2_stereo"]
	},
	"common/smallmed_crack_3_mono": {
		"subtitle": "smallmed_crack_3_mono",
		"sounds": ["stoupgun:common/smallmed_crack_3_mono"]
	},
	"common/smallmed_crack_3_stereo": {
		"subtitle": "smallmed_crack_3_stereo",
		"sounds": ["stoupgun:common/smallmed_crack_3_stereo"]
	},
	"common/smallmed_crack_4_mono": {
		"subtitle": "smallmed_crack_4_mono",
		"sounds": ["stoupgun:common/smallmed_crack_4_mono"]
	},
	"common/smallmed_crack_4_stereo": {
		"subtitle": "smallmed_crack_4_stereo",
		"sounds": ["stoupgun:common/smallmed_crack_4_stereo"]
	},
	"common/smallmed_crack_w_mono": {
		"subtitle": "smallmed_crack_w_mono",
		"sounds": ["stoupgun:common/smallmed_crack_w_mono"]
	},
	"common/smallmed_crack_w_stereo": {
		"subtitle": "smallmed_crack_w_stereo",
		"sounds": ["stoupgun:common/smallmed_crack_w_stereo"]
	},
	"common/small_crack_0_mono": {
		"subtitle": "small_crack_0_mono",
		"sounds": ["stoupgun:common/small_crack_0_mono"]
	},
	"common/small_crack_0_stereo": {
		"subtitle": "small_crack_0_stereo",
		"sounds": ["stoupgun:common/small_crack_0_stereo"]
	},
	"common/small_crack_1_mono": {
		"subtitle": "small_crack_1_mono",
		"sounds": ["stoupgun:common/small_crack_1_mono"]
	},
	"common/small_crack_1_stereo": {
		"subtitle": "small_crack_1_stereo",
		"sounds": ["stoupgun:common/small_crack_1_stereo"]
	},
	"common/small_crack_2_mono": {
		"subtitle": "small_crack_2_mono",
		"sounds": ["stoupgun:common/small_crack_2_mono"]
	},
	"common/small_crack_2_stereo": {
		"subtitle": "small_crack_2_stereo",
		"sounds": ["stoupgun:common/small_crack_2_stereo"]
	},
	"common/small_crack_3_mono": {
		"subtitle": "small_crack_3_mono",
		"sounds": ["stoupgun:common/small_crack_3_mono"]
	},
	"common/small_crack_3_stereo": {
		"subtitle": "small_crack_3_stereo",
		"sounds": ["stoupgun:common/small_crack_3_stereo"]
	},
	"common/small_crack_4_mono": {
		"subtitle": "small_crack_4_mono",
		"sounds": ["stoupgun:common/small_crack_4_mono"]
	},
	"common/small_crack_4_stereo": {
		"subtitle": "small_crack_4_stereo",
		"sounds": ["stoupgun:common/small_crack_4_stereo"]
	},
	"common/small_crack_w_mono": {
		"subtitle": "small_crack_w_mono",
		"sounds": ["stoupgun:common/small_crack_w_mono"]
	},
	"common/small_crack_w_stereo": {
		"subtitle": "small_crack_w_stereo",
		"sounds": ["stoupgun:common/small_crack_w_stereo"]
	},
	"common/soft_bullet_impact": {
		"subtitle": "soft_bullet_impact",
		"sounds": ["stoupgun:common/soft_bullet_impact_01","stoupgun:common/soft_bullet_impact_02","stoupgun:common/soft_bullet_impact_03","stoupgun:common/soft_bullet_impact_04","stoupgun:common/soft_bullet_impact_05"]
	},
	"common/solid_bullet_impact": {
		"subtitle": "solid_bullet_impact",
		"sounds": ["stoupgun:common/solid_bullet_impact_01","stoupgun:common/solid_bullet_impact_02","stoupgun:common/solid_bullet_impact_03","stoupgun:common/solid_bullet_impact_04","stoupgun:common/solid_bullet_impact_05"]
	},
	"common/wood_bullet_impact": {
		"subtitle": "wood_bullet_impact",
		"sounds": ["stoupgun:common/wood_bullet_impact_01","stoupgun:common/wood_bullet_impact_02","stoupgun:common/wood_bullet_impact_03","stoupgun:common/wood_bullet_impact_04"]
	}
}
