{
	"pools": [
		{"rolls": 1,"entries": [{"type": "minecraft:loot_table","value": "mgs:i/9x18mm"}]},
		{"rolls": 1,"entries": [{"type": "minecraft:loot_table","value": "mgs:i/9x19mm"}]},
		{"rolls": 1,"entries": [{"type": "minecraft:loot_table","value": "mgs:i/12ga3in"}]},
		{"rolls": 1,"entries": [{"type": "minecraft:loot_table","value": "mgs:i/12ga275in"}]},
		{"rolls": 1,"entries": [{"type": "minecraft:loot_table","value": "mgs:i/32acp"}]},
		{"rolls": 1,"entries": [{"type": "minecraft:loot_table","value": "mgs:i/45acp"}]},
		{"rolls": 1,"entries": [{"type": "minecraft:loot_table","value": "mgs:i/46x30mm"}]},
		{"rolls": 1,"entries": [{"type": "minecraft:loot_table","value": "mgs:i/50ae"}]},
		{"rolls": 1,"entries": [{"type": "minecraft:loot_table","value": "mgs:i/50bmg"}]},
		{"rolls": 1,"entries": [{"type": "minecraft:loot_table","value": "mgs:i/338lapua"}]},
		{"rolls": 1,"entries": [{"type": "minecraft:loot_table","value": "mgs:i/556x45mm"}]},
		{"rolls": 1,"entries": [{"type": "minecraft:loot_table","value": "mgs:i/762x25mm"}]},
		{"rolls": 1,"entries": [{"type": "minecraft:loot_table","value": "mgs:i/762x39mm"}]},
		{"rolls": 1,"entries": [{"type": "minecraft:loot_table","value": "mgs:i/762x51mm"}]},
		{"rolls": 1,"entries": [{"type": "minecraft:loot_table","value": "mgs:i/762x54mm"}]},
		{"rolls": 1,"entries": [{"type": "minecraft:loot_table","value": "mgs:i/flash_1"}]},
		{"rolls": 1,"entries": [{"type": "minecraft:loot_table","value": "mgs:i/flash_2"}]},
		{"rolls": 1,"entries": [{"type": "minecraft:loot_table","value": "mgs:i/flash_3"}]},
		{"rolls": 1,"entries": [{"type": "minecraft:loot_table","value": "mgs:i/flash_4"}]},
		{"rolls": 1,"entries": [{"type": "minecraft:loot_table","value": "mgs:i/flash_5"}]},
		{"rolls": 1,"entries": [{"type": "minecraft:loot_table","value": "mgs:i/flash_6"}]},
		{"rolls": 1,"entries": [{"type": "minecraft:loot_table","value": "mgs:i/flash_7"}]},
		{"rolls": 1,"entries": [{"type": "minecraft:loot_table","value": "mgs:i/flash_8"}]},
		{"rolls": 1,"entries": [{"type": "minecraft:loot_table","value": "mgs:i/flash_9"}]},
		{"rolls": 1,"entries": [{"type": "minecraft:loot_table","value": "mgs:i/ak47_mag"}]},
		{"rolls": 1,"entries": [{"type": "minecraft:loot_table","value": "mgs:i/ak47_mag_empty"}]},
		{"rolls": 1,"entries": [{"type": "minecraft:loot_table","value": "mgs:i/aug_mag"}]},
		{"rolls": 1,"entries": [{"type": "minecraft:loot_table","value": "mgs:i/aug_mag_empty"}]},
		{"rolls": 1,"entries": [{"type": "minecraft:loot_table","value": "mgs:i/deagle_mag"}]},
		{"rolls": 1,"entries": [{"type": "minecraft:loot_table","value": "mgs:i/deagle_mag_empty"}]},
		{"rolls": 1,"entries": [{"type": "minecraft:loot_table","value": "mgs:i/famas_mag"}]},
		{"rolls": 1,"entries": [{"type": "minecraft:loot_table","value": "mgs:i/famas_mag_empty"}]},
		{"rolls": 1,"entries": [{"type": "minecraft:loot_table","value": "mgs:i/fnfal_mag"}]},
		{"rolls": 1,"entries": [{"type": "minecraft:loot_table","value": "mgs:i/fnfal_mag_empty"}]},
		{"rolls": 1,"entries": [{"type": "minecraft:loot_table","value": "mgs:i/g3a3_mag"}]},
		{"rolls": 1,"entries": [{"type": "minecraft:loot_table","value": "mgs:i/g3a3_mag_empty"}]},
		{"rolls": 1,"entries": [{"type": "minecraft:loot_table","value": "mgs:i/glock17_mag"}]},
		{"rolls": 1,"entries": [{"type": "minecraft:loot_table","value": "mgs:i/glock17_mag_empty"}]},
		{"rolls": 1,"entries": [{"type": "minecraft:loot_table","value": "mgs:i/glock18_mag"}]},
		{"rolls": 1,"entries": [{"type": "minecraft:loot_table","value": "mgs:i/glock18_mag_empty"}]},
		{"rolls": 1,"entries": [{"type": "minecraft:loot_table","value": "mgs:i/m16a4_mag"}]},
		{"rolls": 1,"entries": [{"type": "minecraft:loot_table","value": "mgs:i/m16a4_mag_empty"}]},
		{"rolls": 1,"entries": [{"type": "minecraft:loot_table","value": "mgs:i/m1911_mag"}]},
		{"rolls": 1,"entries": [{"type": "minecraft:loot_table","value": "mgs:i/m1911_mag_empty"}]},
		{"rolls": 1,"entries": [{"type": "minecraft:loot_table","value": "mgs:i/m249_mag"}]},
		{"rolls": 1,"entries": [{"type": "minecraft:loot_table","value": "mgs:i/m249_mag_empty"}]},
		{"rolls": 1,"entries": [{"type": "minecraft:loot_table","value": "mgs:i/m4a1_mag"}]},
		{"rolls": 1,"entries": [{"type": "minecraft:loot_table","value": "mgs:i/m4a1_mag_empty"}]},
		{"rolls": 1,"entries": [{"type": "minecraft:loot_table","value": "mgs:i/m82_mag"}]},
		{"rolls": 1,"entries": [{"type": "minecraft:loot_table","value": "mgs:i/m82_mag_empty"}]},
		{"rolls": 1,"entries": [{"type": "minecraft:loot_table","value": "mgs:i/m9_mag"}]},
		{"rolls": 1,"entries": [{"type": "minecraft:loot_table","value": "mgs:i/m9_mag_empty"}]},
		{"rolls": 1,"entries": [{"type": "minecraft:loot_table","value": "mgs:i/mac10_mag"}]},
		{"rolls": 1,"entries": [{"type": "minecraft:loot_table","value": "mgs:i/mac10_mag_empty"}]},
		{"rolls": 1,"entries": [{"type": "minecraft:loot_table","value": "mgs:i/makarov_mag"}]},
		{"rolls": 1,"entries": [{"type": "minecraft:loot_table","value": "mgs:i/makarov_mag_empty"}]},
		{"rolls": 1,"entries": [{"type": "minecraft:loot_table","value": "mgs:i/mp5_mag"}]},
		{"rolls": 1,"entries": [{"type": "minecraft:loot_table","value": "mgs:i/mp5_mag_empty"}]},
		{"rolls": 1,"entries": [{"type": "minecraft:loot_table","value": "mgs:i/mp7_mag"}]},
		{"rolls": 1,"entries": [{"type": "minecraft:loot_table","value": "mgs:i/mp7_mag_empty"}]},
		{"rolls": 1,"entries": [{"type": "minecraft:loot_table","value": "mgs:i/ppsh41_mag"}]},
		{"rolls": 1,"entries": [{"type": "minecraft:loot_table","value": "mgs:i/ppsh41_mag_empty"}]},
		{"rolls": 1,"entries": [{"type": "minecraft:loot_table","value": "mgs:i/rpk_mag"}]},
		{"rolls": 1,"entries": [{"type": "minecraft:loot_table","value": "mgs:i/rpk_mag_empty"}]},
		{"rolls": 1,"entries": [{"type": "minecraft:loot_table","value": "mgs:i/scar17_mag"}]},
		{"rolls": 1,"entries": [{"type": "minecraft:loot_table","value": "mgs:i/scar17_mag_empty"}]},
		{"rolls": 1,"entries": [{"type": "minecraft:loot_table","value": "mgs:i/sten_mag"}]},
		{"rolls": 1,"entries": [{"type": "minecraft:loot_table","value": "mgs:i/sten_mag_empty"}]},
		{"rolls": 1,"entries": [{"type": "minecraft:loot_table","value": "mgs:i/svd_mag"}]},
		{"rolls": 1,"entries": [{"type": "minecraft:loot_table","value": "mgs:i/svd_mag_empty"}]},
		{"rolls": 1,"entries": [{"type": "minecraft:loot_table","value": "mgs:i/vz61_mag"}]},
		{"rolls": 1,"entries": [{"type": "minecraft:loot_table","value": "mgs:i/vz61_mag_empty"}]},
		{"rolls": 1,"entries": [{"type": "minecraft:loot_table","value": "mgs:i/m16a4"}]},
		{"rolls": 1,"entries": [{"type": "minecraft:loot_table","value": "mgs:i/m16a4_1"}]},
		{"rolls": 1,"entries": [{"type": "minecraft:loot_table","value": "mgs:i/m16a4_2"}]},
		{"rolls": 1,"entries": [{"type": "minecraft:loot_table","value": "mgs:i/m16a4_3"}]},
		{"rolls": 1,"entries": [{"type": "minecraft:loot_table","value": "mgs:i/m16a4_4"}]},
		{"rolls": 1,"entries": [{"type": "minecraft:loot_table","value": "mgs:i/ak47"}]},
		{"rolls": 1,"entries": [{"type": "minecraft:loot_table","value": "mgs:i/ak47_1"}]},
		{"rolls": 1,"entries": [{"type": "minecraft:loot_table","value": "mgs:i/ak47_2"}]},
		{"rolls": 1,"entries": [{"type": "minecraft:loot_table","value": "mgs:i/ak47_3"}]},
		{"rolls": 1,"entries": [{"type": "minecraft:loot_table","value": "mgs:i/ak47_4"}]},
		{"rolls": 1,"entries": [{"type": "minecraft:loot_table","value": "mgs:i/fnfal"}]},
		{"rolls": 1,"entries": [{"type": "minecraft:loot_table","value": "mgs:i/fnfal_1"}]},
		{"rolls": 1,"entries": [{"type": "minecraft:loot_table","value": "mgs:i/fnfal_2"}]},
		{"rolls": 1,"entries": [{"type": "minecraft:loot_table","value": "mgs:i/fnfal_3"}]},
		{"rolls": 1,"entries": [{"type": "minecraft:loot_table","value": "mgs:i/fnfal_4"}]},
		{"rolls": 1,"entries": [{"type": "minecraft:loot_table","value": "mgs:i/aug"}]},
		{"rolls": 1,"entries": [{"type": "minecraft:loot_table","value": "mgs:i/aug_1"}]},
		{"rolls": 1,"entries": [{"type": "minecraft:loot_table","value": "mgs:i/aug_2"}]},
		{"rolls": 1,"entries": [{"type": "minecraft:loot_table","value": "mgs:i/aug_3"}]},
		{"rolls": 1,"entries": [{"type": "minecraft:loot_table","value": "mgs:i/aug_4"}]},
		{"rolls": 1,"entries": [{"type": "minecraft:loot_table","value": "mgs:i/m4a1"}]},
		{"rolls": 1,"entries": [{"type": "minecraft:loot_table","value": "mgs:i/m4a1_1"}]},
		{"rolls": 1,"entries": [{"type": "minecraft:loot_table","value": "mgs:i/m4a1_2"}]},
		{"rolls": 1,"entries": [{"type": "minecraft:loot_table","value": "mgs:i/m4a1_3"}]},
		{"rolls": 1,"entries": [{"type": "minecraft:loot_table","value": "mgs:i/m4a1_4"}]},
		{"rolls": 1,"entries": [{"type": "minecraft:loot_table","value": "mgs:i/g3a3"}]},
		{"rolls": 1,"entries": [{"type": "minecraft:loot_table","value": "mgs:i/g3a3_1"}]},
		{"rolls": 1,"entries": [{"type": "minecraft:loot_table","value": "mgs:i/g3a3_2"}]},
		{"rolls": 1,"entries": [{"type": "minecraft:loot_table","value": "mgs:i/g3a3_3"}]},
		{"rolls": 1,"entries": [{"type": "minecraft:loot_table","value": "mgs:i/g3a3_4"}]},
		{"rolls": 1,"entries": [{"type": "minecraft:loot_table","value": "mgs:i/famas"}]},
		{"rolls": 1,"entries": [{"type": "minecraft:loot_table","value": "mgs:i/famas_1"}]},
		{"rolls": 1,"entries": [{"type": "minecraft:loot_table","value": "mgs:i/famas_2"}]},
		{"rolls": 1,"entries": [{"type": "minecraft:loot_table","value": "mgs:i/famas_3"}]},
		{"rolls": 1,"entries": [{"type": "minecraft:loot_table","value": "mgs:i/famas_4"}]},
		{"rolls": 1,"entries": [{"type": "minecraft:loot_table","value": "mgs:i/scar17"}]},
		{"rolls": 1,"entries": [{"type": "minecraft:loot_table","value": "mgs:i/scar17_1"}]},
		{"rolls": 1,"entries": [{"type": "minecraft:loot_table","value": "mgs:i/scar17_2"}]},
		{"rolls": 1,"entries": [{"type": "minecraft:loot_table","value": "mgs:i/scar17_3"}]},
		{"rolls": 1,"entries": [{"type": "minecraft:loot_table","value": "mgs:i/scar17_4"}]},
		{"rolls": 1,"entries": [{"type": "minecraft:loot_table","value": "mgs:i/m1911"}]},
		{"rolls": 1,"entries": [{"type": "minecraft:loot_table","value": "mgs:i/m9"}]},
		{"rolls": 1,"entries": [{"type": "minecraft:loot_table","value": "mgs:i/deagle"}]},
		{"rolls": 1,"entries": [{"type": "minecraft:loot_table","value": "mgs:i/deagle_4"}]},
		{"rolls": 1,"entries": [{"type": "minecraft:loot_table","value": "mgs:i/makarov"}]},
		{"rolls": 1,"entries": [{"type": "minecraft:loot_table","value": "mgs:i/glock17"}]},
		{"rolls": 1,"entries": [{"type": "minecraft:loot_table","value": "mgs:i/glock18"}]},
		{"rolls": 1,"entries": [{"type": "minecraft:loot_table","value": "mgs:i/vz61"}]},
		{"rolls": 1,"entries": [{"type": "minecraft:loot_table","value": "mgs:i/mp5"}]},
		{"rolls": 1,"entries": [{"type": "minecraft:loot_table","value": "mgs:i/mp5_1"}]},
		{"rolls": 1,"entries": [{"type": "minecraft:loot_table","value": "mgs:i/mp5_2"}]},
		{"rolls": 1,"entries": [{"type": "minecraft:loot_table","value": "mgs:i/mp5_3"}]},
		{"rolls": 1,"entries": [{"type": "minecraft:loot_table","value": "mgs:i/mp5_4"}]},
		{"rolls": 1,"entries": [{"type": "minecraft:loot_table","value": "mgs:i/mac10"}]},
		{"rolls": 1,"entries": [{"type": "minecraft:loot_table","value": "mgs:i/mp7"}]},
		{"rolls": 1,"entries": [{"type": "minecraft:loot_table","value": "mgs:i/mp7_1"}]},
		{"rolls": 1,"entries": [{"type": "minecraft:loot_table","value": "mgs:i/mp7_2"}]},
		{"rolls": 1,"entries": [{"type": "minecraft:loot_table","value": "mgs:i/mp7_3"}]},
		{"rolls": 1,"entries": [{"type": "minecraft:loot_table","value": "mgs:i/mp7_4"}]},
		{"rolls": 1,"entries": [{"type": "minecraft:loot_table","value": "mgs:i/ppsh41"}]},
		{"rolls": 1,"entries": [{"type": "minecraft:loot_table","value": "mgs:i/sten"}]},
		{"rolls": 1,"entries": [{"type": "minecraft:loot_table","value": "mgs:i/spas12"}]},
		{"rolls": 1,"entries": [{"type": "minecraft:loot_table","value": "mgs:i/spas12_1"}]},
		{"rolls": 1,"entries": [{"type": "minecraft:loot_table","value": "mgs:i/spas12_2"}]},
		{"rolls": 1,"entries": [{"type": "minecraft:loot_table","value": "mgs:i/spas12_3"}]},
		{"rolls": 1,"entries": [{"type": "minecraft:loot_table","value": "mgs:i/m500"}]},
		{"rolls": 1,"entries": [{"type": "minecraft:loot_table","value": "mgs:i/m500_1"}]},
		{"rolls": 1,"entries": [{"type": "minecraft:loot_table","value": "mgs:i/m500_2"}]},
		{"rolls": 1,"entries": [{"type": "minecraft:loot_table","value": "mgs:i/m500_3"}]},
		{"rolls": 1,"entries": [{"type": "minecraft:loot_table","value": "mgs:i/m590"}]},
		{"rolls": 1,"entries": [{"type": "minecraft:loot_table","value": "mgs:i/m590_1"}]},
		{"rolls": 1,"entries": [{"type": "minecraft:loot_table","value": "mgs:i/m590_2"}]},
		{"rolls": 1,"entries": [{"type": "minecraft:loot_table","value": "mgs:i/m590_3"}]},
		{"rolls": 1,"entries": [{"type": "minecraft:loot_table","value": "mgs:i/svd"}]},
		{"rolls": 1,"entries": [{"type": "minecraft:loot_table","value": "mgs:i/svd_1"}]},
		{"rolls": 1,"entries": [{"type": "minecraft:loot_table","value": "mgs:i/svd_2"}]},
		{"rolls": 1,"entries": [{"type": "minecraft:loot_table","value": "mgs:i/svd_3"}]},
		{"rolls": 1,"entries": [{"type": "minecraft:loot_table","value": "mgs:i/svd_4"}]},
		{"rolls": 1,"entries": [{"type": "minecraft:loot_table","value": "mgs:i/m82"}]},
		{"rolls": 1,"entries": [{"type": "minecraft:loot_table","value": "mgs:i/m82_1"}]},
		{"rolls": 1,"entries": [{"type": "minecraft:loot_table","value": "mgs:i/m82_2"}]},
		{"rolls": 1,"entries": [{"type": "minecraft:loot_table","value": "mgs:i/m82_3"}]},
		{"rolls": 1,"entries": [{"type": "minecraft:loot_table","value": "mgs:i/m82_4"}]},
		{"rolls": 1,"entries": [{"type": "minecraft:loot_table","value": "mgs:i/mosin"}]},
		{"rolls": 1,"entries": [{"type": "minecraft:loot_table","value": "mgs:i/mosin_1"}]},
		{"rolls": 1,"entries": [{"type": "minecraft:loot_table","value": "mgs:i/m24"}]},
		{"rolls": 1,"entries": [{"type": "minecraft:loot_table","value": "mgs:i/m24_1"}]},
		{"rolls": 1,"entries": [{"type": "minecraft:loot_table","value": "mgs:i/m24_2"}]},
		{"rolls": 1,"entries": [{"type": "minecraft:loot_table","value": "mgs:i/m24_3"}]},
		{"rolls": 1,"entries": [{"type": "minecraft:loot_table","value": "mgs:i/m24_4"}]},
		{"rolls": 1,"entries": [{"type": "minecraft:loot_table","value": "mgs:i/rpg7"}]},
		{"rolls": 1,"entries": [{"type": "minecraft:loot_table","value": "mgs:i/rpg7_empty"}]},
		{"rolls": 1,"entries": [{"type": "minecraft:loot_table","value": "mgs:i/rpk"}]},
		{"rolls": 1,"entries": [{"type": "minecraft:loot_table","value": "mgs:i/rpk_1"}]},
		{"rolls": 1,"entries": [{"type": "minecraft:loot_table","value": "mgs:i/rpk_2"}]},
		{"rolls": 1,"entries": [{"type": "minecraft:loot_table","value": "mgs:i/rpk_3"}]},
		{"rolls": 1,"entries": [{"type": "minecraft:loot_table","value": "mgs:i/rpk_4"}]},
		{"rolls": 1,"entries": [{"type": "minecraft:loot_table","value": "mgs:i/m249"}]},
		{"rolls": 1,"entries": [{"type": "minecraft:loot_table","value": "mgs:i/m249_1"}]},
		{"rolls": 1,"entries": [{"type": "minecraft:loot_table","value": "mgs:i/m249_2"}]},
		{"rolls": 1,"entries": [{"type": "minecraft:loot_table","value": "mgs:i/m249_3"}]},
		{"rolls": 1,"entries": [{"type": "minecraft:loot_table","value": "mgs:i/m16a4_zoom"}]},
		{"rolls": 1,"entries": [{"type": "minecraft:loot_table","value": "mgs:i/m16a4_1_zoom"}]},
		{"rolls": 1,"entries": [{"type": "minecraft:loot_table","value": "mgs:i/m16a4_2_zoom"}]},
		{"rolls": 1,"entries": [{"type": "minecraft:loot_table","value": "mgs:i/m16a4_3_zoom"}]},
		{"rolls": 1,"entries": [{"type": "minecraft:loot_table","value": "mgs:i/m16a4_4_zoom"}]},
		{"rolls": 1,"entries": [{"type": "minecraft:loot_table","value": "mgs:i/ak47_zoom"}]},
		{"rolls": 1,"entries": [{"type": "minecraft:loot_table","value": "mgs:i/ak47_1_zoom"}]},
		{"rolls": 1,"entries": [{"type": "minecraft:loot_table","value": "mgs:i/ak47_2_zoom"}]},
		{"rolls": 1,"entries": [{"type": "minecraft:loot_table","value": "mgs:i/ak47_3_zoom"}]},
		{"rolls": 1,"entries": [{"type": "minecraft:loot_table","value": "mgs:i/ak47_4_zoom"}]},
		{"rolls": 1,"entries": [{"type": "minecraft:loot_table","value": "mgs:i/fnfal_zoom"}]},
		{"rolls": 1,"entries": [{"type": "minecraft:loot_table","value": "mgs:i/fnfal_1_zoom"}]},
		{"rolls": 1,"entries": [{"type": "minecraft:loot_table","value": "mgs:i/fnfal_2_zoom"}]},
		{"rolls": 1,"entries": [{"type": "minecraft:loot_table","value": "mgs:i/fnfal_3_zoom"}]},
		{"rolls": 1,"entries": [{"type": "minecraft:loot_table","value": "mgs:i/fnfal_4_zoom"}]},
		{"rolls": 1,"entries": [{"type": "minecraft:loot_table","value": "mgs:i/aug_zoom"}]},
		{"rolls": 1,"entries": [{"type": "minecraft:loot_table","value": "mgs:i/aug_1_zoom"}]},
		{"rolls": 1,"entries": [{"type": "minecraft:loot_table","value": "mgs:i/aug_2_zoom"}]},
		{"rolls": 1,"entries": [{"type": "minecraft:loot_table","value": "mgs:i/aug_3_zoom"}]},
		{"rolls": 1,"entries": [{"type": "minecraft:loot_table","value": "mgs:i/aug_4_zoom"}]},
		{"rolls": 1,"entries": [{"type": "minecraft:loot_table","value": "mgs:i/m4a1_zoom"}]},
		{"rolls": 1,"entries": [{"type": "minecraft:loot_table","value": "mgs:i/m4a1_1_zoom"}]},
		{"rolls": 1,"entries": [{"type": "minecraft:loot_table","value": "mgs:i/m4a1_2_zoom"}]},
		{"rolls": 1,"entries": [{"type": "minecraft:loot_table","value": "mgs:i/m4a1_3_zoom"}]},
		{"rolls": 1,"entries": [{"type": "minecraft:loot_table","value": "mgs:i/m4a1_4_zoom"}]},
		{"rolls": 1,"entries": [{"type": "minecraft:loot_table","value": "mgs:i/g3a3_zoom"}]},
		{"rolls": 1,"entries": [{"type": "minecraft:loot_table","value": "mgs:i/g3a3_1_zoom"}]},
		{"rolls": 1,"entries": [{"type": "minecraft:loot_table","value": "mgs:i/g3a3_2_zoom"}]},
		{"rolls": 1,"entries": [{"type": "minecraft:loot_table","value": "mgs:i/g3a3_3_zoom"}]},
		{"rolls": 1,"entries": [{"type": "minecraft:loot_table","value": "mgs:i/g3a3_4_zoom"}]},
		{"rolls": 1,"entries": [{"type": "minecraft:loot_table","value": "mgs:i/famas_zoom"}]},
		{"rolls": 1,"entries": [{"type": "minecraft:loot_table","value": "mgs:i/famas_1_zoom"}]},
		{"rolls": 1,"entries": [{"type": "minecraft:loot_table","value": "mgs:i/famas_2_zoom"}]},
		{"rolls": 1,"entries": [{"type": "minecraft:loot_table","value": "mgs:i/famas_3_zoom"}]},
		{"rolls": 1,"entries": [{"type": "minecraft:loot_table","value": "mgs:i/famas_4_zoom"}]},
		{"rolls": 1,"entries": [{"type": "minecraft:loot_table","value": "mgs:i/scar17_zoom"}]},
		{"rolls": 1,"entries": [{"type": "minecraft:loot_table","value": "mgs:i/scar17_1_zoom"}]},
		{"rolls": 1,"entries": [{"type": "minecraft:loot_table","value": "mgs:i/scar17_2_zoom"}]},
		{"rolls": 1,"entries": [{"type": "minecraft:loot_table","value": "mgs:i/scar17_3_zoom"}]},
		{"rolls": 1,"entries": [{"type": "minecraft:loot_table","value": "mgs:i/scar17_4_zoom"}]},
		{"rolls": 1,"entries": [{"type": "minecraft:loot_table","value": "mgs:i/m1911_zoom"}]},
		{"rolls": 1,"entries": [{"type": "minecraft:loot_table","value": "mgs:i/m9_zoom"}]},
		{"rolls": 1,"entries": [{"type": "minecraft:loot_table","value": "mgs:i/deagle_zoom"}]},
		{"rolls": 1,"entries": [{"type": "minecraft:loot_table","value": "mgs:i/deagle_4_zoom"}]},
		{"rolls": 1,"entries": [{"type": "minecraft:loot_table","value": "mgs:i/makarov_zoom"}]},
		{"rolls": 1,"entries": [{"type": "minecraft:loot_table","value": "mgs:i/glock17_zoom"}]},
		{"rolls": 1,"entries": [{"type": "minecraft:loot_table","value": "mgs:i/glock18_zoom"}]},
		{"rolls": 1,"entries": [{"type": "minecraft:loot_table","value": "mgs:i/vz61_zoom"}]},
		{"rolls": 1,"entries": [{"type": "minecraft:loot_table","value": "mgs:i/mp5_zoom"}]},
		{"rolls": 1,"entries": [{"type": "minecraft:loot_table","value": "mgs:i/mp5_1_zoom"}]},
		{"rolls": 1,"entries": [{"type": "minecraft:loot_table","value": "mgs:i/mp5_2_zoom"}]},
		{"rolls": 1,"entries": [{"type": "minecraft:loot_table","value": "mgs:i/mp5_3_zoom"}]},
		{"rolls": 1,"entries": [{"type": "minecraft:loot_table","value": "mgs:i/mp5_4_zoom"}]},
		{"rolls": 1,"entries": [{"type": "minecraft:loot_table","value": "mgs:i/mac10_zoom"}]},
		{"rolls": 1,"entries": [{"type": "minecraft:loot_table","value": "mgs:i/mp7_zoom"}]},
		{"rolls": 1,"entries": [{"type": "minecraft:loot_table","value": "mgs:i/mp7_1_zoom"}]},
		{"rolls": 1,"entries": [{"type": "minecraft:loot_table","value": "mgs:i/mp7_2_zoom"}]},
		{"rolls": 1,"entries": [{"type": "minecraft:loot_table","value": "mgs:i/mp7_3_zoom"}]},
		{"rolls": 1,"entries": [{"type": "minecraft:loot_table","value": "mgs:i/mp7_4_zoom"}]},
		{"rolls": 1,"entries": [{"type": "minecraft:loot_table","value": "mgs:i/ppsh41_zoom"}]},
		{"rolls": 1,"entries": [{"type": "minecraft:loot_table","value": "mgs:i/sten_zoom"}]},
		{"rolls": 1,"entries": [{"type": "minecraft:loot_table","value": "mgs:i/spas12_zoom"}]},
		{"rolls": 1,"entries": [{"type": "minecraft:loot_table","value": "mgs:i/spas12_1_zoom"}]},
		{"rolls": 1,"entries": [{"type": "minecraft:loot_table","value": "mgs:i/spas12_2_zoom"}]},
		{"rolls": 1,"entries": [{"type": "minecraft:loot_table","value": "mgs:i/spas12_3_zoom"}]},
		{"rolls": 1,"entries": [{"type": "minecraft:loot_table","value": "mgs:i/m500_zoom"}]},
		{"rolls": 1,"entries": [{"type": "minecraft:loot_table","value": "mgs:i/m500_1_zoom"}]},
		{"rolls": 1,"entries": [{"type": "minecraft:loot_table","value": "mgs:i/m500_2_zoom"}]},
		{"rolls": 1,"entries": [{"type": "minecraft:loot_table","value": "mgs:i/m500_3_zoom"}]},
		{"rolls": 1,"entries": [{"type": "minecraft:loot_table","value": "mgs:i/m590_zoom"}]},
		{"rolls": 1,"entries": [{"type": "minecraft:loot_table","value": "mgs:i/m590_1_zoom"}]},
		{"rolls": 1,"entries": [{"type": "minecraft:loot_table","value": "mgs:i/m590_2_zoom"}]},
		{"rolls": 1,"entries": [{"type": "minecraft:loot_table","value": "mgs:i/m590_3_zoom"}]},
		{"rolls": 1,"entries": [{"type": "minecraft:loot_table","value": "mgs:i/svd_zoom"}]},
		{"rolls": 1,"entries": [{"type": "minecraft:loot_table","value": "mgs:i/svd_1_zoom"}]},
		{"rolls": 1,"entries": [{"type": "minecraft:loot_table","value": "mgs:i/svd_2_zoom"}]},
		{"rolls": 1,"entries": [{"type": "minecraft:loot_table","value": "mgs:i/svd_3_zoom"}]},
		{"rolls": 1,"entries": [{"type": "minecraft:loot_table","value": "mgs:i/svd_4_zoom"}]},
		{"rolls": 1,"entries": [{"type": "minecraft:loot_table","value": "mgs:i/m82_zoom"}]},
		{"rolls": 1,"entries": [{"type": "minecraft:loot_table","value": "mgs:i/m82_1_zoom"}]},
		{"rolls": 1,"entries": [{"type": "minecraft:loot_table","value": "mgs:i/m82_2_zoom"}]},
		{"rolls": 1,"entries": [{"type": "minecraft:loot_table","value": "mgs:i/m82_3_zoom"}]},
		{"rolls": 1,"entries": [{"type": "minecraft:loot_table","value": "mgs:i/m82_4_zoom"}]},
		{"rolls": 1,"entries": [{"type": "minecraft:loot_table","value": "mgs:i/mosin_zoom"}]},
		{"rolls": 1,"entries": [{"type": "minecraft:loot_table","value": "mgs:i/mosin_1_zoom"}]},
		{"rolls": 1,"entries": [{"type": "minecraft:loot_table","value": "mgs:i/m24_zoom"}]},
		{"rolls": 1,"entries": [{"type": "minecraft:loot_table","value": "mgs:i/m24_1_zoom"}]},
		{"rolls": 1,"entries": [{"type": "minecraft:loot_table","value": "mgs:i/m24_2_zoom"}]},
		{"rolls": 1,"entries": [{"type": "minecraft:loot_table","value": "mgs:i/m24_3_zoom"}]},
		{"rolls": 1,"entries": [{"type": "minecraft:loot_table","value": "mgs:i/m24_4_zoom"}]},
		{"rolls": 1,"entries": [{"type": "minecraft:loot_table","value": "mgs:i/rpg7_zoom"}]},
		{"rolls": 1,"entries": [{"type": "minecraft:loot_table","value": "mgs:i/rpg7_empty_zoom"}]},
		{"rolls": 1,"entries": [{"type": "minecraft:loot_table","value": "mgs:i/rpk_zoom"}]},
		{"rolls": 1,"entries": [{"type": "minecraft:loot_table","value": "mgs:i/rpk_1_zoom"}]},
		{"rolls": 1,"entries": [{"type": "minecraft:loot_table","value": "mgs:i/rpk_2_zoom"}]},
		{"rolls": 1,"entries": [{"type": "minecraft:loot_table","value": "mgs:i/rpk_3_zoom"}]},
		{"rolls": 1,"entries": [{"type": "minecraft:loot_table","value": "mgs:i/rpk_4_zoom"}]},
		{"rolls": 1,"entries": [{"type": "minecraft:loot_table","value": "mgs:i/m249_zoom"}]},
		{"rolls": 1,"entries": [{"type": "minecraft:loot_table","value": "mgs:i/m249_1_zoom"}]},
		{"rolls": 1,"entries": [{"type": "minecraft:loot_table","value": "mgs:i/m249_2_zoom"}]},
		{"rolls": 1,"entries": [{"type": "minecraft:loot_table","value": "mgs:i/m249_3_zoom"}]}
	]
}
