{
	"pools": [
		{
			"rolls": 1,
			"entries": [
				{
					"type": "minecraft:item",
					"name": "minecraft:command_block",
					"functions": [
						{
							"function": "minecraft:set_components",
							"components": {
								"minecraft:custom_data": {
									"stoupgun": {"casing": true,"338lapua": true},
									"smithed": {"ignore": {"functionality": true,"crafting": true}}
								},
								"minecraft:item_name": {
									"translate":"stoupgun.338lapua"
								},
								"minecraft:item_model": "stoupgun:338lapua",
								"minecraft:lore": [
									["",{"text":"I","color": "white","italic": false,"font": "stoupgun:icons"},{"translate":"stoupgun","italic": true,"color": "blue"}]
								]
							}
						}
					]
				}
			]
		}
	]
}
