{
	"pools": [
		{
			"rolls": 1,
			"entries": [
				{
					"type": "minecraft:item",
					"name": "minecraft:warped_fungus_on_a_stick",
					"functions": [
						{
							"function": "minecraft:set_components",
							"components": {
								"minecraft:custom_data": {
									"stoupgun": {"gun": true,"stats": {"base_weapon": "ak47","capacity": 30,"reload": 70,"reload_end": 10,"cooldown": 2,"burst": 3,"damage": 15,"decay": 0.99,"acc_base": 150,"acc_sneaky": 20,"acc_walk": 500,"acc_sprint": 1500,"acc_jump": 1800,"switch": 25,"kick": 2,"casing_model": "stoupgun:762x39mm","casing_n": 200,"casing_t": 50,"casing_b": -200,"casing_offset": [-0.35,-0.3,0.7]},"ak47_3": true},
									"smithed": {"ignore": {"functionality": true,"crafting": true}}
								},
								"minecraft:item_model": "stoupgun:ak47_3",
								"minecraft:item_name": {
									"translate":"stoupgun.ak47_3",
									"italic": false,
									"color": "white"
								},
								"minecraft:lore": [
									["",{"text":"I","color": "white","italic": false,"font": "stoupgun:icons"},{"translate":"stoupgun","italic": true,"color": "blue"}]
								]
							}
						}
					]
				}
			]
		}
	]
}
