{
	"ak47/fire": {
		"subtitle": "fire",
		"sounds": ["mgs:ak47/fire"]
	},
	"ak47/playerbegin": {
		"subtitle": "playerbegin",
		"sounds": ["mgs:ak47/playerbegin"]
	},
	"ak47/playerend": {
		"subtitle": "playerend",
		"sounds": ["mgs:ak47/playerend"]
	},
	"ak47/reload": {
		"subtitle": "reload",
		"sounds": ["mgs:ak47/reload"]
	},
	"aug/fire": {
		"subtitle": "fire",
		"sounds": ["mgs:aug/fire"]
	},
	"aug/playerbegin": {
		"subtitle": "playerbegin",
		"sounds": ["mgs:aug/playerbegin"]
	},
	"aug/playerend": {
		"subtitle": "playerend",
		"sounds": ["mgs:aug/playerend"]
	},
	"aug/playermid": {
		"subtitle": "playermid",
		"sounds": ["mgs:aug/playermid"]
	},
	"aug/reload": {
		"subtitle": "reload",
		"sounds": ["mgs:aug/reload"]
	},
	"common/cloth_bullet_impact": {
		"subtitle": "cloth_bullet_impact",
		"sounds": ["mgs:common/cloth_bullet_impact_01","mgs:common/cloth_bullet_impact_02","mgs:common/cloth_bullet_impact_03","mgs:common/cloth_bullet_impact_04"]
	},
	"common/dirt_bullet_impact": {
		"subtitle": "dirt_bullet_impact",
		"sounds": ["mgs:common/dirt_bullet_impact_01","mgs:common/dirt_bullet_impact_02","mgs:common/dirt_bullet_impact_03"]
	},
	"common/empty": {
		"subtitle": "empty",
		"sounds": ["mgs:common/empty"]
	},
	"common/explode_far": {
		"subtitle": "explode_far",
		"sounds": ["mgs:common/explode_far0","mgs:common/explode_far1","mgs:common/explode_far2","mgs:common/explode_far3"]
	},
	"common/fireselect": {
		"subtitle": "fireselect",
		"sounds": ["mgs:common/fireselect"]
	},
	"common/flyby": {
		"subtitle": "flyby",
		"sounds": ["mgs:common/flyby01","mgs:common/flyby02","mgs:common/flyby03","mgs:common/flyby04","mgs:common/flyby05"]
	},
	"common/large_crack_0_distant": {
		"subtitle": "large_crack_0_distant",
		"sounds": ["mgs:common/large_crack_0_distant"]
	},
	"common/large_crack_1_far": {
		"subtitle": "large_crack_1_far",
		"sounds": ["mgs:common/large_crack_1_far"]
	},
	"common/large_crack_2_midrange": {
		"subtitle": "large_crack_2_midrange",
		"sounds": ["mgs:common/large_crack_2_midrange"]
	},
	"common/large_crack_3_near": {
		"subtitle": "large_crack_3_near",
		"sounds": ["mgs:common/large_crack_3_near"]
	},
	"common/large_crack_4_closest": {
		"subtitle": "large_crack_4_closest",
		"sounds": ["mgs:common/large_crack_4_closest"]
	},
	"common/large_crack_5_water": {
		"subtitle": "large_crack_5_water",
		"sounds": ["mgs:common/large_crack_5_water"]
	},
	"common/largest_crack_0_distant": {
		"subtitle": "largest_crack_0_distant",
		"sounds": ["mgs:common/largest_crack_0_distant"]
	},
	"common/largest_crack_1_far": {
		"subtitle": "largest_crack_1_far",
		"sounds": ["mgs:common/largest_crack_1_far"]
	},
	"common/largest_crack_2_midrange": {
		"subtitle": "largest_crack_2_midrange",
		"sounds": ["mgs:common/largest_crack_2_midrange"]
	},
	"common/largest_crack_3_near": {
		"subtitle": "largest_crack_3_near",
		"sounds": ["mgs:common/largest_crack_3_near"]
	},
	"common/largest_crack_4_closest": {
		"subtitle": "largest_crack_4_closest",
		"sounds": ["mgs:common/largest_crack_4_closest"]
	},
	"common/largest_crack_5_water": {
		"subtitle": "largest_crack_5_water",
		"sounds": ["mgs:common/largest_crack_5_water"]
	},
	"common/lean_in": {
		"subtitle": "lean_in",
		"sounds": ["mgs:common/lean_in1","mgs:common/lean_in2","mgs:common/lean_in3","mgs:common/lean_in4"]
	},
	"common/lean_out": {
		"subtitle": "lean_out",
		"sounds": ["mgs:common/lean_out"]
	},
	"common/medium_crack_0_distant": {
		"subtitle": "medium_crack_0_distant",
		"sounds": ["mgs:common/medium_crack_0_distant"]
	},
	"common/medium_crack_1_far": {
		"subtitle": "medium_crack_1_far",
		"sounds": ["mgs:common/medium_crack_1_far"]
	},
	"common/medium_crack_2_midrange": {
		"subtitle": "medium_crack_2_midrange",
		"sounds": ["mgs:common/medium_crack_2_midrange"]
	},
	"common/medium_crack_3_near": {
		"subtitle": "medium_crack_3_near",
		"sounds": ["mgs:common/medium_crack_3_near"]
	},
	"common/medium_crack_4_closest": {
		"subtitle": "medium_crack_4_closest",
		"sounds": ["mgs:common/medium_crack_4_closest"]
	},
	"common/medium_crack_5_water": {
		"subtitle": "medium_crack_5_water",
		"sounds": ["mgs:common/medium_crack_5_water"]
	},
	"common/mud_bullet_impact": {
		"subtitle": "mud_bullet_impact",
		"sounds": ["mgs:common/mud_bullet_impact_01","mgs:common/mud_bullet_impact_02","mgs:common/mud_bullet_impact_03","mgs:common/mud_bullet_impact_04"]
	},
	"common/reload_generic": {
		"subtitle": "reload_generic",
		"sounds": ["mgs:common/reload_generic"]
	},
	"common/rocket_crack_mono": {
		"subtitle": "rocket_crack_mono",
		"sounds": ["mgs:common/rocket_crack_mono"]
	},
	"common/rocket_crack_stereo": {
		"subtitle": "rocket_crack_stereo",
		"sounds": ["mgs:common/rocket_crack_stereo"]
	},
	"common/rocket_flyby": {
		"subtitle": "rocket_flyby",
		"sounds": ["mgs:common/rocket_flyby01","mgs:common/rocket_flyby02"]
	},
	"common/silence": {
		"subtitle": "silence",
		"sounds": ["mgs:common/silence"]
	},
	"common/small_crack_0_distant": {
		"subtitle": "small_crack_0_distant",
		"sounds": ["mgs:common/small_crack_0_distant"]
	},
	"common/small_crack_1_far": {
		"subtitle": "small_crack_1_far",
		"sounds": ["mgs:common/small_crack_1_far"]
	},
	"common/small_crack_2_midrange": {
		"subtitle": "small_crack_2_midrange",
		"sounds": ["mgs:common/small_crack_2_midrange"]
	},
	"common/small_crack_3_near": {
		"subtitle": "small_crack_3_near",
		"sounds": ["mgs:common/small_crack_3_near"]
	},
	"common/small_crack_4_closest": {
		"subtitle": "small_crack_4_closest",
		"sounds": ["mgs:common/small_crack_4_closest"]
	},
	"common/small_crack_5_water": {
		"subtitle": "small_crack_5_water",
		"sounds": ["mgs:common/small_crack_5_water"]
	},
	"common/soft_bullet_impact": {
		"subtitle": "soft_bullet_impact",
		"sounds": ["mgs:common/soft_bullet_impact_01","mgs:common/soft_bullet_impact_02","mgs:common/soft_bullet_impact_03","mgs:common/soft_bullet_impact_04","mgs:common/soft_bullet_impact_05"]
	},
	"common/solid_bullet_impact": {
		"subtitle": "solid_bullet_impact",
		"sounds": ["mgs:common/solid_bullet_impact_01","mgs:common/solid_bullet_impact_02","mgs:common/solid_bullet_impact_03","mgs:common/solid_bullet_impact_04","mgs:common/solid_bullet_impact_05"]
	},
	"common/tiny_crack_0_distant": {
		"subtitle": "tiny_crack_0_distant",
		"sounds": ["mgs:common/tiny_crack_0_distant"]
	},
	"common/tiny_crack_1_far": {
		"subtitle": "tiny_crack_1_far",
		"sounds": ["mgs:common/tiny_crack_1_far"]
	},
	"common/tiny_crack_2_midrange": {
		"subtitle": "tiny_crack_2_midrange",
		"sounds": ["mgs:common/tiny_crack_2_midrange"]
	},
	"common/tiny_crack_3_near": {
		"subtitle": "tiny_crack_3_near",
		"sounds": ["mgs:common/tiny_crack_3_near"]
	},
	"common/tiny_crack_4_closest": {
		"subtitle": "tiny_crack_4_closest",
		"sounds": ["mgs:common/tiny_crack_4_closest"]
	},
	"common/tiny_crack_5_water": {
		"subtitle": "tiny_crack_5_water",
		"sounds": ["mgs:common/tiny_crack_5_water"]
	},
	"common/wood_bullet_impact": {
		"subtitle": "wood_bullet_impact",
		"sounds": ["mgs:common/wood_bullet_impact_01","mgs:common/wood_bullet_impact_02","mgs:common/wood_bullet_impact_03","mgs:common/wood_bullet_impact_04"]
	},
	"deagle/fire": {
		"subtitle": "fire",
		"sounds": ["mgs:deagle/fire"]
	},
	"deagle/playerbegin": {
		"subtitle": "playerbegin",
		"sounds": ["mgs:deagle/playerbegin"]
	},
	"deagle/playerend": {
		"subtitle": "playerend",
		"sounds": ["mgs:deagle/playerend"]
	},
	"deagle/reload": {
		"subtitle": "reload",
		"sounds": ["mgs:deagle/reload"]
	},
	"famas/fire": {
		"subtitle": "fire",
		"sounds": ["mgs:famas/fire"]
	},
	"famas/playerbegin": {
		"subtitle": "playerbegin",
		"sounds": ["mgs:famas/playerbegin"]
	},
	"famas/playerend": {
		"subtitle": "playerend",
		"sounds": ["mgs:famas/playerend"]
	},
	"famas/playermid": {
		"subtitle": "playermid",
		"sounds": ["mgs:famas/playermid"]
	},
	"famas/reload": {
		"subtitle": "reload",
		"sounds": ["mgs:famas/reload"]
	},
	"fnfal/fire": {
		"subtitle": "fire",
		"sounds": ["mgs:fnfal/fire"]
	},
	"fnfal/playerbegin": {
		"subtitle": "playerbegin",
		"sounds": ["mgs:fnfal/playerbegin"]
	},
	"fnfal/playerend": {
		"subtitle": "playerend",
		"sounds": ["mgs:fnfal/playerend"]
	},
	"fnfal/reload": {
		"subtitle": "reload",
		"sounds": ["mgs:fnfal/reload"]
	},
	"g3a3/fire": {
		"subtitle": "fire",
		"sounds": ["mgs:g3a3/fire"]
	},
	"g3a3/playerbegin": {
		"subtitle": "playerbegin",
		"sounds": ["mgs:g3a3/playerbegin"]
	},
	"g3a3/playerend": {
		"subtitle": "playerend",
		"sounds": ["mgs:g3a3/playerend"]
	},
	"g3a3/reload": {
		"subtitle": "reload",
		"sounds": ["mgs:g3a3/reload"]
	},
	"glock17/fire": {
		"subtitle": "fire",
		"sounds": ["mgs:glock17/fire"]
	},
	"glock17/playerbegin": {
		"subtitle": "playerbegin",
		"sounds": ["mgs:glock17/playerbegin"]
	},
	"glock17/playerend": {
		"subtitle": "playerend",
		"sounds": ["mgs:glock17/playerend"]
	},
	"glock17/reload": {
		"subtitle": "reload",
		"sounds": ["mgs:glock17/reload"]
	},
	"glock18/fire": {
		"subtitle": "fire",
		"sounds": ["mgs:glock18/fire"]
	},
	"glock18/playerbegin": {
		"subtitle": "playerbegin",
		"sounds": ["mgs:glock18/playerbegin"]
	},
	"glock18/playerend": {
		"subtitle": "playerend",
		"sounds": ["mgs:glock18/playerend"]
	},
	"glock18/reload": {
		"subtitle": "reload",
		"sounds": ["mgs:glock18/reload"]
	},
	"m16a4/fire": {
		"subtitle": "fire",
		"sounds": ["mgs:m16a4/fire"]
	},
	"m16a4/playerbegin": {
		"subtitle": "playerbegin",
		"sounds": ["mgs:m16a4/playerbegin"]
	},
	"m16a4/playerend": {
		"subtitle": "playerend",
		"sounds": ["mgs:m16a4/playerend"]
	},
	"m16a4/reload": {
		"subtitle": "reload",
		"sounds": ["mgs:m16a4/reload"]
	},
	"m1911/fire": {
		"subtitle": "fire",
		"sounds": ["mgs:m1911/fire"]
	},
	"m1911/playerbegin": {
		"subtitle": "playerbegin",
		"sounds": ["mgs:m1911/playerbegin"]
	},
	"m1911/playerend": {
		"subtitle": "playerend",
		"sounds": ["mgs:m1911/playerend"]
	},
	"m1911/reload": {
		"subtitle": "reload",
		"sounds": ["mgs:m1911/reload"]
	},
	"m24/cycle": {
		"subtitle": "cycle",
		"sounds": ["mgs:m24/cycle"]
	},
	"m24/fire": {
		"subtitle": "fire",
		"sounds": ["mgs:m24/fire"]
	},
	"m24/playerbegin": {
		"subtitle": "playerbegin",
		"sounds": ["mgs:m24/playerbegin"]
	},
	"m24/playerend": {
		"subtitle": "playerend",
		"sounds": ["mgs:m24/playerend"]
	},
	"m24/reload": {
		"subtitle": "reload",
		"sounds": ["mgs:m24/reload1","mgs:m24/reload2","mgs:m24/reload3","mgs:m24/reload4"]
	},
	"m249/fire": {
		"subtitle": "fire",
		"sounds": ["mgs:m249/fire"]
	},
	"m249/playerbegin": {
		"subtitle": "playerbegin",
		"sounds": ["mgs:m249/playerbegin"]
	},
	"m249/playerend": {
		"subtitle": "playerend",
		"sounds": ["mgs:m249/playerend"]
	},
	"m249/playermid": {
		"subtitle": "playermid",
		"sounds": ["mgs:m249/playermid"]
	},
	"m249/reload": {
		"subtitle": "reload",
		"sounds": ["mgs:m249/reload"]
	},
	"m4a1/fire": {
		"subtitle": "fire",
		"sounds": ["mgs:m4a1/fire"]
	},
	"m4a1/playerbegin": {
		"subtitle": "playerbegin",
		"sounds": ["mgs:m4a1/playerbegin"]
	},
	"m4a1/playerend": {
		"subtitle": "playerend",
		"sounds": ["mgs:m4a1/playerend"]
	},
	"m4a1/reload": {
		"subtitle": "reload",
		"sounds": ["mgs:m4a1/reload"]
	},
	"m500/fire": {
		"subtitle": "fire",
		"sounds": ["mgs:m500/fire"]
	},
	"m500/pump": {
		"subtitle": "pump",
		"sounds": ["mgs:m500/pump"]
	},
	"m500/reload": {
		"subtitle": "reload",
		"sounds": ["mgs:m500/reload1","mgs:m500/reload2","mgs:m500/reload3"]
	},
	"m590/fire": {
		"subtitle": "fire",
		"sounds": ["mgs:m590/fire"]
	},
	"m590/pump": {
		"subtitle": "pump",
		"sounds": ["mgs:m590/pump"]
	},
	"m590/reload": {
		"subtitle": "reload",
		"sounds": ["mgs:m590/reload1","mgs:m590/reload2","mgs:m590/reload3"]
	},
	"m82/fire": {
		"subtitle": "fire",
		"sounds": ["mgs:m82/fire"]
	},
	"m82/playerbegin": {
		"subtitle": "playerbegin",
		"sounds": ["mgs:m82/playerbegin"]
	},
	"m82/playerend": {
		"subtitle": "playerend",
		"sounds": ["mgs:m82/playerend"]
	},
	"m82/playermid": {
		"subtitle": "playermid",
		"sounds": ["mgs:m82/playermid"]
	},
	"m82/reload": {
		"subtitle": "reload",
		"sounds": ["mgs:m82/reload"]
	},
	"m9/fire": {
		"subtitle": "fire",
		"sounds": ["mgs:m9/fire"]
	},
	"m9/playerbegin": {
		"subtitle": "playerbegin",
		"sounds": ["mgs:m9/playerbegin"]
	},
	"m9/playerend": {
		"subtitle": "playerend",
		"sounds": ["mgs:m9/playerend"]
	},
	"m9/reload": {
		"subtitle": "reload",
		"sounds": ["mgs:m9/reload"]
	},
	"mac10/fire": {
		"subtitle": "fire",
		"sounds": ["mgs:mac10/fire"]
	},
	"mac10/playerbegin": {
		"subtitle": "playerbegin",
		"sounds": ["mgs:mac10/playerbegin"]
	},
	"mac10/playerend": {
		"subtitle": "playerend",
		"sounds": ["mgs:mac10/playerend"]
	},
	"mac10/playermid": {
		"subtitle": "playermid",
		"sounds": ["mgs:mac10/playermid"]
	},
	"mac10/reload": {
		"subtitle": "reload",
		"sounds": ["mgs:mac10/reload"]
	},
	"makarov/fire": {
		"subtitle": "fire",
		"sounds": ["mgs:makarov/fire"]
	},
	"makarov/playerbegin": {
		"subtitle": "playerbegin",
		"sounds": ["mgs:makarov/playerbegin"]
	},
	"makarov/playerend": {
		"subtitle": "playerend",
		"sounds": ["mgs:makarov/playerend"]
	},
	"makarov/reload": {
		"subtitle": "reload",
		"sounds": ["mgs:makarov/reload"]
	},
	"mosin/cycle": {
		"subtitle": "cycle",
		"sounds": ["mgs:mosin/cycle"]
	},
	"mosin/fire": {
		"subtitle": "fire",
		"sounds": ["mgs:mosin/fire"]
	},
	"mosin/playerbegin": {
		"subtitle": "playerbegin",
		"sounds": ["mgs:mosin/playerbegin"]
	},
	"mosin/playerend": {
		"subtitle": "playerend",
		"sounds": ["mgs:mosin/playerend"]
	},
	"mosin/reload": {
		"subtitle": "reload",
		"sounds": ["mgs:mosin/reload1","mgs:mosin/reload2","mgs:mosin/reload3","mgs:mosin/reload4"]
	},
	"mp5/fire": {
		"subtitle": "fire",
		"sounds": ["mgs:mp5/fire"]
	},
	"mp5/playerbegin": {
		"subtitle": "playerbegin",
		"sounds": ["mgs:mp5/playerbegin"]
	},
	"mp5/playerend": {
		"subtitle": "playerend",
		"sounds": ["mgs:mp5/playerend"]
	},
	"mp5/playermid": {
		"subtitle": "playermid",
		"sounds": ["mgs:mp5/playermid"]
	},
	"mp5/reload": {
		"subtitle": "reload",
		"sounds": ["mgs:mp5/reload"]
	},
	"mp7/fire": {
		"subtitle": "fire",
		"sounds": ["mgs:mp7/fire"]
	},
	"mp7/playerbegin": {
		"subtitle": "playerbegin",
		"sounds": ["mgs:mp7/playerbegin"]
	},
	"mp7/playerend": {
		"subtitle": "playerend",
		"sounds": ["mgs:mp7/playerend"]
	},
	"mp7/reload": {
		"subtitle": "reload",
		"sounds": ["mgs:mp7/reload"]
	},
	"ppsh41/fire": {
		"subtitle": "fire",
		"sounds": ["mgs:ppsh41/fire"]
	},
	"ppsh41/playerbegin": {
		"subtitle": "playerbegin",
		"sounds": ["mgs:ppsh41/playerbegin"]
	},
	"ppsh41/playerend": {
		"subtitle": "playerend",
		"sounds": ["mgs:ppsh41/playerend"]
	},
	"ppsh41/playermid": {
		"subtitle": "playermid",
		"sounds": ["mgs:ppsh41/playermid"]
	},
	"ppsh41/reload": {
		"subtitle": "reload",
		"sounds": ["mgs:ppsh41/reload"]
	},
	"rpg7/fire": {
		"subtitle": "fire",
		"sounds": ["mgs:rpg7/fire0","mgs:rpg7/fire1"]
	},
	"rpg7/handling/rpg7_endgrab": {
		"subtitle": "rpg7_endgrab",
		"sounds": ["mgs:rpg7/handling/rpg7_endgrab"]
	},
	"rpg7/handling/rpg7_fetch": {
		"subtitle": "rpg7_fetch",
		"sounds": ["mgs:rpg7/handling/rpg7_fetch"]
	},
	"rpg7/handling/rpg7_load": {
		"subtitle": "rpg7_load",
		"sounds": ["mgs:rpg7/handling/rpg7_load1","mgs:rpg7/handling/rpg7_load2"]
	},
	"rpg7/playerbegin": {
		"subtitle": "playerbegin",
		"sounds": ["mgs:rpg7/playerbegin"]
	},
	"rpg7/playerend": {
		"subtitle": "playerend",
		"sounds": ["mgs:rpg7/playerend"]
	},
	"rpg7/reload": {
		"subtitle": "reload",
		"sounds": ["mgs:rpg7/reload"]
	},
	"rpk/fire": {
		"subtitle": "fire",
		"sounds": ["mgs:rpk/fire"]
	},
	"rpk/playerbegin": {
		"subtitle": "playerbegin",
		"sounds": ["mgs:rpk/playerbegin"]
	},
	"rpk/playerend": {
		"subtitle": "playerend",
		"sounds": ["mgs:rpk/playerend"]
	},
	"rpk/playermid": {
		"subtitle": "playermid",
		"sounds": ["mgs:rpk/playermid"]
	},
	"rpk/reload": {
		"subtitle": "reload",
		"sounds": ["mgs:rpk/reload"]
	},
	"scar17/fire": {
		"subtitle": "fire",
		"sounds": ["mgs:scar17/fire"]
	},
	"scar17/playerbegin": {
		"subtitle": "playerbegin",
		"sounds": ["mgs:scar17/playerbegin"]
	},
	"scar17/playerend": {
		"subtitle": "playerend",
		"sounds": ["mgs:scar17/playerend"]
	},
	"scar17/reload": {
		"subtitle": "reload",
		"sounds": ["mgs:scar17/reload"]
	},
	"spas12/fire": {
		"subtitle": "fire",
		"sounds": ["mgs:spas12/fire"]
	},
	"spas12/fire_s": {
		"subtitle": "fire_s",
		"sounds": ["mgs:spas12/fire_s"]
	},
	"spas12/pump": {
		"subtitle": "pump",
		"sounds": ["mgs:spas12/pump"]
	},
	"spas12/reload": {
		"subtitle": "reload",
		"sounds": ["mgs:spas12/reload1","mgs:spas12/reload2","mgs:spas12/reload3"]
	},
	"sten/fire": {
		"subtitle": "fire",
		"sounds": ["mgs:sten/fire"]
	},
	"sten/playerbegin": {
		"subtitle": "playerbegin",
		"sounds": ["mgs:sten/playerbegin"]
	},
	"sten/playerend": {
		"subtitle": "playerend",
		"sounds": ["mgs:sten/playerend"]
	},
	"sten/playermid": {
		"subtitle": "playermid",
		"sounds": ["mgs:sten/playermid"]
	},
	"sten/reload": {
		"subtitle": "reload",
		"sounds": ["mgs:sten/reload"]
	},
	"svd/fire": {
		"subtitle": "fire",
		"sounds": ["mgs:svd/fire"]
	},
	"svd/playerbegin": {
		"subtitle": "playerbegin",
		"sounds": ["mgs:svd/playerbegin"]
	},
	"svd/playerend": {
		"subtitle": "playerend",
		"sounds": ["mgs:svd/playerend"]
	},
	"svd/playermid": {
		"subtitle": "playermid",
		"sounds": ["mgs:svd/playermid"]
	},
	"svd/reload": {
		"subtitle": "reload",
		"sounds": ["mgs:svd/reload"]
	},
	"vz61/fire": {
		"subtitle": "fire",
		"sounds": ["mgs:vz61/fire"]
	},
	"vz61/playerbegin": {
		"subtitle": "playerbegin",
		"sounds": ["mgs:vz61/playerbegin"]
	},
	"vz61/playerend": {
		"subtitle": "playerend",
		"sounds": ["mgs:vz61/playerend"]
	},
	"vz61/reload": {
		"subtitle": "reload",
		"sounds": ["mgs:vz61/reload"]
	}
}
